RowId,query-id,corpus-id,score
1,7b901e88e8a4afcc4c60c52833820156525f4aed,6f61d15a31d6d051aeee3bf6d1482d332e68ebfe,0.5826613306999207
2,7b901e88e8a4afcc4c60c52833820156525f4aed,68e4e5b7c1b862ba5d0cfe046f2e84c6a8c3c394,0.578038215637207
3,7b901e88e8a4afcc4c60c52833820156525f4aed,63a010c69f00e65c946a68b546bbd42cbed03564,0.5631396770477295
4,7b901e88e8a4afcc4c60c52833820156525f4aed,36b3865f944c74c6d782c26dfe7be04ef9664a67,0.45822209119796753
5,7b901e88e8a4afcc4c60c52833820156525f4aed,4547045fecfb303140adafde3384ab5b1d70dd7c,0.4583977460861206
6,7b901e88e8a4afcc4c60c52833820156525f4aed,3b9fa975934eea1a6e40bba095ebd3c64a14c96d,0.37539106607437134
7,7b901e88e8a4afcc4c60c52833820156525f4aed,bfa2b3203618c7639fa2b568842515deada35695,0.2586508095264435
8,7b901e88e8a4afcc4c60c52833820156525f4aed,da013b84a93cc89d78f2d9a346fc275e3c159565,0.15963511168956757
9,7b901e88e8a4afcc4c60c52833820156525f4aed,79aec2093b2a1b0197e7d145b5cf86abc70fee3e,0.1626392900943756
10,7b901e88e8a4afcc4c60c52833820156525f4aed,e406f1648c3ce88c2d6e6152e67105e92af76f31,0.14935675263404846
11,7b901e88e8a4afcc4c60c52833820156525f4aed,7a28c571c423c023226b87fe3a106622a0b3ff42,0.17312505841255188
12,7b901e88e8a4afcc4c60c52833820156525f4aed,8b0a1c36c6c775265c0cb023aca6a71d3e830fd7,0.1476418673992157
13,7b901e88e8a4afcc4c60c52833820156525f4aed,b2fa2d6de9c2d5a5edbf36edcb8871bec0d1604c,0.15892872214317322
14,7b901e88e8a4afcc4c60c52833820156525f4aed,6e61af5ed38439b722d7f8e92a1ddb32430a2ee4,0.12636131048202515
15,7b901e88e8a4afcc4c60c52833820156525f4aed,dfea6f486865d92778f19fc02916087f8f7a80d6,0.12399373948574066
16,7b901e88e8a4afcc4c60c52833820156525f4aed,05bcd2f5d1833ac354de01341d73e42203a5b6c0,0.08812446147203445
17,7b901e88e8a4afcc4c60c52833820156525f4aed,49830f605c316fec8e9e365e7e64adeea47e89d8,0.12599721550941467
18,7b901e88e8a4afcc4c60c52833820156525f4aed,f2658276de21a45d4186e739c8170fd44ffd6431,0.10502950102090836
19,7b901e88e8a4afcc4c60c52833820156525f4aed,4b9cb3ed58f5c6752605ff87f609496a1d41cfb3,0.041022613644599915
20,7b901e88e8a4afcc4c60c52833820156525f4aed,fb9b8bbc6bd2f50252fc2556ff0e096d5b6fc1f1,0.03603589907288551
21,7b901e88e8a4afcc4c60c52833820156525f4aed,c5398cca4c6d5342b3e1568b08deddea57a9ab4f,0.020799949765205383
22,7b901e88e8a4afcc4c60c52833820156525f4aed,a5253ea59d0e41b1841e0a65354404c53047edb9,0.025984052568674088
23,7b901e88e8a4afcc4c60c52833820156525f4aed,26afb306b0f3b6347382dc33efdd0f8dd4d6ea73,0.0003720172680914402
24,7b901e88e8a4afcc4c60c52833820156525f4aed,ebf3b172f640b6e4f565ae72247c91825d4fa527,-0.03334270417690277
25,7b901e88e8a4afcc4c60c52833820156525f4aed,5c6ef8c44dc84d6e47600adf4459a777e9a2b46a,-0.028072308748960495
26,7b901e88e8a4afcc4c60c52833820156525f4aed,9956f1e667b61ebdec55abd32c41686a0dc34335,-0.07437719404697418
27,7b901e88e8a4afcc4c60c52833820156525f4aed,8ea66cc19826d09873d858a39f3cfbf601b093e9,-0.08990126848220825
28,7b901e88e8a4afcc4c60c52833820156525f4aed,60e0cc24c7801193bab359211b74f20737486620,-0.08151906728744507
29,7b901e88e8a4afcc4c60c52833820156525f4aed,f041ee98d75fbea648609b5ac6d303be9b6ccff7,-0.09699553996324539
30,7b901e88e8a4afcc4c60c52833820156525f4aed,4405774b3e9a804af16214fd7574864f511b8460,-0.09920003265142441
31,8aba3628ad8c9cec11b2b518a96b883bda8b3cbb,db884813d6d764aea836c44f46604128735bffe0,0.6514281034469604
32,8aba3628ad8c9cec11b2b518a96b883bda8b3cbb,47fdb5ec9522019ef7e580d59c262b3dc9519b26,0.7302913665771484
33,8aba3628ad8c9cec11b2b518a96b883bda8b3cbb,14fae9835ae65adfdc434b7b7e761487e7a9548f,0.6574203968048096
34,8aba3628ad8c9cec11b2b518a96b883bda8b3cbb,68218edaf08484871258387e95161a3ce0e6fe67,0.39218175411224365
35,8aba3628ad8c9cec11b2b518a96b883bda8b3cbb,0e5c8094d3da52340b58761d441eb809ff96743f,0.3487445116043091
36,8aba3628ad8c9cec11b2b518a96b883bda8b3cbb,e73ee8174589e9326d3b36484f1b95685cb1ca42,0.25863945484161377
37,8aba3628ad8c9cec11b2b518a96b883bda8b3cbb,37fdf57456a1b1bd5e7f0c88c0ad79f29c962a8d,0.10207545757293701
38,8aba3628ad8c9cec11b2b518a96b883bda8b3cbb,c5bc433fed9c286540c4cc3bd7cca3114f223f57,0.07602241635322571
39,8aba3628ad8c9cec11b2b518a96b883bda8b3cbb,e50812a804c7b1e29e18adcf32cf3d314bde2457,0.012290870770812035
40,8aba3628ad8c9cec11b2b518a96b883bda8b3cbb,b6a60a687bb9819b5fe781f704fb4b0d69a62a41,0.01504712924361229
41,8aba3628ad8c9cec11b2b518a96b883bda8b3cbb,06fd86110dbcdc37f298ac5f35c5cb9ccdb1ac08,-0.022764548659324646
42,8aba3628ad8c9cec11b2b518a96b883bda8b3cbb,6cd5c87d4877f1a5a71719fcffd7c50ba343ec48,-0.02937815710902214
43,8aba3628ad8c9cec11b2b518a96b883bda8b3cbb,7284cc6bada61d9233eb96c8b62362a46b220ad1,-0.013189113698899746
44,8aba3628ad8c9cec11b2b518a96b883bda8b3cbb,c42f2784547626040b00d96e1f0f08166a184e89,-0.01811000145971775
45,8aba3628ad8c9cec11b2b518a96b883bda8b3cbb,9ca545e205d5da6fe668774ce9e4bc5be280fbab,0.0010209009051322937
46,8aba3628ad8c9cec11b2b518a96b883bda8b3cbb,7ab45f9ef1f30442f19ce474ec036a1cee0fdded,-0.040414974093437195
47,8aba3628ad8c9cec11b2b518a96b883bda8b3cbb,e3ccd78eae121ffed6a6d9294901db03704df2e5,-0.04642774164676666
48,8aba3628ad8c9cec11b2b518a96b883bda8b3cbb,38749ebf3f3df0cb7ecc8d6ac9b174ec5b6b73a1,-0.03451504930853844
49,8aba3628ad8c9cec11b2b518a96b883bda8b3cbb,86a1ef1a1a0a51de957d9241306a02df9d99e6bd,-0.08739349246025085
50,8aba3628ad8c9cec11b2b518a96b883bda8b3cbb,6a9d28f382eeaabfe878eaafce1f711c36a69843,-0.03888457268476486
51,8aba3628ad8c9cec11b2b518a96b883bda8b3cbb,84f7b7be76bc9f34e6ed9ee15defafaeb85ec419,-0.05082932114601135
52,8aba3628ad8c9cec11b2b518a96b883bda8b3cbb,afb772d0361d6ca85b78ba166b960317b9a87943,-0.10170815885066986
53,8aba3628ad8c9cec11b2b518a96b883bda8b3cbb,e7c6da7b1a9b772a3af02a82aa6e670f23f5dad1,-0.07166080176830292
54,8aba3628ad8c9cec11b2b518a96b883bda8b3cbb,491bf29f83d63b2a719b03f940e32af6df6990d4,-0.06287246197462082
55,8aba3628ad8c9cec11b2b518a96b883bda8b3cbb,81cb29ece650d391e61cf0c05096c6a14b87ee52,-0.06514568626880646
56,8aba3628ad8c9cec11b2b518a96b883bda8b3cbb,546aa62efd9639006053b9ed46bca3b7925c7305,-0.10978667438030243
57,8aba3628ad8c9cec11b2b518a96b883bda8b3cbb,6af1752e2d00000944f630f745d7febba59079cb,-0.10209344327449799
58,8aba3628ad8c9cec11b2b518a96b883bda8b3cbb,a6069e65c318f07d2b35934b0d4109148f190342,-0.10347898304462433
59,8aba3628ad8c9cec11b2b518a96b883bda8b3cbb,9cd20a7f06d959342c758aa6ab8c09bb22dfb3e6,-0.0984422117471695
60,8aba3628ad8c9cec11b2b518a96b883bda8b3cbb,2b1a9f7b70cedd9a2fa23f33c65b944834878201,-0.08473218977451324
61,39d428fd8c6b73ed070921a856f03c2c5b5377ba,627e173dedf1282988d4f6436456c10a566a720e,0.632154107093811
62,39d428fd8c6b73ed070921a856f03c2c5b5377ba,2b4b941b1d003cd6357aff531c298847824495ae,0.6648987531661987
63,39d428fd8c6b73ed070921a856f03c2c5b5377ba,35dad46ad81a94453705a1a67a6d67e467ed61e3,0.5460653901100159
64,39d428fd8c6b73ed070921a856f03c2c5b5377ba,375d7b8a70277d5d7b5e0cc999b03ba395c42901,0.4905691146850586
65,39d428fd8c6b73ed070921a856f03c2c5b5377ba,ece8c51bbb060061148e7361b93c47faa21a692f,0.5974776744842529
66,39d428fd8c6b73ed070921a856f03c2c5b5377ba,487a5d756e29f24e737cfad8872d4fae5f072817,0.3804594874382019
67,39d428fd8c6b73ed070921a856f03c2c5b5377ba,3609c92bbcad4eaa6e239112fc2cadbf87bb3c33,0.23642398416996002
68,39d428fd8c6b73ed070921a856f03c2c5b5377ba,ef48b1a5eece2c88826cf4de9ec9d42c63151605,0.11434829980134964
69,39d428fd8c6b73ed070921a856f03c2c5b5377ba,041326c202655cd60df276bf7a148f2ecddfc479,0.1655234694480896
70,39d428fd8c6b73ed070921a856f03c2c5b5377ba,1eab69b7a85f87eb265945bebddd6ac0e1e08be3,0.18954268097877502
71,39d428fd8c6b73ed070921a856f03c2c5b5377ba,be637e78493c50e2e37e9ad46e24dfaf532c9ff9,0.18310314416885376
72,39d428fd8c6b73ed070921a856f03c2c5b5377ba,505345cc9de5388ef553c4d7f90b6136b3f4e520,0.10062152147293091
73,39d428fd8c6b73ed070921a856f03c2c5b5377ba,fc1655df6da906c66ff2a70d122e078137e29e71,0.12361685186624527
74,39d428fd8c6b73ed070921a856f03c2c5b5377ba,2728ccae8ee19aef2f6e2af106f401b5c251811a,0.019476410001516342
75,39d428fd8c6b73ed070921a856f03c2c5b5377ba,05ba00812bbbe15be83418df6657f74edf76f727,0.030774245038628578
76,39d428fd8c6b73ed070921a856f03c2c5b5377ba,f047967b223e3ea65e84a4cad9c04560f9b98cb0,0.0258751530200243
77,39d428fd8c6b73ed070921a856f03c2c5b5377ba,d99b2aaac602455f8dafef725ea59298cd7d5871,0.03581085056066513
78,39d428fd8c6b73ed070921a856f03c2c5b5377ba,08e09151bd3a2e3a1c4ca0b8450dded420b01452,0.05075317248702049
79,39d428fd8c6b73ed070921a856f03c2c5b5377ba,84bcb3e72aee77d69e7cadbf43b3d6026fb6f8f7,0.004573924466967583
80,39d428fd8c6b73ed070921a856f03c2c5b5377ba,8a4d04379b8c232a9440df867c8c75f8e6ff6622,-0.005712378770112991
81,39d428fd8c6b73ed070921a856f03c2c5b5377ba,b06c47f69e733f12d57752f443a8d62bc3faf7fc,-0.014258071780204773
82,39d428fd8c6b73ed070921a856f03c2c5b5377ba,c25689ba6e1fc6fde50a86d2956c8f5837d009a6,-0.00030052848160266876
83,39d428fd8c6b73ed070921a856f03c2c5b5377ba,c956b29a133673c32586c7736d12c606f2d59a21,0.02164497599005699
84,39d428fd8c6b73ed070921a856f03c2c5b5377ba,9bebe8bfbe4e1e0f449f7478b0afce899d4ddbc7,0.009791672229766846
85,39d428fd8c6b73ed070921a856f03c2c5b5377ba,2591d2d773f38b5c8d17829a3938c85edf2009a6,-0.025050856173038483
86,39d428fd8c6b73ed070921a856f03c2c5b5377ba,86f011e5ca736d337c342a7c3d942ee5b57be1f4,-0.006464380770921707
87,39d428fd8c6b73ed070921a856f03c2c5b5377ba,1dd9786e51dd4fbe5df185f4a6ae3e1d70113207,-0.011846773326396942
88,39d428fd8c6b73ed070921a856f03c2c5b5377ba,db8aa51c1d6f90f2f83cc0dcd76ec8167294b825,-0.06080426275730133
89,39d428fd8c6b73ed070921a856f03c2c5b5377ba,9aa687a89607bc0e2c0defa90efd6056be59f49f,-0.05371694639325142
90,39d428fd8c6b73ed070921a856f03c2c5b5377ba,fdbf773d6516b660ad7fb3d007d9ec5d4f75db7d,-0.08348798751831055
91,bcdd5670761de0087d2d2bb0388da697b0d4348c,1d710f29ce139296956fe31d6e78ded479fb08bb,0.5268098711967468
92,bcdd5670761de0087d2d2bb0388da697b0d4348c,8a69693a73f96a64a4148893fb2b50b219176370,0.43656519055366516
93,bcdd5670761de0087d2d2bb0388da697b0d4348c,aaa376cbd21095763093b6a629b41443ed3c0ed8,0.3564528822898865
94,bcdd5670761de0087d2d2bb0388da697b0d4348c,b51134239fb5d52ca70c5f3aadf84d3ee62ee2d1,0.39385902881622314
95,bcdd5670761de0087d2d2bb0388da697b0d4348c,69bd231dfa8f4fb88090ce5b0f1d3701b765bf72,0.35558396577835083
96,bcdd5670761de0087d2d2bb0388da697b0d4348c,75ff20c21d4ab56917286b429643db4c216f51b5,0.08839710056781769
97,bcdd5670761de0087d2d2bb0388da697b0d4348c,c4f78541eff05e539927d17ece67f239603b18a1,0.07996749877929688
98,bcdd5670761de0087d2d2bb0388da697b0d4348c,f183f06d55a149a74e0d10b8dd8253383f7c9c7b,0.09186379611492157
99,bcdd5670761de0087d2d2bb0388da697b0d4348c,65658c28dfdec0268b4f46c16bb1973581b2ad95,0.007860641926527023
100,bcdd5670761de0087d2d2bb0388da697b0d4348c,82bd131de322e70b8211b18718f58a4c3a5e3ebe,0.022843601182103157
101,bcdd5670761de0087d2d2bb0388da697b0d4348c,a31e3b340f448fe0a276b659a951e39160a350dd,0.0011052116751670837
102,bcdd5670761de0087d2d2bb0388da697b0d4348c,884b6944cdf806d11147a8254f16180050133377,-0.029226094484329224
103,bcdd5670761de0087d2d2bb0388da697b0d4348c,7bb529166fac40451bfe0f52f31807231d4ebc8d,-0.006650151684880257
104,bcdd5670761de0087d2d2bb0388da697b0d4348c,66a7cfaca67cc69b6b08397a884e10ff374d710c,0.007471813820302486
105,bcdd5670761de0087d2d2bb0388da697b0d4348c,9659f4455ec2779400b0ad761b6997c6271da651,0.008009749464690685
106,bcdd5670761de0087d2d2bb0388da697b0d4348c,c97774191be232678a45d343a25fcc0c96c065e7,-0.050483763217926025
107,bcdd5670761de0087d2d2bb0388da697b0d4348c,3f4d50cfb6cf6ad39600998ed295494a1f4f156b,-0.029534656554460526
108,bcdd5670761de0087d2d2bb0388da697b0d4348c,2e054a07a2731da83081c7069f0950bb07ee7490,0.011289440095424652
109,bcdd5670761de0087d2d2bb0388da697b0d4348c,0b0609478cf9882aac77af83e0c3e0b3838edbe8,-0.03214956820011139
110,bcdd5670761de0087d2d2bb0388da697b0d4348c,6f9f4312876fb26175837c829ff5eb0b4fab6089,-0.00025192275643348694
111,bcdd5670761de0087d2d2bb0388da697b0d4348c,0848827ba30956e29d7d126d0a05e51660094ebe,-0.030101485550403595
112,bcdd5670761de0087d2d2bb0388da697b0d4348c,a39f15d74a578692e65050381d318fecac27e2a4,-0.004108790308237076
113,bcdd5670761de0087d2d2bb0388da697b0d4348c,aef8cbfbf08ed04ba242d15f515d610d315f9904,-0.02794521115720272
114,bcdd5670761de0087d2d2bb0388da697b0d4348c,456f85fb61fa5f137431e6d12c5fc73cc2ebaced,-0.04583921656012535
115,bcdd5670761de0087d2d2bb0388da697b0d4348c,4b733a188198dbff57cb8bd1ec996044fe272ce5,-0.025520704686641693
116,bcdd5670761de0087d2d2bb0388da697b0d4348c,1e18291a151806c75518d7466d43264cac96864b,-0.0413614958524704
117,bcdd5670761de0087d2d2bb0388da697b0d4348c,cfb06ca51d03b7e625678d97d4661db69e2ee534,-0.02379610389471054
118,bcdd5670761de0087d2d2bb0388da697b0d4348c,44c18fc9582862185a96f7a79f63a788abc856bc,-0.06119733303785324
119,bcdd5670761de0087d2d2bb0388da697b0d4348c,6ae1dd01e89d54e18bae39039b09c8f57338c4e6,-0.08072024583816528
120,bcdd5670761de0087d2d2bb0388da697b0d4348c,0eb5b71df161fcf77024bdb4608337eedc874b98,-0.09576372802257538
121,9c824df69c7c6fc350d2981bed00b6df6ffb33ad,7a11cd3434c7f1eabbf76f03182255f62fd27fa3,0.707104504108429
122,9c824df69c7c6fc350d2981bed00b6df6ffb33ad,f5e717d62ee75465deb3c3495b2b867bdc17560e,0.5344592332839966
123,9c824df69c7c6fc350d2981bed00b6df6ffb33ad,b17dd35f5e884823fd292a6d72d8124d0758173a,0.4281770884990692
124,9c824df69c7c6fc350d2981bed00b6df6ffb33ad,7046b8930c262c1841a7fad461dfc37eeb466771,0.475954532623291
125,9c824df69c7c6fc350d2981bed00b6df6ffb33ad,bc39516aba1e74f7d8ed7391b4ff9e5a9ceeecf2,0.5485820770263672
126,9c824df69c7c6fc350d2981bed00b6df6ffb33ad,6e5809cc76d1909a67913e2f730961dba86084c0,0.12910456955432892
127,9c824df69c7c6fc350d2981bed00b6df6ffb33ad,332f0395484d174a0fd6c6a72a12054627fed3f4,0.1251911073923111
128,9c824df69c7c6fc350d2981bed00b6df6ffb33ad,e6886cadc783c6ca26db0ea912154d4681366492,0.022447671741247177
129,9c824df69c7c6fc350d2981bed00b6df6ffb33ad,79883a68028f206062a73ac7f32271212e92ade8,0.05369042232632637
130,9c824df69c7c6fc350d2981bed00b6df6ffb33ad,905b3a30d54520055672b0f363c683b4b258e636,0.013925539329648018
131,9c824df69c7c6fc350d2981bed00b6df6ffb33ad,535c0310c00371846ea8cecdb0957ced42f2f1ba,0.05898013338446617
132,9c824df69c7c6fc350d2981bed00b6df6ffb33ad,4be1afa552fd9241204a878c7ae9e40dd351de52,0.051300227642059326
133,9c824df69c7c6fc350d2981bed00b6df6ffb33ad,04e5b276da90c8181d6ad8397f763a181baae949,0.033827587962150574
134,9c824df69c7c6fc350d2981bed00b6df6ffb33ad,a0219c4ecbf7ee4603aaec5811027dfa85b3d85d,0.03999249264597893
135,9c824df69c7c6fc350d2981bed00b6df6ffb33ad,059eb34d95c73e37dca8e35b0ac5a2fb0142f3ee,0.0028835367411375046
136,9c824df69c7c6fc350d2981bed00b6df6ffb33ad,f390476f22c5962585e7c2cc7a77de770a34b60a,0.01759636029601097
137,9c824df69c7c6fc350d2981bed00b6df6ffb33ad,59db42a9e913bc9c56bdcd7b1303e5c5328f50a6,0.03009572997689247
138,9c824df69c7c6fc350d2981bed00b6df6ffb33ad,587f6b97f6c75d7bfaf2c04be8d9b4ad28ee1b0a,0.001899300143122673
139,9c824df69c7c6fc350d2981bed00b6df6ffb33ad,8efac913ff430ef698dd3fa5df4cbb7ded3cab50,0.023444658145308495
140,9c824df69c7c6fc350d2981bed00b6df6ffb33ad,a5d1a2566d3cd4b32c2a2294019e598c0a57b219,0.004957647994160652
141,9c824df69c7c6fc350d2981bed00b6df6ffb33ad,5af12524db0186bcdcafb7a342556d421cf342bf,-0.010759619995951653
142,9c824df69c7c6fc350d2981bed00b6df6ffb33ad,2bdbea0ce990ecb4f9001d3afb261f246aa8595a,-0.0068826936185359955
143,9c824df69c7c6fc350d2981bed00b6df6ffb33ad,be4d16e6875d109288ce55d2e029122a6c5ad774,0.05359791964292526
144,9c824df69c7c6fc350d2981bed00b6df6ffb33ad,b836a5485dd5a4e39e22ec5a30bf804180a97bfe,-0.024412810802459717
145,9c824df69c7c6fc350d2981bed00b6df6ffb33ad,ce8bd8f2fb1687929ee23ebee2394a51f06872d7,-0.03252386674284935
146,9c824df69c7c6fc350d2981bed00b6df6ffb33ad,864605d79662579b48e248d8fb4fe36c047baaaa,-0.04444926232099533
147,9c824df69c7c6fc350d2981bed00b6df6ffb33ad,01d023ff2450a1d0ef42a8c00592d124bbeafe69,-0.047882501035928726
148,9c824df69c7c6fc350d2981bed00b6df6ffb33ad,69544f17534db93e48d06b84e8f7cb611bd88c69,-0.05714287608861923
149,9c824df69c7c6fc350d2981bed00b6df6ffb33ad,1004b8bfcf19eecb957b1de4af328f41aa097042,-0.08826623857021332
150,9c824df69c7c6fc350d2981bed00b6df6ffb33ad,07fe26f10ab2eb7ba7ad7df5096813c949dcabc9,-0.09410178661346436
151,fd4537b92ab9fa7c653e9e5b9c4f815914a498c0,1450296fb936d666f2f11454cc8f0108e2306741,0.40039655566215515
152,fd4537b92ab9fa7c653e9e5b9c4f815914a498c0,6b4da897dce4d6636670a83b64612f16b7487637,0.35081127285957336
153,fd4537b92ab9fa7c653e9e5b9c4f815914a498c0,02227c94dd41fe0b439e050d377b0beb5d427cda,0.27534008026123047
154,fd4537b92ab9fa7c653e9e5b9c4f815914a498c0,3c701a0fcf29817d3f22117b8b73993a4e0d303b,0.22918060421943665
155,fd4537b92ab9fa7c653e9e5b9c4f815914a498c0,76705c60d9e41dddbb6e4e75c08dcb2b6fa23ed6,0.23804253339767456
156,fd4537b92ab9fa7c653e9e5b9c4f815914a498c0,6424b69f3ff4d35249c0bb7ef912fbc2c86f4ff4,0.2693850100040436
157,fd4537b92ab9fa7c653e9e5b9c4f815914a498c0,b688b830da148f1c3a86916a42d9dd1b1cccd5ff,0.1477164626121521
158,fd4537b92ab9fa7c653e9e5b9c4f815914a498c0,289f1a3a127d0bc22b2abf4b897a03d934aec51b,0.13012155890464783
159,fd4537b92ab9fa7c653e9e5b9c4f815914a498c0,639937b3a1b8bded3f7e9a40e85bd3770016cf3c,0.16699279844760895
160,fd4537b92ab9fa7c653e9e5b9c4f815914a498c0,fdaaa830821d5693f709d3bfcdec1526f32d32af,0.13014088571071625
161,fd4537b92ab9fa7c653e9e5b9c4f815914a498c0,2b0750d16db1ecf66a3c753264f207c2cb480bde,0.13392651081085205
162,fd4537b92ab9fa7c653e9e5b9c4f815914a498c0,1e667b69915fef9070f063635ba01cdf229f5d8a,0.12506674230098724
163,fd4537b92ab9fa7c653e9e5b9c4f815914a498c0,76c44858b1a3f3add903a992f66b71f5cdcd18e3,0.10829338431358337
164,fd4537b92ab9fa7c653e9e5b9c4f815914a498c0,c792d3aa4a0a2a93b6c443143588a19c645c66f4,0.0897807627916336
165,fd4537b92ab9fa7c653e9e5b9c4f815914a498c0,ae15bbd7c206137fa8f8f5abc127e91bf59b7ddc,0.08687326312065125
166,fd4537b92ab9fa7c653e9e5b9c4f815914a498c0,8cc8c9ece3cd13beabbc07719f5ff694af59ba5b,0.0937320813536644
167,fd4537b92ab9fa7c653e9e5b9c4f815914a498c0,3dc5d14cdcc0240cba9c571cac4360714ef18458,0.07411178946495056
168,fd4537b92ab9fa7c653e9e5b9c4f815914a498c0,46946ff7eb0e0a42d33504690aad7ddbff83f31b,0.07881014049053192
169,fd4537b92ab9fa7c653e9e5b9c4f815914a498c0,9f3b0bf6a3a083731d6c0fa0435fab5e68304dfc,0.08172547072172165
170,fd4537b92ab9fa7c653e9e5b9c4f815914a498c0,9eeada49fc2cba846b4dad1012ba8a7ee78a8bb7,0.06480330228805542
171,fd4537b92ab9fa7c653e9e5b9c4f815914a498c0,26d0b98825761cda7e1a79475dbf6dc140daffbb,0.05893819034099579
172,fd4537b92ab9fa7c653e9e5b9c4f815914a498c0,65a2cb8a02795015b398856327bdccc36214cdc6,0.05901849642395973
173,fd4537b92ab9fa7c653e9e5b9c4f815914a498c0,a9c2ecffaf332d714a5c69adae1dad12031ee77a,0.060703884810209274
174,fd4537b92ab9fa7c653e9e5b9c4f815914a498c0,8ae5dde36e2755fd9afcb8a62df8cc9e35c79cb1,0.03559175133705139
175,fd4537b92ab9fa7c653e9e5b9c4f815914a498c0,df39b32b8f2207c17ea19353591673244fda53eb,0.043070465326309204
176,fd4537b92ab9fa7c653e9e5b9c4f815914a498c0,d2938415204bb6f99a069152cb954e4baa441bba,-0.01773202419281006
177,fd4537b92ab9fa7c653e9e5b9c4f815914a498c0,17033fd4fff03228cd6a06518365b082b4b45f7f,-0.053950235247612
178,fd4537b92ab9fa7c653e9e5b9c4f815914a498c0,7c09d08cdeb688aece28d41feb406dbbcda9c5ac,-0.04393218457698822
179,fd4537b92ab9fa7c653e9e5b9c4f815914a498c0,332c81b75c22ca272ccf0ca3237066b35ea81c3b,-0.07755297422409058
180,fd4537b92ab9fa7c653e9e5b9c4f815914a498c0,0e52fbadb7af607b4135189e722e550a0bd6e7cc,-0.10295533388853073
181,30c9a7660281ad8e4538ff9beb20282c74fac810,0a65bc1de050f544648977e786c499a0166fa22a,0.4322980046272278
182,30c9a7660281ad8e4538ff9beb20282c74fac810,2d2b1f9446e9b4cdb46327cda32a8d9621944e29,0.449246883392334
183,30c9a7660281ad8e4538ff9beb20282c74fac810,21b07e146c9b56dbe3d516b59b69d989be2998b7,0.37562066316604614
184,30c9a7660281ad8e4538ff9beb20282c74fac810,2dff0f21a23f9e3b6e0c50ce3fec75de4ff00359,0.3415464758872986
185,30c9a7660281ad8e4538ff9beb20282c74fac810,13bf13f019632a4edb967635e72e3e140f89e90e,0.3149060606956482
186,30c9a7660281ad8e4538ff9beb20282c74fac810,9270f2bf533897ab5711c65eb269561b39a2055e,0.26884394884109497
187,30c9a7660281ad8e4538ff9beb20282c74fac810,446d5a4496d7dc201263b888c4f0ae65833a25eb,0.20409220457077026
188,30c9a7660281ad8e4538ff9beb20282c74fac810,c91fed8c6bf32fccd4fc9148fb7b912191b8d962,0.15527045726776123
189,30c9a7660281ad8e4538ff9beb20282c74fac810,23355a1cb7bb226654e2319dd5ce9443284a694b,0.11234584450721741
190,30c9a7660281ad8e4538ff9beb20282c74fac810,5882b1409dc3d6d9beebb0fd3ab149f864e8c8d3,0.1515495479106903
191,30c9a7660281ad8e4538ff9beb20282c74fac810,f2e9f869a9fc1f07887866be5f70a37b6c31411b,0.08268655836582184
192,30c9a7660281ad8e4538ff9beb20282c74fac810,0ed4df86b942e8b4979bac640a720db0187a32ef,0.1568603515625
193,30c9a7660281ad8e4538ff9beb20282c74fac810,4ab868acf51fd6d78ba2d15357de673f8ec0bad1,0.09402169287204742
194,30c9a7660281ad8e4538ff9beb20282c74fac810,1edae9efb4f84352bb66095295cd94b2cddce00d,0.06167086213827133
195,30c9a7660281ad8e4538ff9beb20282c74fac810,157099d6ffd3ffca8cfca7955aff7c5f1a979ac9,0.04849527031183243
196,30c9a7660281ad8e4538ff9beb20282c74fac810,e9c525679fed4dad85699d09b5ce1ccaffe8f11d,0.007524751126766205
197,30c9a7660281ad8e4538ff9beb20282c74fac810,adbe1565649a4f547a68030da8b6a0814f228bbc,0.05594555661082268
198,30c9a7660281ad8e4538ff9beb20282c74fac810,78be1d50e1eb2c526f5e35f5820e195eec313101,0.00806838646531105
199,30c9a7660281ad8e4538ff9beb20282c74fac810,2e1fa859dc31677895276a6b26d90ec70a4861c5,0.03697996586561203
200,30c9a7660281ad8e4538ff9beb20282c74fac810,403b8448589e0405ce50356d0c6be3916bd12ce1,0.005838438868522644
201,30c9a7660281ad8e4538ff9beb20282c74fac810,51077ea4ac322d8b6438d5acfb6c0012cb1bcfb1,0.01388605311512947
202,30c9a7660281ad8e4538ff9beb20282c74fac810,f5a1eeab058b91503d7ebb25fd3615480d96a639,0.009020290337502956
203,30c9a7660281ad8e4538ff9beb20282c74fac810,2fddc5cdada7b44a598b3a4a76de52825350dd5d,0.009102193638682365
204,30c9a7660281ad8e4538ff9beb20282c74fac810,c7062c80bc4b13da80d4d10f9d9b273aa316f0fc,-0.018372781574726105
205,30c9a7660281ad8e4538ff9beb20282c74fac810,427afd1b0ecbea2ffb1feaec7ef55234394c9814,-0.044006653130054474
206,30c9a7660281ad8e4538ff9beb20282c74fac810,7d91d2944ed5b846739256029f2c9c79090fd0ca,-0.05793639272451401
207,30c9a7660281ad8e4538ff9beb20282c74fac810,1920f1e482a7971b6e168df0354744c2544e4658,-0.07358282804489136
208,30c9a7660281ad8e4538ff9beb20282c74fac810,9f4a856aee19e6cddbace27be817770214a6fa4a,-0.06778725981712341
209,30c9a7660281ad8e4538ff9beb20282c74fac810,0fce6f27385af907e0751bb1d0781eb9bc1e5359,-0.09034860134124756
210,30c9a7660281ad8e4538ff9beb20282c74fac810,ab4bcc8e1db4f80fa2a31905cf332c00379602b0,-0.1671392023563385
211,66ef0f611b2b5b22dd3eb13a144c0e7d3286623a,b52b27ce05c6241e7feb965ea615ad1a9b629a2e,0.5802577137947083
212,66ef0f611b2b5b22dd3eb13a144c0e7d3286623a,d2be22e50067b6ac13ccbafb3f7ece2a96988c9d,0.5175977945327759
213,66ef0f611b2b5b22dd3eb13a144c0e7d3286623a,51f53b98ccc60bf255ab653a11b1573ed3c5d815,0.4242743253707886
214,66ef0f611b2b5b22dd3eb13a144c0e7d3286623a,924276d95d1bdaf087beb0ccf699443b9bf855ec,0.434108704328537
215,66ef0f611b2b5b22dd3eb13a144c0e7d3286623a,9c9c4a03290263be09fcbe54d2188966a165ffca,0.5293130278587341
216,66ef0f611b2b5b22dd3eb13a144c0e7d3286623a,6c94762f0a3be75d664ca063841a9d9c709153d8,0.3890952467918396
217,66ef0f611b2b5b22dd3eb13a144c0e7d3286623a,e985e7ec130ce4552222d7fb4b2d2f923fd2a501,0.21599215269088745
218,66ef0f611b2b5b22dd3eb13a144c0e7d3286623a,a1a197449aeca81a39cb2213b41cef4831d6983e,0.23709848523139954
219,66ef0f611b2b5b22dd3eb13a144c0e7d3286623a,1c3bcbd653aab0b9a4bd91b190669e97c6b21a16,0.21855682134628296
220,66ef0f611b2b5b22dd3eb13a144c0e7d3286623a,bef980f5daf912fd69a9785739813dcdca06371f,0.13771328330039978
221,66ef0f611b2b5b22dd3eb13a144c0e7d3286623a,1713cf9acb23862a72a4756d53e3b1591e2fd7f4,0.14354746043682098
222,66ef0f611b2b5b22dd3eb13a144c0e7d3286623a,5092a67406d823a6f6fd3dac555b9d022ad20bdf,0.05213896185159683
223,66ef0f611b2b5b22dd3eb13a144c0e7d3286623a,39a39cb833d5c7b8a145737af1a420c98762390a,0.10509804636240005
224,66ef0f611b2b5b22dd3eb13a144c0e7d3286623a,b43be5de19e5cab8d1b476c42899f92e75660510,0.08516174554824829
225,66ef0f611b2b5b22dd3eb13a144c0e7d3286623a,c24b8e1af485085548d5fbe6ecb7bc97591f825e,0.07800522446632385
226,66ef0f611b2b5b22dd3eb13a144c0e7d3286623a,fcd05a3d018c6711d6da3cb4b5aa1abac132e53a,0.08864151686429977
227,66ef0f611b2b5b22dd3eb13a144c0e7d3286623a,4668fe3413e7a62ba0efa6bbb4f25bcda23d6383,0.031906791031360626
228,66ef0f611b2b5b22dd3eb13a144c0e7d3286623a,5b156a3749b4110e328bcf2b147dc3d71ac09fc7,0.05181974172592163
229,66ef0f611b2b5b22dd3eb13a144c0e7d3286623a,6cef5f34424f6027617082d351333a095c4162d7,0.0731697529554367
230,66ef0f611b2b5b22dd3eb13a144c0e7d3286623a,324d86b305964e36bb18c198b0c2cf5b66918e6c,0.012245138175785542
231,66ef0f611b2b5b22dd3eb13a144c0e7d3286623a,66bb5d71f9a241bb9cfaf03708931b8ba856edf1,0.04587963595986366
232,66ef0f611b2b5b22dd3eb13a144c0e7d3286623a,496a904b7663138b571c79f6994e5097f4a4f622,0.024987421929836273
233,66ef0f611b2b5b22dd3eb13a144c0e7d3286623a,eac5856f229e57ffbd74388d81e3c0a1384c0193,0.009190918877720833
234,66ef0f611b2b5b22dd3eb13a144c0e7d3286623a,a90d4559e7d4fb07b1ae495f5062aa83ce84ef4f,0.005265643820166588
235,66ef0f611b2b5b22dd3eb13a144c0e7d3286623a,a795e6e4e4fc3b1274974c50edb62b8757292b12,-0.025692515075206757
236,66ef0f611b2b5b22dd3eb13a144c0e7d3286623a,4d6e39e24d0a8d7327ba94c5463ea465faf5b65d,0.02284683845937252
237,66ef0f611b2b5b22dd3eb13a144c0e7d3286623a,4fb2e2c8bdf8a61796d19926095adb0b5136cb21,0.018345046788454056
238,66ef0f611b2b5b22dd3eb13a144c0e7d3286623a,6bb6bcc39bc0fece6ec75dcd1d011a820f3f97c2,-0.012181797996163368
239,66ef0f611b2b5b22dd3eb13a144c0e7d3286623a,44f320e22e9f0641e74cf5b37f991e5dc294022b,-0.04349271208047867
240,66ef0f611b2b5b22dd3eb13a144c0e7d3286623a,898aa1b0f3d4dc6eaae9ef12f8a302cf941c0949,-0.11369454115629196
241,7a59595f1859b72761b34892be8b6dc43f71d01e,28d6f4e25dabf95d6e04b6f0b468087d754f5fea,0.5082188248634338
242,7a59595f1859b72761b34892be8b6dc43f71d01e,3d4cea130fd9daaf49f4db49f9cab70e4e075042,0.45032811164855957
243,7a59595f1859b72761b34892be8b6dc43f71d01e,07e880c468301a9d5b85718eee029a3cba21e5e0,0.44882237911224365
244,7a59595f1859b72761b34892be8b6dc43f71d01e,6a316e0d44e35a55c41a442b3f0d0eb1f9d4d0ca,0.44491034746170044
245,7a59595f1859b72761b34892be8b6dc43f71d01e,6c267aafaceb9de1f1af22f6f566ba1d897054e4,0.46926069259643555
246,7a59595f1859b72761b34892be8b6dc43f71d01e,a4fe3a3bede8b0b648de7c9025d28a620a34581b,0.07191432267427444
247,7a59595f1859b72761b34892be8b6dc43f71d01e,33880e75d045d7e803e8af5fa093dd9e218471a7,0.05980999022722244
248,7a59595f1859b72761b34892be8b6dc43f71d01e,27935e98a17a6b741f45ad48ee92c49a4397feba,0.08840978890657425
249,7a59595f1859b72761b34892be8b6dc43f71d01e,49057d3b250776e4dd45bc2f8abc1ed1c9da32b2,0.1144692525267601
250,7a59595f1859b72761b34892be8b6dc43f71d01e,1c8c10d28359497dae24eb0d1391ddf1da599c6f,0.037902940064668655
251,7a59595f1859b72761b34892be8b6dc43f71d01e,cc383d9308c38e36d268b77bd6acee7bcd79fc10,0.0443866103887558
252,7a59595f1859b72761b34892be8b6dc43f71d01e,1d25ecee0ac6348a3d4c2dafe7b2cfaf6a62b561,0.049795400351285934
253,7a59595f1859b72761b34892be8b6dc43f71d01e,44c299893ac76287e37d4d3ee8bf4b5f81cf37e9,0.02481025457382202
254,7a59595f1859b72761b34892be8b6dc43f71d01e,1c68e08907367cf1fadcccaa8b4d8a35dde256bd,0.027016185224056244
255,7a59595f1859b72761b34892be8b6dc43f71d01e,50911111f1d575ac62e56bc5b4b933a78b7dfbbd,-0.031603265553712845
256,7a59595f1859b72761b34892be8b6dc43f71d01e,fbe0653e31dbd1c230ea0d7726e8e87640e60a79,0.0039642490446567535
257,7a59595f1859b72761b34892be8b6dc43f71d01e,f57792502f5057c0ed85b99d75066ac327a57424,-0.007951661944389343
258,7a59595f1859b72761b34892be8b6dc43f71d01e,36a8cc9b9f2f64e883ec44d7252184aa61c3dd49,-0.0037872549146413803
259,7a59595f1859b72761b34892be8b6dc43f71d01e,ed4df64ac5a2829c2091ecb5b1be9068c9831497,-0.02407660521566868
260,7a59595f1859b72761b34892be8b6dc43f71d01e,658d97c2ea8a6ed1d9de4ef0f85da21a8816d29a,-0.06361721456050873
261,7a59595f1859b72761b34892be8b6dc43f71d01e,2ab78d140d0bde65803057afa751ee6609f47ba7,-0.07799071073532104
262,7a59595f1859b72761b34892be8b6dc43f71d01e,b6c86e3e0619497e79009451307ec632215bd408,-0.044650591909885406
263,7a59595f1859b72761b34892be8b6dc43f71d01e,35a325cac27b6e04fd3fe4c3ccb7ccfc607bf154,-0.050534892827272415
264,7a59595f1859b72761b34892be8b6dc43f71d01e,3343d1d78f2a14045b52b71428efaf43073d616d,-0.07454071193933487
265,7a59595f1859b72761b34892be8b6dc43f71d01e,da90d0265ef675763e8b51efb3c2efba8f809c54,-0.06954838335514069
266,7a59595f1859b72761b34892be8b6dc43f71d01e,71795f9f511f6948dd67aff7e9725c08ff1a4c94,-0.14301998913288116
267,7a59595f1859b72761b34892be8b6dc43f71d01e,87ae705a3ac98bb485e55a93b94855d66a220f14,-0.09033466875553131
268,7a59595f1859b72761b34892be8b6dc43f71d01e,6e3660e8efb976c916e61fe17ea90aea7d13aac4,-0.09946341067552567
269,7a59595f1859b72761b34892be8b6dc43f71d01e,b0e92c3a7506a526a5130872f4dfc1a5d59c2ecd,-0.11539976298809052
270,7a59595f1859b72761b34892be8b6dc43f71d01e,be1e60b65603b59ad666e47f105f39d88756e226,-0.13593415915966034
271,46c87eae824a442323147a845e285167f283dd08,3764717e9e2ed08d2a9f8d096adf2730cfba3902,0.5067027807235718
272,46c87eae824a442323147a845e285167f283dd08,c928c2d99656b0e7b1c654c63e736edc7725b58a,0.4986656606197357
273,46c87eae824a442323147a845e285167f283dd08,af1abcaaa1736605f2aca4dcbd09984902f4edf6,0.5079312324523926
274,46c87eae824a442323147a845e285167f283dd08,5f274d318b1fac66a01a5ed31f4433de5e1fa032,0.39010801911354065
275,46c87eae824a442323147a845e285167f283dd08,d0827319adca59dda5a06cc943a9c43f5a25e169,0.23812061548233032
276,46c87eae824a442323147a845e285167f283dd08,6c6ca490a19955b58317a49cbf85af4f4ae31682,0.22074675559997559
277,46c87eae824a442323147a845e285167f283dd08,9aed0787a5abf4afd7bc4a9b1ae0bf1be1886aa4,0.15924276411533356
278,46c87eae824a442323147a845e285167f283dd08,bd386854f1acd751d45ac1a898131e5ccde86e88,0.0462532564997673
279,46c87eae824a442323147a845e285167f283dd08,62cd8203c11cb464e73b4b2be9619192222a5716,0.0662655234336853
280,46c87eae824a442323147a845e285167f283dd08,49929ca34d65302238bb5953f91f2879ea10eb58,0.018567588180303574
281,46c87eae824a442323147a845e285167f283dd08,04f6189268a78f07b80cdb89b829079bf21a61b6,0.09194553643465042
282,46c87eae824a442323147a845e285167f283dd08,4bd68866ba88bbc349c8e36ba98fe528699d0797,0.04508582502603531
283,46c87eae824a442323147a845e285167f283dd08,0f25e83603f90ec259aae2c1a67c43658223ab49,0.057714544236660004
284,46c87eae824a442323147a845e285167f283dd08,6ef78fdb3c54a847d665d006cf812d69326e70ed,0.0007971897721290588
285,46c87eae824a442323147a845e285167f283dd08,61811fc14b159cbaadbdbc64b79ba652a49e6801,0.024042729288339615
286,46c87eae824a442323147a845e285167f283dd08,31e4e28e1c5b1f56ae84ad8962854821f77720eb,0.05894765257835388
287,46c87eae824a442323147a845e285167f283dd08,1b755f9db6b8c1d5030248bf9a13cdb86d7aae20,0.01746312528848648
288,46c87eae824a442323147a845e285167f283dd08,5343b6d5c9f3a2c4d9648991162a6cc13c1c5e70,-0.008889557793736458
289,46c87eae824a442323147a845e285167f283dd08,7ebfa8f1c92ac213ff35fa27287dee94ae5735a1,-0.04254615306854248
290,46c87eae824a442323147a845e285167f283dd08,7c0c9ab92d49941089979c1e344fe66efc873bdd,-0.03479098528623581
291,46c87eae824a442323147a845e285167f283dd08,f9f8dc979727e3a31c4cedcbdfad9523c28c009f,-0.028584644198417664
292,46c87eae824a442323147a845e285167f283dd08,9baaec67e59de85dc0d5efec96d80be028be557d,-0.02594056725502014
293,46c87eae824a442323147a845e285167f283dd08,a912747dc2bf694c3029aac3366dba8d9e33e066,0.008694641292095184
294,46c87eae824a442323147a845e285167f283dd08,c9bfcf161e4858d200366ee663acb2ab8a5c876d,-0.036604322493076324
295,46c87eae824a442323147a845e285167f283dd08,d8fc1a1a6506446e2fe1ad7cccde78358e53bb2c,-0.029094042256474495
296,46c87eae824a442323147a845e285167f283dd08,5ea1fb4aa64f6aaba57a7ef29c716e8b4092166d,-0.054397307336330414
297,46c87eae824a442323147a845e285167f283dd08,08f410a5d6b2770e4630e3f90fb6f3e6b5bfc285,-0.0482076033949852
298,46c87eae824a442323147a845e285167f283dd08,30f6e7715c1b808c38edee543796be257338979b,-0.057941749691963196
299,46c87eae824a442323147a845e285167f283dd08,b58251c96564f42b1e484b9e624dd4e546e6f61b,-0.03835797682404518
300,46c87eae824a442323147a845e285167f283dd08,fe226df22c446980c942db1b64ad3c8adad512f4,-0.13991397619247437
301,5aadc803228b70c3cc6b31e332770d47d7fb1e6e,562c09c112df56c5696c010d90a815d6018a86c8,0.6049973368644714
302,5aadc803228b70c3cc6b31e332770d47d7fb1e6e,4b75d707eb3ffe4607c8cdd5436c8d7f8573fed9,0.6105989217758179
303,5aadc803228b70c3cc6b31e332770d47d7fb1e6e,1b2f2bb90fb08d0e02eabb152120dbf1d6e5837e,0.4842890202999115
304,5aadc803228b70c3cc6b31e332770d47d7fb1e6e,6dd3b79f34a8b40320d1d745b9abf2d70e1d4db8,0.5016493797302246
305,5aadc803228b70c3cc6b31e332770d47d7fb1e6e,4543b9fd2570709870b3c99f9a567bd2ac436744,0.5040515661239624
306,5aadc803228b70c3cc6b31e332770d47d7fb1e6e,84af7277cf4b7bf96d5bb0774b92b247327ed71d,0.2523413300514221
307,5aadc803228b70c3cc6b31e332770d47d7fb1e6e,ec6012530267dc9d3e59e4bc87d5a65def3e1873,0.14405116438865662
308,5aadc803228b70c3cc6b31e332770d47d7fb1e6e,44e67d10a33a11930c40813e034679ea8d7feb6c,0.19739961624145508
309,5aadc803228b70c3cc6b31e332770d47d7fb1e6e,69c703189432e28e3f075ceec17abeb8090e5dd0,0.20835578441619873
310,5aadc803228b70c3cc6b31e332770d47d7fb1e6e,446929dbe6d71f386d13650fcd01b0a83c357ba2,0.21715275943279266
311,5aadc803228b70c3cc6b31e332770d47d7fb1e6e,5880b9bc3f75f4649b8ec819c3f983a14fca9927,0.20437027513980865
312,5aadc803228b70c3cc6b31e332770d47d7fb1e6e,396945dabf79f4a8bf36ca408a137d6e961306e7,0.2395416796207428
313,5aadc803228b70c3cc6b31e332770d47d7fb1e6e,6010c2d8eb5b6c5da3463d0744203060bdcc07a7,0.029351385310292244
314,5aadc803228b70c3cc6b31e332770d47d7fb1e6e,d830cf7fad6ab7a809dd0589bb552c43d839ff14,0.04523484408855438
315,5aadc803228b70c3cc6b31e332770d47d7fb1e6e,420a5f02b079d596ec2da0b5cddda43326226a09,0.04068605229258537
316,5aadc803228b70c3cc6b31e332770d47d7fb1e6e,842a50bf43e8b59efbab69c8b6d6e309fe8568ba,0.038294292986392975
317,5aadc803228b70c3cc6b31e332770d47d7fb1e6e,1e5482c85ee48b92a75d0590ed9b0d5f0e6a0b17,0.05917901545763016
318,5aadc803228b70c3cc6b31e332770d47d7fb1e6e,31c3790b30bc27c7e657f1ba5c5421713d72474a,-0.024524681270122528
319,5aadc803228b70c3cc6b31e332770d47d7fb1e6e,9a2607cbf136ae8094e0ad9a7a3c23e07ced9e4d,0.011280185543000698
320,5aadc803228b70c3cc6b31e332770d47d7fb1e6e,4a3235a542f92929378a11f2df2e942fe5674c0e,0.004606530070304871
321,5aadc803228b70c3cc6b31e332770d47d7fb1e6e,67161d331d496ad5255ad8982759a1c853856932,0.015812059864401817
322,5aadc803228b70c3cc6b31e332770d47d7fb1e6e,f496cfb580e824e18181ff49f524ce8794c33d30,-0.006401768885552883
323,5aadc803228b70c3cc6b31e332770d47d7fb1e6e,b50f3076848aff91139dd19229618c3d21b346c2,0.021407807245850563
324,5aadc803228b70c3cc6b31e332770d47d7fb1e6e,84edb628ee6fa0b5e0ded11f8505fc66d04a35dd,-0.039384789764881134
325,5aadc803228b70c3cc6b31e332770d47d7fb1e6e,76c82cf591b797f51769557c569d3866c84cb2a4,-0.04733256250619888
326,5aadc803228b70c3cc6b31e332770d47d7fb1e6e,f951411d7c7d6a2c6d3bb8314108eba5ca2406a7,-0.04599016159772873
327,5aadc803228b70c3cc6b31e332770d47d7fb1e6e,58a2f18792b5f19499b4d45219078dcb4a1d6e8b,-0.055483464151620865
328,5aadc803228b70c3cc6b31e332770d47d7fb1e6e,7dfca64fabd760873d01c700a4eb9563367c829c,-0.0504324845969677
329,5aadc803228b70c3cc6b31e332770d47d7fb1e6e,5f3d1bccb098619129130543f33c104f2723f6c4,-0.1049281507730484
330,5aadc803228b70c3cc6b31e332770d47d7fb1e6e,f22938a02b5c39d5e038c7dd13dd07f58a666c78,-0.10202208161354065
331,8c872ecd87945e71fcd9fa1b6cb1133cfe805bf2,28d3ec156472c35ea8e1b7acad969b725111fe56,0.550216555595398
332,8c872ecd87945e71fcd9fa1b6cb1133cfe805bf2,383ca85aaca9f306ea7ae04fb0b6b76f1e393395,0.4676072299480438
333,8c872ecd87945e71fcd9fa1b6cb1133cfe805bf2,334c4806912d851ef2117e67728cfa624dbec9a3,0.509679913520813
334,8c872ecd87945e71fcd9fa1b6cb1133cfe805bf2,e749e6311e25eb8081672742e78c427ce5979552,0.25164365768432617
335,8c872ecd87945e71fcd9fa1b6cb1133cfe805bf2,3ea9cd35f39e8c128f39f13148e91466715f4ee2,0.24169626832008362
336,8c872ecd87945e71fcd9fa1b6cb1133cfe805bf2,71795f9f511f6948dd67aff7e9725c08ff1a4c94,0.22051186859607697
337,8c872ecd87945e71fcd9fa1b6cb1133cfe805bf2,0f28cbfe0674e0af4899d21dd90f6f5d0d5c3f1b,0.18650227785110474
338,8c872ecd87945e71fcd9fa1b6cb1133cfe805bf2,bb192e0208548831de1475b11859f2114121c662,0.17229944467544556
339,8c872ecd87945e71fcd9fa1b6cb1133cfe805bf2,c0a39b1b64100b929ec77d33232513ec72089a2e,0.17177218198776245
340,8c872ecd87945e71fcd9fa1b6cb1133cfe805bf2,55ca165fa6091973674b12ea8fa3f1a3a1e50a6d,0.13933582603931427
341,8c872ecd87945e71fcd9fa1b6cb1133cfe805bf2,0eaa75861d9e17f2c95bd3f80f48db95bf68a50c,0.1201530247926712
342,8c872ecd87945e71fcd9fa1b6cb1133cfe805bf2,36b3865f944c74c6d782c26dfe7be04ef9664a67,0.0437835156917572
343,8c872ecd87945e71fcd9fa1b6cb1133cfe805bf2,1935e0986939ea6ef2afa01eeef94dbfea6fb6da,0.05703865736722946
344,8c872ecd87945e71fcd9fa1b6cb1133cfe805bf2,cc6dc5a3e8a18a0aaab7cbe8cee22bf3ac92f0bf,0.13302120566368103
345,8c872ecd87945e71fcd9fa1b6cb1133cfe805bf2,45e2e2a327ea696411b212492b053fd328963cc3,0.09873472899198532
346,8c872ecd87945e71fcd9fa1b6cb1133cfe805bf2,2d9416485091e6af3619c4bc9323a0887d450c8a,0.12103936076164246
347,8c872ecd87945e71fcd9fa1b6cb1133cfe805bf2,1ea03bc28a14ade633d5a7fe9af71328834d45ab,0.05412151291966438
348,8c872ecd87945e71fcd9fa1b6cb1133cfe805bf2,15e8961e8f9d1fb5060c3284a5bdcc09f2fc1ba6,0.05226454511284828
349,8c872ecd87945e71fcd9fa1b6cb1133cfe805bf2,2c6835e8bdb8c70a9c3aa9bd2578b01dd1b93114,0.07297865301370621
350,8c872ecd87945e71fcd9fa1b6cb1133cfe805bf2,d5ecb372f6cbdfb52588fbb4a54be21d510009d0,0.04866356402635574
351,8c872ecd87945e71fcd9fa1b6cb1133cfe805bf2,38a70884a93dd6912404519a779cc497965feff1,0.04391986131668091
352,8c872ecd87945e71fcd9fa1b6cb1133cfe805bf2,508119a50e3d4e8b7116c1b56a002de492b2270b,0.024489134550094604
353,8c872ecd87945e71fcd9fa1b6cb1133cfe805bf2,24ff5027e7042aeead47ef3071f1a023243078bb,0.0378844179213047
354,8c872ecd87945e71fcd9fa1b6cb1133cfe805bf2,6193ece762c15b7d8a958dc64c37e858cd873b8a,-0.007759225554764271
355,8c872ecd87945e71fcd9fa1b6cb1133cfe805bf2,53c544145d2fe5fe8c44584f44f36f74393b983e,-0.04614192247390747
356,8c872ecd87945e71fcd9fa1b6cb1133cfe805bf2,8cfb12304856268ee438ccb16e4b87960c7349e0,-0.06098504364490509
357,8c872ecd87945e71fcd9fa1b6cb1133cfe805bf2,a39faa00248abb3984317f2d6830f485cb5e1a0d,-0.04289219528436661
358,8c872ecd87945e71fcd9fa1b6cb1133cfe805bf2,cc43c080340817029fd497536cc9bd39b0a76dd2,-0.040384359657764435
359,8c872ecd87945e71fcd9fa1b6cb1133cfe805bf2,f9cf246008d745f883914d925567bb36df806613,-0.08664417266845703
360,9003fb79e7848ced3be975c3d87a9348a4b8d377,8ed0ee88e811aaaad56d1a42e2cfce02edcc90ff,0.7093836069107056
361,9003fb79e7848ced3be975c3d87a9348a4b8d377,6d3f38ea64c84d5ca1569fd73497e34525baa215,0.6511061191558838
362,9003fb79e7848ced3be975c3d87a9348a4b8d377,781ee20481f4e2e4accfa2b1cd6d70d5854bb171,0.42462265491485596
363,9003fb79e7848ced3be975c3d87a9348a4b8d377,160404fb0d05a1a2efa593c448fcb8796c24b873,0.30106520652770996
364,9003fb79e7848ced3be975c3d87a9348a4b8d377,cc54251f84c8577ca862fec41a1766c9a0d4a7b8,0.28376612067222595
365,9003fb79e7848ced3be975c3d87a9348a4b8d377,5b6535f9aa0f5afd4a33c70da2a8d10ca1832342,0.2451504021883011
366,9003fb79e7848ced3be975c3d87a9348a4b8d377,eebdf35becd03454304c4ba8fde1d07ede465b8d,0.1432970017194748
367,9003fb79e7848ced3be975c3d87a9348a4b8d377,489555f05e316015d24d2a1fdd9663d4b85eb60f,0.12118659913539886
368,9003fb79e7848ced3be975c3d87a9348a4b8d377,217abac938808f5f89e72fce7cfad1f61be8bcff,0.04365639388561249
369,9003fb79e7848ced3be975c3d87a9348a4b8d377,7e2fbad4fa4877ea3fd8d197950e335d59ebeedf,0.03950772434473038
370,9003fb79e7848ced3be975c3d87a9348a4b8d377,c7cf37c3609051dbd4084fcc068427fbb7a1a0e1,0.009236237965524197
371,9003fb79e7848ced3be975c3d87a9348a4b8d377,47f0f6a2fd518932734cc90936292775cc95aa5d,0.050387293100357056
372,9003fb79e7848ced3be975c3d87a9348a4b8d377,ed0034302ecba18ca29a5e23baa39b23409add7b,0.017476361244916916
373,9003fb79e7848ced3be975c3d87a9348a4b8d377,b336f946d34cb427452517f503ada4bbe0181d3c,0.03645991533994675
374,9003fb79e7848ced3be975c3d87a9348a4b8d377,7ca4d3c70a5f87f9b5d0dbbda0d644aeb6b485da,-0.0054009296000003815
375,9003fb79e7848ced3be975c3d87a9348a4b8d377,5491b73d751c16c703eccbc67286f2d802594438,-0.029225923120975494
376,9003fb79e7848ced3be975c3d87a9348a4b8d377,05504fc6ff64fb5060ef24b16d978fac3fd96337,-0.004389157518744469
377,9003fb79e7848ced3be975c3d87a9348a4b8d377,422df80a96c5417302067f5ad7ba7b071a73e156,-0.028355026617646217
378,9003fb79e7848ced3be975c3d87a9348a4b8d377,cdf35a8d61d38659527b0f52f6d3655778c165c1,-0.03270864486694336
379,9003fb79e7848ced3be975c3d87a9348a4b8d377,70666e2ecb5fd35af9adeccae0e2ef765cf149fe,-0.052041810005903244
380,9003fb79e7848ced3be975c3d87a9348a4b8d377,d5b023d962e15c519993eed913a73f44c595a7ad,-0.028205716982483864
381,9003fb79e7848ced3be975c3d87a9348a4b8d377,a9d916bd42b3298ae22185a10f7e1e365b4acdbe,-0.07624102383852005
382,9003fb79e7848ced3be975c3d87a9348a4b8d377,58bd0411bce7df96c44aa3579136eff873b56ac5,-0.08260809630155563
383,9003fb79e7848ced3be975c3d87a9348a4b8d377,2e36ea91a3c8fbff92be2989325531b4002e2afc,-0.05824025720357895
384,9003fb79e7848ced3be975c3d87a9348a4b8d377,e3b17a245dce9a2189a8a4f7538631b69c93812e,-0.11478153616189957
385,9003fb79e7848ced3be975c3d87a9348a4b8d377,3d7a8f5557b6a219e44c0c9fbb81aa0b668e65f9,-0.09741999208927155
386,9003fb79e7848ced3be975c3d87a9348a4b8d377,085a5657303249f8a7d2ffd5397cd9e4c70d8dbe,-0.1253042221069336
387,9003fb79e7848ced3be975c3d87a9348a4b8d377,ba906034290287d1527ea5bb90271bb25aaca84c,-0.11599453538656235
388,9003fb79e7848ced3be975c3d87a9348a4b8d377,d82d9cb8411cc8d39a26b821f98cda80b08124d7,-0.12470069527626038
389,8384094ce1b342da9eabd2ec939e9bb16ca7ff5c,369634f497852e05d5e72b12874e2a3db2d3945f,0.6325063109397888
390,8384094ce1b342da9eabd2ec939e9bb16ca7ff5c,23e7d3999b97009f94a972114829e0dab6e494e5,0.6014828681945801
391,8384094ce1b342da9eabd2ec939e9bb16ca7ff5c,76e834df333586fa9906afbdabb9a33bef98a56b,0.5178266763687134
392,8384094ce1b342da9eabd2ec939e9bb16ca7ff5c,5985014dda6d502469614aae17349b4d08f9f74c,0.5930781960487366
393,8384094ce1b342da9eabd2ec939e9bb16ca7ff5c,10d6b12fa07c7c8d6c8c3f42c7f1c061c131d4c5,0.38993552327156067
394,8384094ce1b342da9eabd2ec939e9bb16ca7ff5c,434fee9fce74d83c9ed0d47d6a133b68229f1bc1,0.23598018288612366
395,8384094ce1b342da9eabd2ec939e9bb16ca7ff5c,1e8685728af234a320878f3aec2317cd0ae9f179,0.2120337188243866
396,8384094ce1b342da9eabd2ec939e9bb16ca7ff5c,0821ce635b050195ee5f3599e249d2130c7d7439,0.15823636949062347
397,8384094ce1b342da9eabd2ec939e9bb16ca7ff5c,ce2845cadc5233ff0a647aa22ae3bbe646258890,0.11164134740829468
398,8384094ce1b342da9eabd2ec939e9bb16ca7ff5c,b68b04cb44f2d0a9762715fabb4005756926374f,0.17268170416355133
399,8384094ce1b342da9eabd2ec939e9bb16ca7ff5c,f6a4bf043af1a9ec7f104a7b7ab56806b241ceda,0.17834505438804626
400,8384094ce1b342da9eabd2ec939e9bb16ca7ff5c,1835227a28b84b8e7c93a7232437b54c31c52a02,0.20629127323627472
401,8384094ce1b342da9eabd2ec939e9bb16ca7ff5c,bd143f6fe886ddc137783864ee42fef8927571d0,0.131987065076828
402,8384094ce1b342da9eabd2ec939e9bb16ca7ff5c,16c9604d0fc53dc7f21fb31cbc7fab6bd9bdddd6,0.1444607675075531
403,8384094ce1b342da9eabd2ec939e9bb16ca7ff5c,bb7e34dd0d8b3d6a482ba2fe292e635082638612,0.10188031941652298
404,8384094ce1b342da9eabd2ec939e9bb16ca7ff5c,9d5d3fa5bc48de89c398042236b85566f433eb5c,0.054437991231679916
405,8384094ce1b342da9eabd2ec939e9bb16ca7ff5c,13d48c75a6ed770bc8fa0670589db493f3dce819,0.06540904194116592
406,8384094ce1b342da9eabd2ec939e9bb16ca7ff5c,2b4c326582a5a86379816f7c78199886c84e638c,0.004052572883665562
407,8384094ce1b342da9eabd2ec939e9bb16ca7ff5c,5218ebc5fc53fbd8c35b72c7043bba855649f023,0.03220539167523384
408,8384094ce1b342da9eabd2ec939e9bb16ca7ff5c,2211cbe7670c43c2c4d39b43241901f395e07b34,-0.043104249984025955
409,8384094ce1b342da9eabd2ec939e9bb16ca7ff5c,56ec221ef329cfce7acd2e1afea2a2fbf4b3807c,0.01749049313366413
410,8384094ce1b342da9eabd2ec939e9bb16ca7ff5c,5b0d497532c18ee2e48b4d59d6e5cab343d6f8a8,0.018780523911118507
411,8384094ce1b342da9eabd2ec939e9bb16ca7ff5c,422df80a96c5417302067f5ad7ba7b071a73e156,-0.078972727060318
412,8384094ce1b342da9eabd2ec939e9bb16ca7ff5c,53dcb497dfbba0a23a9d247114379b5f3d920a1c,-0.01042399276047945
413,8384094ce1b342da9eabd2ec939e9bb16ca7ff5c,6340677599a6ab56a6b3c37a197391468bb9a074,-0.03341178596019745
414,8384094ce1b342da9eabd2ec939e9bb16ca7ff5c,91e40bc40d57599f62e79b6cbddb501d31907acf,-0.04486549645662308
415,8384094ce1b342da9eabd2ec939e9bb16ca7ff5c,dc3e6c32b17aeb91b6c4bdfb59efaf419caa298f,-0.04952434077858925
416,8384094ce1b342da9eabd2ec939e9bb16ca7ff5c,895700be5f5d63c7e7b7370843ca480909f95225,-0.05852071940898895
417,8384094ce1b342da9eabd2ec939e9bb16ca7ff5c,0a28c12a02140983603c7231ebae70564066f86b,-0.07351773977279663
418,8384094ce1b342da9eabd2ec939e9bb16ca7ff5c,c1369d9ebdde76b855bd8a9405db65400af01620,-0.11207316815853119
419,9759c425008506dac507ed26057febd9cab822b8,303b0b6e6812c60944a4ac9914222ac28b0813a2,0.49812060594558716
420,9759c425008506dac507ed26057febd9cab822b8,0acf1a74e6ed8c323192d2b0424849820fe88715,0.5303794145584106
421,9759c425008506dac507ed26057febd9cab822b8,818826f356444f3daa3447755bf63f171f39ec47,0.45691603422164917
422,9759c425008506dac507ed26057febd9cab822b8,17accbdd4aa3f9fad6af322bc3d7f4d5b648d9cd,0.4434407949447632
423,9759c425008506dac507ed26057febd9cab822b8,b59abcfd7dbed8e284c4237c405f912adb1ad4ea,0.460415244102478
424,9759c425008506dac507ed26057febd9cab822b8,45969603820a845d531cdf3fb8dc7bd0c4198dc2,0.22343936562538147
425,9759c425008506dac507ed26057febd9cab822b8,ed61f1ae043764e78627fff0af93b9425fd608f4,0.25228258967399597
426,9759c425008506dac507ed26057febd9cab822b8,1a6b8d832037f1565f6b81e3743fdacd227c6009,0.2597888708114624
427,9759c425008506dac507ed26057febd9cab822b8,179c5137c6e6122862ed776eea8e0ffa23ad93d4,0.16517332196235657
428,9759c425008506dac507ed26057febd9cab822b8,033fb6c30817e36dce787928cd821d1e6adaad8d,0.15063312649726868
429,9759c425008506dac507ed26057febd9cab822b8,5cc51fb6ecadc853cb4017a43fb644ad1b852bc1,0.14638496935367584
430,9759c425008506dac507ed26057febd9cab822b8,9eacc0de031c0b7c94927bb112ab939dc81a73a5,0.12471648305654526
431,9759c425008506dac507ed26057febd9cab822b8,598eadcca8ac9365d188157d585e076dc2ef60d9,0.09721682965755463
432,9759c425008506dac507ed26057febd9cab822b8,5426559cc4d668ee105ec0894b77493e91c5c4d3,0.10333556681871414
433,9759c425008506dac507ed26057febd9cab822b8,7c17b29d1b6d1dc35ff7f0a3cee172d28728a59e,0.07316669076681137
434,9759c425008506dac507ed26057febd9cab822b8,74d67d2b4c6fdc9f6498ac546b9685a14a9c02ee,0.08566659688949585
435,9759c425008506dac507ed26057febd9cab822b8,35bc3b88d20098869a2e5cdb8cb83ed926627af0,0.04372859746217728
436,9759c425008506dac507ed26057febd9cab822b8,8d3490c7954ed9b9395e459ccdb2f89af588fdfa,0.08375446498394012
437,9759c425008506dac507ed26057febd9cab822b8,068f658a3ce19e4109f5284468396551345f07c0,0.03723480552434921
438,9759c425008506dac507ed26057febd9cab822b8,615757ef091d745900172cb9446375618eee1420,0.02898930013179779
439,9759c425008506dac507ed26057febd9cab822b8,03eba58bd1d1f86a341ed5ac27ad94dc4a9a2ced,0.012443047016859055
440,9759c425008506dac507ed26057febd9cab822b8,ccdc2766b7c0d2c20d2db5abf243926e269ee106,0.019482482224702835
441,9759c425008506dac507ed26057febd9cab822b8,143d057ea9ff4a508b772d80496c8e838da9b156,0.02081354521214962
442,9759c425008506dac507ed26057febd9cab822b8,926a62a19fb38b0211b2343e285439b383d50f5e,-0.01132201962172985
443,9759c425008506dac507ed26057febd9cab822b8,ddacb13730e0bd4e8d97d86401c5fc479c364836,-0.01178191602230072
444,9759c425008506dac507ed26057febd9cab822b8,86e3c2ecc0f5fcf56cbcbac71814f4c7aa76e3c1,0.02407061494886875
445,9759c425008506dac507ed26057febd9cab822b8,44df79541fa068c54cafd50357ab78d626170365,0.0025033215060830116
446,9759c425008506dac507ed26057febd9cab822b8,1facb3308307312789e1db7f0a0904ac9c9e7179,-0.01663227565586567
447,9759c425008506dac507ed26057febd9cab822b8,69150ca557440b1cb384505e26e8144306159308,-0.06334385275840759
448,9759c425008506dac507ed26057febd9cab822b8,fbf1abc9f708704689eae63ac8420282a0d1e8bf,-0.05105813220143318
449,23fa7b866a1b1fee7bb71c8b5a9235cca7120bbc,724cc8ef4661cb4e7223977b5367ba1bf27aaf86,0.6234493255615234
450,23fa7b866a1b1fee7bb71c8b5a9235cca7120bbc,1ba779d5a5c9553ee8ecee5cf6bafb4b494ea7bc,0.5615872740745544
451,23fa7b866a1b1fee7bb71c8b5a9235cca7120bbc,be7536d9baaef7ccdbff845f8e98c136b4c80bb3,0.42433589696884155
452,23fa7b866a1b1fee7bb71c8b5a9235cca7120bbc,eab0d3bdcb21364883bb55e295e55ab479a90181,0.2757647633552551
453,23fa7b866a1b1fee7bb71c8b5a9235cca7120bbc,02d0ce2e95891570f11bbcfee607587f3fac9a02,0.2932547926902771
454,23fa7b866a1b1fee7bb71c8b5a9235cca7120bbc,ea41089bdae06d05981e72c4871111ed7f0de88e,0.19073347747325897
455,23fa7b866a1b1fee7bb71c8b5a9235cca7120bbc,925b3393b18489face6bb6a046db69da86a301bd,0.15108001232147217
456,23fa7b866a1b1fee7bb71c8b5a9235cca7120bbc,bef9d9edd340eb09e2cda37cb7f4d4886a36fe66,0.03186449408531189
457,23fa7b866a1b1fee7bb71c8b5a9235cca7120bbc,55e45491ab76bdced323921b30b0d8b817267cbb,0.13736757636070251
458,23fa7b866a1b1fee7bb71c8b5a9235cca7120bbc,23ff1f97e26c2ab9c4e37c63bb23cb49053ef753,0.09427361935377121
459,23fa7b866a1b1fee7bb71c8b5a9235cca7120bbc,2a894be44d07a963c28893cc6f45d29fbfa872f7,0.09307359158992767
460,23fa7b866a1b1fee7bb71c8b5a9235cca7120bbc,37fdf57456a1b1bd5e7f0c88c0ad79f29c962a8d,0.05853238329291344
461,23fa7b866a1b1fee7bb71c8b5a9235cca7120bbc,12e119a036533b0c5337a8abf99ca934082d3875,0.05805618315935135
462,23fa7b866a1b1fee7bb71c8b5a9235cca7120bbc,ecd0ae4cc17e29dc20265c049134b242c06a64b4,0.05036703497171402
463,23fa7b866a1b1fee7bb71c8b5a9235cca7120bbc,d908f630582f1a11b6d481e635fb1d06e7671f32,0.0048560649156570435
464,23fa7b866a1b1fee7bb71c8b5a9235cca7120bbc,91a073617e082582cac90aea197535e9ab206349,0.02352825552225113
465,23fa7b866a1b1fee7bb71c8b5a9235cca7120bbc,105a216d530d05e9f22be59b8be786735f9a19fa,0.03011486679315567
466,23fa7b866a1b1fee7bb71c8b5a9235cca7120bbc,45790b5bf6a3ad7c641809035661d14d73d6361b,0.0512060783803463
467,23fa7b866a1b1fee7bb71c8b5a9235cca7120bbc,2bd8f5a11c4e6f3e7b596fe1d79c1ec510531191,0.008982809260487556
468,23fa7b866a1b1fee7bb71c8b5a9235cca7120bbc,5dbc5efc9f6414dabc922919c56f40e0f75caad7,-0.009866489097476006
469,23fa7b866a1b1fee7bb71c8b5a9235cca7120bbc,45af76c8542b68d15d17d088d2cbbd8df5a23f19,0.017679747194051743
470,23fa7b866a1b1fee7bb71c8b5a9235cca7120bbc,7a40321919c6f6489ea62817aab83b12f32948b5,-0.007340335287153721
471,23fa7b866a1b1fee7bb71c8b5a9235cca7120bbc,0d550ebf6510bc6bedde6951ef77c310b905185d,-0.018136434257030487
472,23fa7b866a1b1fee7bb71c8b5a9235cca7120bbc,75e614689c0fb9ea8ffa469a273c81d7c590c1db,-0.002588896080851555
473,23fa7b866a1b1fee7bb71c8b5a9235cca7120bbc,c79d8c3768b8dbde4e9fbbd8924805d4a02a1158,-0.0300468597561121
474,23fa7b866a1b1fee7bb71c8b5a9235cca7120bbc,ed7e7d643b0d97be0b5a139e808c0e17139ecd16,-0.027560364454984665
475,23fa7b866a1b1fee7bb71c8b5a9235cca7120bbc,9f27c7cd7a66f612c4807ec6e9a90d6aafd462e8,-0.03254000470042229
476,23fa7b866a1b1fee7bb71c8b5a9235cca7120bbc,96230bbd9804f4e7ac0017f9065ebe488f30b642,-0.06741373240947723
477,23fa7b866a1b1fee7bb71c8b5a9235cca7120bbc,9ff962eef04a9ff83bf1912dde811e6e661b43d8,-0.0961102843284607
478,23fa7b866a1b1fee7bb71c8b5a9235cca7120bbc,7848c7c6a782c6941bdd67556521aa97569366a4,-0.07524865120649338
479,831e3f18d25cc65b6cd18f21ca5ad57bdc53cfce,ec4a94637ecd115219869e9df8902cb7282481e0,0.6692231893539429
480,831e3f18d25cc65b6cd18f21ca5ad57bdc53cfce,32cbd065ac9405530ce0b1832a9a58c7444ba305,0.587155818939209
481,831e3f18d25cc65b6cd18f21ca5ad57bdc53cfce,07f33ce4159c1188ad20b864661731e246512239,0.6368421316146851
482,831e3f18d25cc65b6cd18f21ca5ad57bdc53cfce,2e6a52d23dba71c974adeabee506aee72df7b3bc,0.5957490801811218
483,831e3f18d25cc65b6cd18f21ca5ad57bdc53cfce,033b62167e7358c429738092109311af696e9137,0.5796924829483032
484,831e3f18d25cc65b6cd18f21ca5ad57bdc53cfce,458d8adb34e1de582b6ce553755fb6493093fecf,0.349545955657959
485,831e3f18d25cc65b6cd18f21ca5ad57bdc53cfce,3261659127bebca4d805e8592906b37ece8d0ca3,0.32578539848327637
486,831e3f18d25cc65b6cd18f21ca5ad57bdc53cfce,3215cd14ee1a559eec1513b97ab1c7e6318bd5af,0.18952971696853638
487,831e3f18d25cc65b6cd18f21ca5ad57bdc53cfce,83f80b0c517f60eaec01442eb58a6ffb8bd8ab60,0.14259445667266846
488,831e3f18d25cc65b6cd18f21ca5ad57bdc53cfce,03827b4aef6809ac90487ef1a9d27048088db413,0.13987554609775543
489,831e3f18d25cc65b6cd18f21ca5ad57bdc53cfce,d151823fabbe748b41d90ab0a01b8f9e90822241,0.09110365808010101
490,831e3f18d25cc65b6cd18f21ca5ad57bdc53cfce,5383ee00a5c0c3372081fccfeceb812b7854c9ea,0.15715834498405457
491,831e3f18d25cc65b6cd18f21ca5ad57bdc53cfce,a22445456a70896f850150001ecf4d0a726be9a9,0.08186492323875427
492,831e3f18d25cc65b6cd18f21ca5ad57bdc53cfce,7efa3b18c6d3aa8f20b5b91bb85dd9b76436dd18,0.09065756946802139
493,831e3f18d25cc65b6cd18f21ca5ad57bdc53cfce,8f92b07d5ad2937ebddcc66e1be820805f53e4ec,0.07708543539047241
494,831e3f18d25cc65b6cd18f21ca5ad57bdc53cfce,2ec2038f229c40bd37552c26545743f02fe1715d,0.07117116451263428
495,831e3f18d25cc65b6cd18f21ca5ad57bdc53cfce,d7088b8102edc27106a0ad8cee9bc6c4845edfe9,0.1036277562379837
496,831e3f18d25cc65b6cd18f21ca5ad57bdc53cfce,bff381287fcd0ae45cae0ad2fab03bceb04b1428,0.13813868165016174
497,831e3f18d25cc65b6cd18f21ca5ad57bdc53cfce,378cf0ebeeca44ccd7f04b5e618c6854d0f467ef,0.04449481517076492
498,831e3f18d25cc65b6cd18f21ca5ad57bdc53cfce,c62b19bfe035130d618cbf6fbd1b966fea92fa0c,0.0051476433873176575
499,831e3f18d25cc65b6cd18f21ca5ad57bdc53cfce,76e5089c5e93bef05fdc04695c63c7582a9dd9d0,0.04003326594829559
500,831e3f18d25cc65b6cd18f21ca5ad57bdc53cfce,1a9bb0a637cbaca8489afd69d6840975a9834a05,0.054899588227272034
501,831e3f18d25cc65b6cd18f21ca5ad57bdc53cfce,6e612d643d44d9bee5ab0532aa25fe3fa66e85d5,-0.0021247416734695435
502,831e3f18d25cc65b6cd18f21ca5ad57bdc53cfce,9ef98f87a6b1bd7e6c006f056f321f9d291d4c45,-0.00420647207647562
503,831e3f18d25cc65b6cd18f21ca5ad57bdc53cfce,10faedfeb8ab4280b43538a3cfdeabc46fad7d41,0.002607179805636406
504,831e3f18d25cc65b6cd18f21ca5ad57bdc53cfce,79f026f743997ab8b5251f6e915a0a427576b142,-0.014097092673182487
505,831e3f18d25cc65b6cd18f21ca5ad57bdc53cfce,b45df87ab743d92a6a508815c5cab6d0a52dd3ce,-0.004757912829518318
506,831e3f18d25cc65b6cd18f21ca5ad57bdc53cfce,46a473b1a8ae8d70bb01ccf914005e411b077d0d,-0.08573667705059052
507,831e3f18d25cc65b6cd18f21ca5ad57bdc53cfce,9302a33f0ca803e68c48ddc76fbc7a8a7517999f,-0.07847769558429718
508,831e3f18d25cc65b6cd18f21ca5ad57bdc53cfce,b422615322420d906c75a40843b3a5f200587f9d,-0.14353269338607788
509,89bb989b6ec9fe52fcbcc94bf0923a14ed6bf245,23ebda99aa7020e703be88b82ad255376c6d8878,0.6122664213180542
510,89bb989b6ec9fe52fcbcc94bf0923a14ed6bf245,9ac34c7040d08a27e7dc75cfa46eb0144de3a284,0.5753074884414673
511,89bb989b6ec9fe52fcbcc94bf0923a14ed6bf245,04ada80ffb2d8a90b6366ef225a75edd6a2be0e0,0.4974639415740967
512,89bb989b6ec9fe52fcbcc94bf0923a14ed6bf245,3022cfe4decc9ea7dd95af935764204924c2f9a1,0.47368699312210083
513,89bb989b6ec9fe52fcbcc94bf0923a14ed6bf245,cce2dc7712e0b1fe8ae1fd0ea3148a5ab3cc3c07,0.24446049332618713
514,89bb989b6ec9fe52fcbcc94bf0923a14ed6bf245,6a1da83440c7685f5a03e7bda17be9025e0892e3,0.23592552542686462
515,89bb989b6ec9fe52fcbcc94bf0923a14ed6bf245,0299e59b518fcc29f08c88701e64a3e1621172fe,0.17668698728084564
516,89bb989b6ec9fe52fcbcc94bf0923a14ed6bf245,51c2940efef5ea99ac6dee9ae9841eebffe0dc7d,0.15163306891918182
517,89bb989b6ec9fe52fcbcc94bf0923a14ed6bf245,f852227c81240ae7af03a7716053b08ae45e0bdf,0.18844081461429596
518,89bb989b6ec9fe52fcbcc94bf0923a14ed6bf245,2599131a4bc2fa957338732a37c744cfe3e17b24,0.17617923021316528
519,89bb989b6ec9fe52fcbcc94bf0923a14ed6bf245,29cb1e90d1e08f0990925c8d4e8d00fa5fa49100,0.09082771837711334
520,89bb989b6ec9fe52fcbcc94bf0923a14ed6bf245,1b1337a166cdcf6ee51a70cb23f291c36e9eee34,0.06974206864833832
521,89bb989b6ec9fe52fcbcc94bf0923a14ed6bf245,68cc677342506ef6c0928994e7ece63d432c34fb,0.07655611634254456
522,89bb989b6ec9fe52fcbcc94bf0923a14ed6bf245,52d6080eec86f20553e1264a4adb63630808773c,0.07730931788682938
523,89bb989b6ec9fe52fcbcc94bf0923a14ed6bf245,9c0e62bec042abcdc8bce4449c2c085b03d6a567,0.05689724162220955
524,89bb989b6ec9fe52fcbcc94bf0923a14ed6bf245,77768638f4f400272b6e5970596b127663471538,0.0574524961411953
525,89bb989b6ec9fe52fcbcc94bf0923a14ed6bf245,665cf8ff3a221a3468c6d4fc34c903cd42f236ae,0.061040520668029785
526,89bb989b6ec9fe52fcbcc94bf0923a14ed6bf245,9346a6fc28681eaa56fcf71816bc2070d786062e,0.012952882796525955
527,89bb989b6ec9fe52fcbcc94bf0923a14ed6bf245,c43d8a3d36973e3b830684e80a035bbb6856bcf7,0.022879820317029953
528,89bb989b6ec9fe52fcbcc94bf0923a14ed6bf245,d6a8b32bc767dff6919c6c9aa4b758a8af75c31c,0.04219040274620056
529,89bb989b6ec9fe52fcbcc94bf0923a14ed6bf245,670f313246b21c6f5fa9558b6b559f7fb086aa30,0.0591539591550827
530,89bb989b6ec9fe52fcbcc94bf0923a14ed6bf245,d6fa2444818889afc4ab22d2e868b3c52de8ec38,0.04206951707601547
531,89bb989b6ec9fe52fcbcc94bf0923a14ed6bf245,aa618ec4197c1ee34c0cc42b0624c499e119d28a,0.03813667222857475
532,89bb989b6ec9fe52fcbcc94bf0923a14ed6bf245,a3f4b702a3b273a3b9e77b286f8ce32091271201,0.006127411499619484
533,89bb989b6ec9fe52fcbcc94bf0923a14ed6bf245,813375e15680be8741907064ee740ce58cb94b53,0.08257341384887695
534,89bb989b6ec9fe52fcbcc94bf0923a14ed6bf245,fc595b4410d0e1ecdedfb8f1c68bbd5dfd2d06be,-0.004819449037313461
535,89bb989b6ec9fe52fcbcc94bf0923a14ed6bf245,68c29b7bf1811f941040bba6c611753b8d756310,0.011190906167030334
536,89bb989b6ec9fe52fcbcc94bf0923a14ed6bf245,1b9d022273780c5b0b7522555bd0e2c626a38e77,-0.03638695552945137
537,89bb989b6ec9fe52fcbcc94bf0923a14ed6bf245,dd7993922ac2accbb5de67c8fe1dbc6f53d632c1,-0.036419060081243515
538,89bb989b6ec9fe52fcbcc94bf0923a14ed6bf245,fa7bf12a18250018c6b38dcd5ef879a7a05a4c09,-0.07897533476352692
539,7c8a65bb8e328d8c5bbd352ed4baadc82144dd8b,ebcae59f4fefe0dece6e7e7031fdc9c8503a09c2,0.6986886262893677
540,7c8a65bb8e328d8c5bbd352ed4baadc82144dd8b,97cb31247602189ca18c357c73b0d1ed84d0fa9d,0.63382887840271
541,7c8a65bb8e328d8c5bbd352ed4baadc82144dd8b,fa5728247a11f57d96f9072b07944bbefb47a97f,0.5309169292449951
542,7c8a65bb8e328d8c5bbd352ed4baadc82144dd8b,e519211eed94789da9311a808b8d4bd6a5f73318,0.16698765754699707
543,7c8a65bb8e328d8c5bbd352ed4baadc82144dd8b,b6b53d8c8790d668e799802444e31e90ac177479,0.07631099224090576
544,7c8a65bb8e328d8c5bbd352ed4baadc82144dd8b,31f3a12fb25ddb0a27ebdda7dd8d014996debd74,0.1565021276473999
545,7c8a65bb8e328d8c5bbd352ed4baadc82144dd8b,9d22cb3c483b4ad3b66ef32df3d09d7af289a541,0.15949875116348267
546,7c8a65bb8e328d8c5bbd352ed4baadc82144dd8b,550c6452452c8119f564079b752590a459dcce2c,0.11523044109344482
547,7c8a65bb8e328d8c5bbd352ed4baadc82144dd8b,38315f3ca2fa0b4c528492ae3eb482fb01a834a6,0.10619492828845978
548,7c8a65bb8e328d8c5bbd352ed4baadc82144dd8b,ba282518e054d16c085ebdd9b52dafd70260befc,0.12422078102827072
549,7c8a65bb8e328d8c5bbd352ed4baadc82144dd8b,781c776dfec453ddd1e9faafea144ad09e7a636a,0.024644596502184868
550,7c8a65bb8e328d8c5bbd352ed4baadc82144dd8b,568cff415e7e1bebd4769c4a628b90db293c1717,0.03108098730444908
551,7c8a65bb8e328d8c5bbd352ed4baadc82144dd8b,8a7ab1494c8e63e6d0be9672cd779f3723346493,0.011281348764896393
552,7c8a65bb8e328d8c5bbd352ed4baadc82144dd8b,e037fe8715debddd8bd32cba48aaa980bdd6a68e,0.009859870187938213
553,7c8a65bb8e328d8c5bbd352ed4baadc82144dd8b,710de527b862fe4b81bcf3acbf5ffe4db6852f4e,0.021368592977523804
554,7c8a65bb8e328d8c5bbd352ed4baadc82144dd8b,dc69176673f1f55a497ff43c2a42197e15438619,0.028685608878731728
555,7c8a65bb8e328d8c5bbd352ed4baadc82144dd8b,6ba0491f9dde8ea042ea4a49df34838b345f23c2,0.0036758892238140106
556,7c8a65bb8e328d8c5bbd352ed4baadc82144dd8b,300e36e7528f9f49f440446218e829e76e65fc30,-0.005602527409791946
557,7c8a65bb8e328d8c5bbd352ed4baadc82144dd8b,ea114d3388c0e1e9095612619e4312fafa14d668,-0.010922826826572418
558,7c8a65bb8e328d8c5bbd352ed4baadc82144dd8b,81bed85b8533c6efb07757ca825fa05adad38bde,-0.005377233028411865
559,7c8a65bb8e328d8c5bbd352ed4baadc82144dd8b,ad701b851c63d6fa9d2a145cd182011e4985231c,0.23606671392917633
560,7c8a65bb8e328d8c5bbd352ed4baadc82144dd8b,acc99594d04d703ac345bd2008fe79e62df319b6,-0.031379491090774536
561,7c8a65bb8e328d8c5bbd352ed4baadc82144dd8b,a62ac71cd51124973ac57c87d09a3461ecbd8e61,-0.06897205114364624
562,7c8a65bb8e328d8c5bbd352ed4baadc82144dd8b,a6ae6e7481c6002ffd98b6ce9cf076ec9e350969,0.0065742433071136475
563,7c8a65bb8e328d8c5bbd352ed4baadc82144dd8b,d821ddcae947853a53073c7828ca2a63fc9a9362,-0.0707097053527832
564,7c8a65bb8e328d8c5bbd352ed4baadc82144dd8b,07deac012e4cc97cbc4ef0cb96cbe7e9fc76926e,-0.06135454773902893
565,7c8a65bb8e328d8c5bbd352ed4baadc82144dd8b,055afd1853ebe05dbb41405d188f1569cc98f814,-0.07392233610153198
566,7c8a65bb8e328d8c5bbd352ed4baadc82144dd8b,5499bdc807ec2d040e0b8b215cb234ccdfe45251,-0.08311180770397186
567,7c8a65bb8e328d8c5bbd352ed4baadc82144dd8b,25fdcb2969d0a6ee660f2c98391725ff98867f3f,-0.12340092658996582
568,c1173b8d8efb8c2d989ce0e51fe21f6b0b8d1478,138c86b9283e4f26ff1583acdf4e51a5f88ccad1,0.6012008786201477
569,c1173b8d8efb8c2d989ce0e51fe21f6b0b8d1478,6424add0f4f99cb582ecc50c4a33ae18d9236021,0.5007781982421875
570,c1173b8d8efb8c2d989ce0e51fe21f6b0b8d1478,9b505dd5459fb28f0136d3c63793b600042e6a94,0.46938520669937134
571,c1173b8d8efb8c2d989ce0e51fe21f6b0b8d1478,15b2c44b3868a1055850846161aaca59083e0529,0.4592083692550659
572,c1173b8d8efb8c2d989ce0e51fe21f6b0b8d1478,44b7f70a79734c73c8f231f8eb91f724ef97c371,0.2027115672826767
573,c1173b8d8efb8c2d989ce0e51fe21f6b0b8d1478,0ef550dacb89fb655f252e5b17dbd5d643eb5ac1,0.2855396568775177
574,c1173b8d8efb8c2d989ce0e51fe21f6b0b8d1478,9effb687054446445d1f827f28b94ef886553c82,0.2998282313346863
575,c1173b8d8efb8c2d989ce0e51fe21f6b0b8d1478,5174f38080629993bb258497269277b4d2e865f6,0.15702024102210999
576,c1173b8d8efb8c2d989ce0e51fe21f6b0b8d1478,9a0b250656df8fd2e5fecb78110668195f60f11c,0.1669079065322876
577,c1173b8d8efb8c2d989ce0e51fe21f6b0b8d1478,4c2bbcb3e897e927cd390517b2036b0b9123953c,0.16638416051864624
578,c1173b8d8efb8c2d989ce0e51fe21f6b0b8d1478,551212c42795f2613cb09138d594ec3e654042b7,0.12812313437461853
579,c1173b8d8efb8c2d989ce0e51fe21f6b0b8d1478,f8e3eb310101eac0e5175c61bb7bba2b89fcf45e,0.14895479381084442
580,c1173b8d8efb8c2d989ce0e51fe21f6b0b8d1478,321f14b35975b3800de5e66da64dee96071603d9,0.19235840439796448
581,c1173b8d8efb8c2d989ce0e51fe21f6b0b8d1478,d6e2b45820dfee9ac48926884d19a30ebf33820b,0.10272771120071411
582,c1173b8d8efb8c2d989ce0e51fe21f6b0b8d1478,22eb5f0400babf66c76128e475dc2baf1606dc6d,0.16850748658180237
583,c1173b8d8efb8c2d989ce0e51fe21f6b0b8d1478,9903b6801d6cc7687d484f8ec7d8496093cdd24b,0.08866273611783981
584,c1173b8d8efb8c2d989ce0e51fe21f6b0b8d1478,951128a02e03a28358aabf1e6df053899ab118ab,0.11221428960561752
585,c1173b8d8efb8c2d989ce0e51fe21f6b0b8d1478,f74219d8448b4f3a05ff82a8acf2e78e5c141c41,0.04226365685462952
586,c1173b8d8efb8c2d989ce0e51fe21f6b0b8d1478,73a061bc6fe1afca540f0451dbd07065a1cf8429,0.012535244226455688
587,c1173b8d8efb8c2d989ce0e51fe21f6b0b8d1478,d5621f8c4aa7bf231624489d3525fe4c373b7ddc,0.06896885484457016
588,c1173b8d8efb8c2d989ce0e51fe21f6b0b8d1478,abf9ee52b29f109f5dbf6423fbc0d898df802971,-0.025885624811053276
589,c1173b8d8efb8c2d989ce0e51fe21f6b0b8d1478,50886d25ddd5d0d1982ed94f90caa67639fcf1a1,0.07245656847953796
590,c1173b8d8efb8c2d989ce0e51fe21f6b0b8d1478,6fdade400c600be1247ea41f1ab9ce2e9196d835,-0.02318098023533821
591,c1173b8d8efb8c2d989ce0e51fe21f6b0b8d1478,cfcac1ef666fc173eb80f93c9eec220da63c4b5e,0.03262796252965927
592,c1173b8d8efb8c2d989ce0e51fe21f6b0b8d1478,1c0d35e024dbb8a1db0f326fb243a67d158d5f24,0.03730957955121994
593,c1173b8d8efb8c2d989ce0e51fe21f6b0b8d1478,6756d3e0669430fa6e006754aecb46084818d6b6,-0.010510355234146118
594,c1173b8d8efb8c2d989ce0e51fe21f6b0b8d1478,809d484629228c94889c47ffcfd530e8edff17cc,-0.03526017442345619
595,c1173b8d8efb8c2d989ce0e51fe21f6b0b8d1478,a8718f42e55720b942e11fd1eda73f7c26ad7ef9,-0.0459526926279068
596,c1173b8d8efb8c2d989ce0e51fe21f6b0b8d1478,f5dbb5a0aeb5823d704077b372d0dd989d4ebe1c,-0.0810294896364212
597,c1173b8d8efb8c2d989ce0e51fe21f6b0b8d1478,ebeb3dc542db09dfca3d5697f6897058eaa3a1f1,-0.06271277368068695
598,c7514e9628d90692ccb355fece10d340e03780a2,0b4b6932d5df74b366d9235b40334bc40d719c72,0.46179118752479553
599,c7514e9628d90692ccb355fece10d340e03780a2,2444be7584d1f5a7e2aa9f65078de09154f14ea1,0.4170924723148346
600,c7514e9628d90692ccb355fece10d340e03780a2,396785ef3914fb49df9f1396dc7637bbd738e4f3,0.45717161893844604
601,c7514e9628d90692ccb355fece10d340e03780a2,16f63ebc5b393524b48932946cb1ba3b6ac5c702,0.34484049677848816
602,c7514e9628d90692ccb355fece10d340e03780a2,ec10084d3998cc1ec7a1612a7a7c3faff42a185b,0.28711527585983276
603,c7514e9628d90692ccb355fece10d340e03780a2,459fbc416eb9a55920645c741b1e4cce95f39786,0.29003408551216125
604,c7514e9628d90692ccb355fece10d340e03780a2,8aef832372c6e3e83f10532f94f18bd26324d4fd,0.21960821747779846
605,c7514e9628d90692ccb355fece10d340e03780a2,36c63a0effe1c12e6010b8c8d004d65b0ca4fdd5,0.20443426072597504
606,c7514e9628d90692ccb355fece10d340e03780a2,21b25b025898bd1cabe60234434b49cf14016981,0.232848659157753
607,c7514e9628d90692ccb355fece10d340e03780a2,6b9a3fb2db7207821283abc52d4369c0a2b27420,0.15614520013332367
608,c7514e9628d90692ccb355fece10d340e03780a2,53ddd8d657a963f70059827470bc403f335c4da3,0.10333091765642166
609,c7514e9628d90692ccb355fece10d340e03780a2,7fb4d06ac25d609c2d00e187aa1f29e6cf803616,0.08213610202074051
610,c7514e9628d90692ccb355fece10d340e03780a2,17677ce6c75bf00d6ab0bbbb742e7e1cbf391c93,0.1283494532108307
611,c7514e9628d90692ccb355fece10d340e03780a2,baf77336afa708e071c5c5e1c6f481ff27d0150d,0.07702535390853882
612,c7514e9628d90692ccb355fece10d340e03780a2,e0ab7c2f6068f0587a627d820c78ffa0cc72de91,0.10066460072994232
613,c7514e9628d90692ccb355fece10d340e03780a2,397598e6eae070857808dfafbcc4ff3679f40197,0.10609599947929382
614,c7514e9628d90692ccb355fece10d340e03780a2,2232416778783616736149c870a69beb13cda743,0.11126066744327545
615,c7514e9628d90692ccb355fece10d340e03780a2,0aa2e697c0d901229e3c6b2495fed8ac990b0ec6,0.09904293715953827
616,c7514e9628d90692ccb355fece10d340e03780a2,ce1e8d04fdff25e91399e2fbb8bc8159dd1ea58a,0.08389542996883392
617,c7514e9628d90692ccb355fece10d340e03780a2,27ba58c16e84d9c9887c2892e75b3691bc91184d,0.08033803105354309
618,c7514e9628d90692ccb355fece10d340e03780a2,9429369078d62d69658c1aacc54c73f33d417e5e,0.009966476820409298
619,c7514e9628d90692ccb355fece10d340e03780a2,b20174e5c007f1fcd322aee56200d14506d8d842,0.024196205660700798
620,c7514e9628d90692ccb355fece10d340e03780a2,6a12eef3ea13f837dec2dfd05ec462b9a9867be7,0.07186175882816315
621,c7514e9628d90692ccb355fece10d340e03780a2,89c8f10a6546606a5667bb1d131e87b99deaa85c,0.056465744972229004
622,c7514e9628d90692ccb355fece10d340e03780a2,53964b05929728398e2c67609de2438e36347691,-0.003100825473666191
623,c7514e9628d90692ccb355fece10d340e03780a2,d5e1add7a30b6c1f3b0f3278e8b29acac1ffdcc3,-0.043887797743082047
624,c7514e9628d90692ccb355fece10d340e03780a2,261764f15f5d81ff5da68d60c22edb40b1764fb8,-0.0006845183670520782
625,c7514e9628d90692ccb355fece10d340e03780a2,7e48ecaee001358a19cda8cbdc9081239834cb54,-0.070484459400177
626,c7514e9628d90692ccb355fece10d340e03780a2,4045ced70cba66af99b542bb3bb87578a4020ebf,-0.01371704414486885
627,c7514e9628d90692ccb355fece10d340e03780a2,c8cff23dcba448f4af436d40d32e367ea0bbe9bc,-0.09579825401306152
628,8f03f545ff791a70455ad4624208357e41dcfc0c,af3c5d46ea4f54a323017c7c430e4d0cc45e4abc,0.7410226464271545
629,8f03f545ff791a70455ad4624208357e41dcfc0c,2327ad6f237b37150e84f0d745a05565ebf0b24d,0.7098020315170288
630,8f03f545ff791a70455ad4624208357e41dcfc0c,5ae4e852d333564923e1b6caf6b009729df6ca6a,0.6603363752365112
631,8f03f545ff791a70455ad4624208357e41dcfc0c,14829636fee5a1cf8dee9737849a8e2bdaf9a91f,0.5976291298866272
632,8f03f545ff791a70455ad4624208357e41dcfc0c,175de84e1c7ce58cd969372a54461d7499086d46,0.5452399849891663
633,8f03f545ff791a70455ad4624208357e41dcfc0c,b9bd0c9c9fdf937a1b542dfebe08474be89ad6b3,0.057970914989709854
634,8f03f545ff791a70455ad4624208357e41dcfc0c,46e8299d64a00f08f4a5bd689108c00cf42860ec,0.06932903826236725
635,8f03f545ff791a70455ad4624208357e41dcfc0c,4db968f2a87761ff2475492e49d36ab364e245ea,0.045526884496212006
636,8f03f545ff791a70455ad4624208357e41dcfc0c,28f5f8dc2f2f9f2a4e49024fe6aa7e9a63b23ab0,0.013290446251630783
637,8f03f545ff791a70455ad4624208357e41dcfc0c,f4d8dc512bab3f35063c205296ae13823512fd48,0.036110781133174896
638,8f03f545ff791a70455ad4624208357e41dcfc0c,b9b2f317b2d4ea9c6061d196eb15d97707dafb98,0.08140886574983597
639,8f03f545ff791a70455ad4624208357e41dcfc0c,dcd96df43c3f1577e6bd1634cfd58ddc891d8e66,0.005961758084595203
640,8f03f545ff791a70455ad4624208357e41dcfc0c,253906bf2e541e433131ae304186ae3a0964c528,0.0015258267521858215
641,8f03f545ff791a70455ad4624208357e41dcfc0c,e4a6673ef658221fef360e6051631d65e9547b62,0.011072304099798203
642,8f03f545ff791a70455ad4624208357e41dcfc0c,3c8f10906c705b16ba38ded5b5960f5e803b2a8b,0.013162009418010712
643,8f03f545ff791a70455ad4624208357e41dcfc0c,a3570fd9ac6ae016e88e62d1526f54e4cfba45a2,-0.019748374819755554
644,8f03f545ff791a70455ad4624208357e41dcfc0c,960b239659bcd3ce15cd6cfc9cc9932302ba2ec9,0.002516530454158783
645,8f03f545ff791a70455ad4624208357e41dcfc0c,396619128638c662476ce3eaf5b52eb43ff636e7,-0.03142952173948288
646,8f03f545ff791a70455ad4624208357e41dcfc0c,696ec77d7bcf5b71039877e07dbbdb341d04b4e3,-0.06913375854492188
647,8f03f545ff791a70455ad4624208357e41dcfc0c,5c92dba116be39f7a09d909c8b29424df3751145,-0.04415588453412056
648,8f03f545ff791a70455ad4624208357e41dcfc0c,b93d79021e07ab7780307df0234bab13e1a1d965,-0.03202857822179794
649,8f03f545ff791a70455ad4624208357e41dcfc0c,92a53264ca7c6dad488f5d997c457a732686c2e2,-0.03918690234422684
650,8f03f545ff791a70455ad4624208357e41dcfc0c,b8b841750a536ceebd5f5e7ff1390f8afc1d7022,-0.09368094801902771
651,8f03f545ff791a70455ad4624208357e41dcfc0c,f2be739f0805729f754edb5238fde49b37afb00c,-0.06202338635921478
652,8f03f545ff791a70455ad4624208357e41dcfc0c,d4e797e60696bcc453e8fa9e93ea0ebfbbabedfd,-0.0742187574505806
653,8f03f545ff791a70455ad4624208357e41dcfc0c,e0d65a8195e2da1a4f354828a98e43ed94ac1c5d,-0.0760548859834671
654,8f03f545ff791a70455ad4624208357e41dcfc0c,29c169580719d4722135951c99b9d508f58fa641,-0.10854152590036392
655,8f03f545ff791a70455ad4624208357e41dcfc0c,18d8f0b1ff6c3cf0f110daa2af9c6f91d260d326,-0.10392333567142487
656,8f03f545ff791a70455ad4624208357e41dcfc0c,7d986dac610e20441adb9161e5466c88932626e9,-0.15376895666122437
657,8f03f545ff791a70455ad4624208357e41dcfc0c,dea53a884f878bbe65b9f7bc58bd2f673470628e,-0.17668357491493225
658,542215d9c86220acd32dbe07a4fcd882c3912952,8b74a32cebb5faf131595496f6470ff9c2c33468,0.6922357082366943
659,542215d9c86220acd32dbe07a4fcd882c3912952,af15e4f7fadc7e44fdac502ae122f3eef22f5807,0.5150516629219055
660,542215d9c86220acd32dbe07a4fcd882c3912952,4316fc1e70781ab5d52396bb23ed4d2508c13392,0.5439144968986511
661,542215d9c86220acd32dbe07a4fcd882c3912952,423fff94db2be3ddef5e3204338d2111776eafea,0.4201056957244873
662,542215d9c86220acd32dbe07a4fcd882c3912952,10efde0973c9b8221202bacfcdb79a77e1a47fa0,0.4387897253036499
663,542215d9c86220acd32dbe07a4fcd882c3912952,da4e852a2aaec170adb411dee0afd491f93a436d,0.21156930923461914
664,542215d9c86220acd32dbe07a4fcd882c3912952,ac923df3a1e5dfb8a5b187a6475fa49af699362e,0.20607824623584747
665,542215d9c86220acd32dbe07a4fcd882c3912952,3aa883df8963851c56e651218e178eb00900f833,0.14806266129016876
666,542215d9c86220acd32dbe07a4fcd882c3912952,cf5caa2d22e0b75f4ff4058124dd12962d2bb875,0.1169133335351944
667,542215d9c86220acd32dbe07a4fcd882c3912952,444de73739fc0f1010869389df4bde605fc6f0ae,0.11134876310825348
668,542215d9c86220acd32dbe07a4fcd882c3912952,9606fb370f8d4a99d7bd33e5ada15b8232ec671d,0.09923645853996277
669,542215d9c86220acd32dbe07a4fcd882c3912952,ce6a0e1eb76d55ff7ee38f1536737839b8d995fa,0.05851725488901138
670,542215d9c86220acd32dbe07a4fcd882c3912952,2af4ce08453c65a79d79da2d873287270fdb475e,0.07448229193687439
671,542215d9c86220acd32dbe07a4fcd882c3912952,afad9773e74db1927cff4c284dee8afbc4fb849d,0.04389612376689911
672,542215d9c86220acd32dbe07a4fcd882c3912952,18592d8609cab37e21abafb3c3ce98e541828f96,0.03241251781582832
673,542215d9c86220acd32dbe07a4fcd882c3912952,2588acc7a730d864f84d4e1a050070ff873b03d5,0.005042586475610733
674,542215d9c86220acd32dbe07a4fcd882c3912952,1bed30d161683d279780aee34619f94a860fa973,-0.003525417298078537
675,542215d9c86220acd32dbe07a4fcd882c3912952,1c3f90f5fd10dc2d813106069d0843dd741eff21,-0.04348711669445038
676,542215d9c86220acd32dbe07a4fcd882c3912952,36548a8574d82530ccee5070826cbd960738b7cd,-0.028103569522500038
677,542215d9c86220acd32dbe07a4fcd882c3912952,d1c407b4c549da6fecd51de95b80ad345bf2bb85,-0.031075527891516685
678,542215d9c86220acd32dbe07a4fcd882c3912952,7ba5d4220f608e5fa8899fb92853bbc99875768e,-0.028583895415067673
679,542215d9c86220acd32dbe07a4fcd882c3912952,9b066d16f6c28315dddb589fa366f81cbd2a18b0,-0.03605645149946213
680,542215d9c86220acd32dbe07a4fcd882c3912952,5a609c164899a6e07317add1c8ae7420560c6ff1,-0.03706839680671692
681,542215d9c86220acd32dbe07a4fcd882c3912952,a1b72bdedc5fe96f582b87a319b3c6a4164a210d,-0.03947458416223526
682,542215d9c86220acd32dbe07a4fcd882c3912952,e142e52af456af42c6dfa55a15f11706b0c95531,-0.0672454833984375
683,542215d9c86220acd32dbe07a4fcd882c3912952,e3cf27b3ab900708fa58466dfe08623731730faf,-0.05788589268922806
684,542215d9c86220acd32dbe07a4fcd882c3912952,a0abc128adbd02ad1f98f2fba22974c3692b427b,-0.04763699322938919
685,542215d9c86220acd32dbe07a4fcd882c3912952,bea20c34bc3aa04c4c49361197e415b6a09e06b8,-0.1156717836856842
686,542215d9c86220acd32dbe07a4fcd882c3912952,75cbc0eec23375df69de6c64e2f48689dde417c5,-0.14533337950706482
687,542215d9c86220acd32dbe07a4fcd882c3912952,b07bae86dcd40e74674f97c0419d6c2543ecd7c0,-0.17927876114845276
688,d0f54ee5eb73065a2d8c790bbfe727a34541bbea,35cd8951a533a5366f2b76ba31c8f80dc490f02d,0.35535046458244324
689,d0f54ee5eb73065a2d8c790bbfe727a34541bbea,4e89ac6de1ed1c63f26168b1afea9b64e0c766f4,0.3720299303531647
690,d0f54ee5eb73065a2d8c790bbfe727a34541bbea,259d0304adcb49e40436137684b78a80c9ef097b,0.26503700017929077
691,d0f54ee5eb73065a2d8c790bbfe727a34541bbea,21c1f5927e3064a645b48ba27b0a365ba59a7b87,0.2524321675300598
692,d0f54ee5eb73065a2d8c790bbfe727a34541bbea,388341c65f2bb0792c24cc5bdfca7b6979837065,0.220991313457489
693,d0f54ee5eb73065a2d8c790bbfe727a34541bbea,0e3e3c3d8ae5cb7c4636870d69967c197484d3bb,0.2407681792974472
694,d0f54ee5eb73065a2d8c790bbfe727a34541bbea,3c398007c04eb12c0b7417f5d135919a300a470d,0.2404978722333908
695,d0f54ee5eb73065a2d8c790bbfe727a34541bbea,48fc6dc4ee7c010bccebd68cd1609742dc0bb1cd,0.18625116348266602
696,d0f54ee5eb73065a2d8c790bbfe727a34541bbea,b81ce299272fd81fe5e45d70d94ed0a5d05b3415,0.10663899034261703
697,d0f54ee5eb73065a2d8c790bbfe727a34541bbea,e82a0cda29cebc481f70015dae63bafbc5ce82f7,0.18110710382461548
698,d0f54ee5eb73065a2d8c790bbfe727a34541bbea,608319d244f78ca7600bd8d52eb4092c5629f5c4,0.13559065759181976
699,d0f54ee5eb73065a2d8c790bbfe727a34541bbea,ceac72b22fe1d633b067861b1060e7f558a63eb5,0.18254706263542175
700,d0f54ee5eb73065a2d8c790bbfe727a34541bbea,0729515f62042d1274c131360c33a121df71c856,0.14578300714492798
701,d0f54ee5eb73065a2d8c790bbfe727a34541bbea,330c9d6cb1d12d075de81ac0d50473dfbc06a944,0.09638936817646027
702,d0f54ee5eb73065a2d8c790bbfe727a34541bbea,f27a619df1d53d7db0649ff172bd1aab3103e085,0.10737482458353043
703,d0f54ee5eb73065a2d8c790bbfe727a34541bbea,7f13e66231c96f34f8de2b091e5b5dafb5db5327,0.09227245301008224
704,d0f54ee5eb73065a2d8c790bbfe727a34541bbea,8fef10f868659a06ef78771daa1874f2d396f6b0,0.022927608340978622
705,d0f54ee5eb73065a2d8c790bbfe727a34541bbea,56b8ba1cfb6310b9b78194bce33eebdeb0ba7b4a,0.06494024395942688
706,d0f54ee5eb73065a2d8c790bbfe727a34541bbea,8674c6a49b6f23693bb8f7288bea7425535f4cb4,-0.006801789626479149
707,d0f54ee5eb73065a2d8c790bbfe727a34541bbea,10469075c749654963e591011637df730921acfa,0.02708742767572403
708,d0f54ee5eb73065a2d8c790bbfe727a34541bbea,c5953a609b401f254b6179ec0fca8e9e53006bb6,-0.03982685133814812
709,d0f54ee5eb73065a2d8c790bbfe727a34541bbea,87ae824d0e87b19939c373b415814cce85778f44,0.03257336467504501
710,d0f54ee5eb73065a2d8c790bbfe727a34541bbea,6141fafb1fefb2a757ef0760278508e8890b3775,0.0002983333542943001
711,d0f54ee5eb73065a2d8c790bbfe727a34541bbea,05fff685560a2199f10a5ce2a599a1b5b02f85e1,0.014489181339740753
712,d0f54ee5eb73065a2d8c790bbfe727a34541bbea,fb45c069629429e3becbd9d862f8c31f52dd5156,0.02391064539551735
713,d0f54ee5eb73065a2d8c790bbfe727a34541bbea,12bb8acfc11a52e3022f0f64254e435dfc9af05e,0.027066737413406372
714,d0f54ee5eb73065a2d8c790bbfe727a34541bbea,2d0b9205d0d19f96e3b75733611d6c88cf948036,0.042723700404167175
715,d0f54ee5eb73065a2d8c790bbfe727a34541bbea,a5e2cc82193a9c092892a83f79d5835fa12dfeea,-0.030621333047747612
716,d0f54ee5eb73065a2d8c790bbfe727a34541bbea,0e7122bd7137fd166b278e34db3422d3174aedc7,-0.04843015968799591
717,d0f54ee5eb73065a2d8c790bbfe727a34541bbea,3984ffd42059f5758b284ae31422332dee6e337a,-0.08396902680397034
718,5ded1e19eb785dc0707c94f62f552798db9dd2ef,ff2695513e7e0f49a0a484818c19b6346e076172,0.5142066478729248
719,5ded1e19eb785dc0707c94f62f552798db9dd2ef,626ecbdfdf0f92ef306865cc28503350d2591008,0.4860934615135193
720,5ded1e19eb785dc0707c94f62f552798db9dd2ef,65f77b5c1a03ab2beb949714dd9bb37b60a8ff0c,0.2751733362674713
721,5ded1e19eb785dc0707c94f62f552798db9dd2ef,f982d95a9177088bb7cc3d0cccf06187251457ce,0.35742825269699097
722,5ded1e19eb785dc0707c94f62f552798db9dd2ef,43dfdf71c82d7a61367e94ea927ef1c33d4ac17a,0.3363407850265503
723,5ded1e19eb785dc0707c94f62f552798db9dd2ef,78bc141c3c3e3498856eee6641f321e21dee47ec,0.24621909856796265
724,5ded1e19eb785dc0707c94f62f552798db9dd2ef,b5569014fa6099f841213f8965f025ab39826a02,0.1977035403251648
725,5ded1e19eb785dc0707c94f62f552798db9dd2ef,8d6b6d56226098bce86afb0a68567f60463bd4e2,0.13812465965747833
726,5ded1e19eb785dc0707c94f62f552798db9dd2ef,2b33a3d37a973ec5a28613fb0f83566ee9cde259,0.1436610370874405
727,5ded1e19eb785dc0707c94f62f552798db9dd2ef,4e0636a1b92503469b44e2807f0bb35cc0d97652,0.10919265449047089
728,5ded1e19eb785dc0707c94f62f552798db9dd2ef,607fb677be1c9799c3783750eb5f19d8d9bf9ffe,0.09075698256492615
729,5ded1e19eb785dc0707c94f62f552798db9dd2ef,3d0dd69d6f49d3b91fad795509c86918b7e4142c,0.04064434766769409
730,5ded1e19eb785dc0707c94f62f552798db9dd2ef,492eefbcae67edbfada670645033610cef04e487,0.07510276883840561
731,5ded1e19eb785dc0707c94f62f552798db9dd2ef,8c63d23cc29dc6221ed6bd0704fccc03baf20ebc,0.05545657128095627
732,5ded1e19eb785dc0707c94f62f552798db9dd2ef,cf887165c44ab9a5bf5dd3f399c9548b3b0bb96b,0.018523558974266052
733,5ded1e19eb785dc0707c94f62f552798db9dd2ef,3c3a63ab5c8e6924082ccdde8132e8b42d910bed,0.02316318079829216
734,5ded1e19eb785dc0707c94f62f552798db9dd2ef,831d2fa6af688ef2d6b754bb315ef6cb20085763,-0.058387093245983124
735,5ded1e19eb785dc0707c94f62f552798db9dd2ef,709cc149b7e17d03b8b92c181a98d6e44ad782e6,-0.03701406344771385
736,5ded1e19eb785dc0707c94f62f552798db9dd2ef,4fba12c75d28e46e3ea93102499fb0c27d360e17,-0.013230625540018082
737,5ded1e19eb785dc0707c94f62f552798db9dd2ef,a66fe50037d1a4c3798fb0aadb6e9b7c5c8b6319,-0.03448983281850815
738,5ded1e19eb785dc0707c94f62f552798db9dd2ef,5229c1735d80a7bf20834a244c5b618d440c2eb4,-0.0455140694975853
739,5ded1e19eb785dc0707c94f62f552798db9dd2ef,8f2eb4dfe08f00faa0567c88b5ef1019c08714e3,-0.025922639295458794
740,5ded1e19eb785dc0707c94f62f552798db9dd2ef,97d19d14679452e0da301933789f4e1d6cf855d9,0.02054019086062908
741,5ded1e19eb785dc0707c94f62f552798db9dd2ef,cc06ad0ed7b91c93b64d10ee4ed700c33f0d9f13,-0.041975777596235275
742,5ded1e19eb785dc0707c94f62f552798db9dd2ef,bb59dd3db07e4e82b0fc734e37531417d6834f86,-0.02748258411884308
743,5ded1e19eb785dc0707c94f62f552798db9dd2ef,40ff6d970a68098a2b99cda4e2067282620be1ee,-0.013471616432070732
744,5ded1e19eb785dc0707c94f62f552798db9dd2ef,12f1075dba87030dd82b1254c2f160f0ab861c2a,-0.062101222574710846
745,5ded1e19eb785dc0707c94f62f552798db9dd2ef,7b4ee2287d47f58b876c71efa2f49b27766b774b,-0.06512559950351715
746,5ded1e19eb785dc0707c94f62f552798db9dd2ef,692265f55ec6c67453b86dd45f55b4a4afd812c2,-0.15694481134414673
747,fe4cfc7df897c632311ed0165e66ff9932865e5f,6834913a76b686957c0b8c755d1ca6ef3bd76914,0.492729127407074
748,fe4cfc7df897c632311ed0165e66ff9932865e5f,76c5db9edf820433eae631383f08b4e89e90fffa,0.4202158451080322
749,fe4cfc7df897c632311ed0165e66ff9932865e5f,6e88d09b2adc7a3d9230d324387929ec54a9d886,0.3771275281906128
750,fe4cfc7df897c632311ed0165e66ff9932865e5f,f19983b3e9b7fe8106c0375ebbd9f73a53295a28,0.343059778213501
751,fe4cfc7df897c632311ed0165e66ff9932865e5f,a8dbadf2c893337cae38de3c898d6181a5c9fe98,0.22725197672843933
752,fe4cfc7df897c632311ed0165e66ff9932865e5f,682640754c867ecc6ae2ccaa5dc68403ee7d2e63,0.15390892326831818
753,fe4cfc7df897c632311ed0165e66ff9932865e5f,e92771cf6244a4b5965f3cae60d16131774b794c,0.170673668384552
754,fe4cfc7df897c632311ed0165e66ff9932865e5f,478fbef8568a021c3d91c13128efa19ad719dd88,0.19203892350196838
755,fe4cfc7df897c632311ed0165e66ff9932865e5f,127db6c733f2882754f56835ebc43e58016d8083,0.18772944808006287
756,fe4cfc7df897c632311ed0165e66ff9932865e5f,58ca5ac14af2765ce1d25c3a82d6f9312437ded0,0.10461548715829849
757,fe4cfc7df897c632311ed0165e66ff9932865e5f,7022082e8974d54d5bf79c782702f885feb1e47f,0.049848638474941254
758,fe4cfc7df897c632311ed0165e66ff9932865e5f,393f75566fc90724852c4d259159c9ed1438c8dd,0.09573831409215927
759,fe4cfc7df897c632311ed0165e66ff9932865e5f,91dfbc19a2bb88b00fd258d36d0f099f5ceb5772,0.10726162791252136
760,fe4cfc7df897c632311ed0165e66ff9932865e5f,923d01e0ff983c0ecd3fde5e831e5faff8485bc5,0.07666199654340744
761,fe4cfc7df897c632311ed0165e66ff9932865e5f,5dee13efc6090823d9cb7eaab441b0427575f6f6,0.078006811439991
762,fe4cfc7df897c632311ed0165e66ff9932865e5f,0970c10b5af6c5bbaeedf5d696c3c355aaa97959,0.07684534788131714
763,fe4cfc7df897c632311ed0165e66ff9932865e5f,3365109a45c7874049fd858602b66bbe8d75f680,0.03547253459692001
764,fe4cfc7df897c632311ed0165e66ff9932865e5f,13ae3c8afef5a0d6f4c9e684da9fc1fa96caaeb6,0.02721915766596794
765,fe4cfc7df897c632311ed0165e66ff9932865e5f,4e3a22ed94c260b9143eee9fdf6d5d6e892ecd8f,0.07957540452480316
766,fe4cfc7df897c632311ed0165e66ff9932865e5f,b2aaa63f6f5f0540da1b530853e427574c0848a0,-0.00459633395075798
767,fe4cfc7df897c632311ed0165e66ff9932865e5f,c6fabf4a6208f3024efeb0b5247aa27158bba65f,-0.03271573409438133
768,fe4cfc7df897c632311ed0165e66ff9932865e5f,a476d62237bd84719b77190f9008e0745b2d1e27,-0.010818995535373688
769,fe4cfc7df897c632311ed0165e66ff9932865e5f,ab8fb76765c698070d62554378bc09e4c7517447,-0.023892655968666077
770,fe4cfc7df897c632311ed0165e66ff9932865e5f,446545c2a1043e1732b6cbaad01fe7089ad3f36e,-0.05727504938840866
771,fe4cfc7df897c632311ed0165e66ff9932865e5f,9d7af4b0f9a42f914f4d2a3bdafee776407a30d3,-0.02581671252846718
772,fe4cfc7df897c632311ed0165e66ff9932865e5f,dda8b34e2532c0f54e0ae9ad3be50085935e6439,-0.06436710804700851
773,fe4cfc7df897c632311ed0165e66ff9932865e5f,10d3f77225eca1d576268ba84ed83f230a5e47c4,-0.13559895753860474
774,fe4cfc7df897c632311ed0165e66ff9932865e5f,e08088b490881afabb9b2298ae1d0702dcf7ba9d,-0.09317570179700851
775,fe4cfc7df897c632311ed0165e66ff9932865e5f,41b0d9399573a6ca0d48f9ae06fa14697e80073d,-0.11118549853563309
776,fe4cfc7df897c632311ed0165e66ff9932865e5f,8a84ea00fc22fb7d4b6d6f0b450e43058cb4113f,-0.14551401138305664
777,74ff6bd7f70bb2fe17016ded5104614c001f0cef,96fccad0177530b81941d208355887de2d658d2c,0.6649417877197266
778,74ff6bd7f70bb2fe17016ded5104614c001f0cef,55b9587b8557f17ceec341a9310f89fa39f62330,0.6626527905464172
779,74ff6bd7f70bb2fe17016ded5104614c001f0cef,1b7690012a25bb33b429dbd72eca7459b9f50653,0.658937931060791
780,74ff6bd7f70bb2fe17016ded5104614c001f0cef,5e884f51916d37b91c35bae2a45b28d12b7e20d2,0.5063281655311584
781,74ff6bd7f70bb2fe17016ded5104614c001f0cef,9b956e094c3aa5a831c9b916dde35d1ca9abf066,0.526902437210083
782,74ff6bd7f70bb2fe17016ded5104614c001f0cef,7e9db0d2a5c60e773cee15cdb07a966ee3a2e839,0.32725703716278076
783,74ff6bd7f70bb2fe17016ded5104614c001f0cef,eb39688f697a858128e88e49253d5684403104f8,0.2603890895843506
784,74ff6bd7f70bb2fe17016ded5104614c001f0cef,71b77ce0c0b36ae64c82ea0ba901db2e997fbb3c,0.22910436987876892
785,74ff6bd7f70bb2fe17016ded5104614c001f0cef,e60778347ffb55b8b42ba831ffb8f8f7269182a5,0.11884938180446625
786,74ff6bd7f70bb2fe17016ded5104614c001f0cef,a3e3493bfc56ec35a229eb072813f16936137a4b,0.0940474271774292
787,74ff6bd7f70bb2fe17016ded5104614c001f0cef,4aa68739ca016f8ce45eb007942d8d6695bf312f,0.10175784677267075
788,74ff6bd7f70bb2fe17016ded5104614c001f0cef,a7052f29f15cb4c8c637f0dc0b505793b37575d7,0.03880574181675911
789,74ff6bd7f70bb2fe17016ded5104614c001f0cef,bf6a087e7b6fb84dd4f54f3b16950ad577e591e0,0.05448959022760391
790,74ff6bd7f70bb2fe17016ded5104614c001f0cef,5d3707c2c4c98882d2b474a4a7fe3687f84d4ba6,0.02184326760470867
791,74ff6bd7f70bb2fe17016ded5104614c001f0cef,851262970e8c26cb1fa0bef54eb21f22a0d5233f,0.03960894048213959
792,74ff6bd7f70bb2fe17016ded5104614c001f0cef,17ed959ece2bc6ee416f214bb4aaf534d27da133,0.05957353115081787
793,74ff6bd7f70bb2fe17016ded5104614c001f0cef,58816e61b3a412d197b96d943dcf3d175be2a93e,0.00943279080092907
794,74ff6bd7f70bb2fe17016ded5104614c001f0cef,9c222a6d7ca4b305be445c73d89a6f2485b04f31,0.051829755306243896
795,74ff6bd7f70bb2fe17016ded5104614c001f0cef,91d0c579f080087a494713a2736015c15d0b8e73,0.0190545916557312
796,74ff6bd7f70bb2fe17016ded5104614c001f0cef,04b0ed77fd9e233eddd3d5364c981547ba5d6def,0.1176176518201828
797,74ff6bd7f70bb2fe17016ded5104614c001f0cef,bd3551ca36b945425abe3783512c1189376017da,-0.02156643383204937
798,74ff6bd7f70bb2fe17016ded5104614c001f0cef,e62a01862475aabafb16015a4601375626c74a99,-0.004862392321228981
799,74ff6bd7f70bb2fe17016ded5104614c001f0cef,51530111c0a33ac3a7f00e34028798f1dae6f69d,0.012963064014911652
800,74ff6bd7f70bb2fe17016ded5104614c001f0cef,b41a46752e865bcd7dda6e7557187eb2e13106e7,-0.02888817898929119
801,74ff6bd7f70bb2fe17016ded5104614c001f0cef,20a1ac0c7bccc7818c8ebb98c368720dc732b286,-0.022875068709254265
802,74ff6bd7f70bb2fe17016ded5104614c001f0cef,f094b074deeafb43523281bdcd13e23903c0c667,-0.0554584339261055
803,74ff6bd7f70bb2fe17016ded5104614c001f0cef,654489b82fd0402114d9114f596ba43ddd11ea6a,-0.025804704055190086
804,74ff6bd7f70bb2fe17016ded5104614c001f0cef,3f4f346052bdb8700cd70845baf5a5daf98b29a3,-0.052743688225746155
805,74ff6bd7f70bb2fe17016ded5104614c001f0cef,ec4560bc781944dc74723771d422f9a37241ad29,-0.09525321424007416
806,2b26645a12e3a11f53ae4d31798f1009376962db,139a860b94e9b89a0d6c85f500674fe239e87099,0.46503522992134094
807,2b26645a12e3a11f53ae4d31798f1009376962db,21e222383b85483a28305a4d406f044fec00d114,0.442940890789032
808,2b26645a12e3a11f53ae4d31798f1009376962db,c8e8b54f87f43c4a6f85695712dff55e0edec760,0.441525399684906
809,2b26645a12e3a11f53ae4d31798f1009376962db,212a4ab68c4489eca22984ecd297e986693e5200,0.44169914722442627
810,2b26645a12e3a11f53ae4d31798f1009376962db,1c40786dc5cc14efeb3a08e08bfdfdc52995b3ea,0.36856794357299805
811,2b26645a12e3a11f53ae4d31798f1009376962db,085085c28297570459bf8cbafeb285333cb610db,0.19765006005764008
812,2b26645a12e3a11f53ae4d31798f1009376962db,b36f2191fe33ef99a6870bcd3f282b7093b27302,0.1589146852493286
813,2b26645a12e3a11f53ae4d31798f1009376962db,e49fc5ec302a4a95131bc798b946370c84ee9402,0.10025916993618011
814,2b26645a12e3a11f53ae4d31798f1009376962db,85b3cd74945cc6517aa3a7017f89d8857c3600da,0.12790338695049286
815,2b26645a12e3a11f53ae4d31798f1009376962db,b8b11e8152fa900ab34aabb30f9542ffe7d4c453,0.1033473014831543
816,2b26645a12e3a11f53ae4d31798f1009376962db,02413be569417baf09b1b3e1132bb9b94eb19733,0.08508528769016266
817,2b26645a12e3a11f53ae4d31798f1009376962db,d7380a586ff83845263d98d77e3b0ec5ff00765d,0.11481970548629761
818,2b26645a12e3a11f53ae4d31798f1009376962db,9d2ea884a8103ad756e9a743fab9cf2f95f054da,0.11460138112306595
819,2b26645a12e3a11f53ae4d31798f1009376962db,65e414d24a0cc51a4f431174120e3070b91043bc,0.11451274156570435
820,2b26645a12e3a11f53ae4d31798f1009376962db,1fbccf28aed3f085e385dc727d4ab8505598fea2,0.1074017584323883
821,2b26645a12e3a11f53ae4d31798f1009376962db,1491084572f77d15cb1367395a4ab8bb8b3cbe1a,0.05254611372947693
822,2b26645a12e3a11f53ae4d31798f1009376962db,254be802991ca4b4464c7abb5ff1a11803680950,0.07464709132909775
823,2b26645a12e3a11f53ae4d31798f1009376962db,8dfa1e41d8b6c3805be4f33f70dc191dd41a1180,0.07384058088064194
824,2b26645a12e3a11f53ae4d31798f1009376962db,2b1b3ae38a2d7bc13f63920641540d77eb2ac60d,0.02454904466867447
825,2b26645a12e3a11f53ae4d31798f1009376962db,6c6590e1e27ba9df8145a0add4d8fe982ae4b57a,0.0666651576757431
826,2b26645a12e3a11f53ae4d31798f1009376962db,09c4ba8dd3cc88289caf18d71e8985bdd11ad21c,0.010762406513094902
827,2b26645a12e3a11f53ae4d31798f1009376962db,87adf3d8f3f935dc982e91951dd5730fb1559d90,0.005361180752515793
828,2b26645a12e3a11f53ae4d31798f1009376962db,df1f684a65853983f9d04a99137c20207dec0c70,0.010747410356998444
829,2b26645a12e3a11f53ae4d31798f1009376962db,cb84881e3dcd2d6c908a3a88a3c7891728da3e39,0.028591196984052658
830,2b26645a12e3a11f53ae4d31798f1009376962db,aaa49eee7ed13b2945996446762c2d1f868d1310,0.029203686863183975
831,2b26645a12e3a11f53ae4d31798f1009376962db,750c3a9c6814bab2b6cb93fa25c7b91e6929fae2,0.0030466336756944656
832,2b26645a12e3a11f53ae4d31798f1009376962db,b3e326f56fd2e32f33fd5a8f3138c6633da25786,0.017792534083127975
833,2b26645a12e3a11f53ae4d31798f1009376962db,4105dcca0c1c18c0420a98202567f036bf2b2bcc,-0.0604066364467144
834,2b26645a12e3a11f53ae4d31798f1009376962db,c401b33b3611ccc3111ed50ba9f7c20ce7e4057f,-0.10612727701663971
835,2b26645a12e3a11f53ae4d31798f1009376962db,12451c12aa782c3db7b63a990120d59a15a8e310,-0.14670857787132263
836,6a40ffc156aea0c9abbd92294d6b729d2e5d5797,085fb3acabcbf80ef1bf47daec50d246475b072b,0.6579616069793701
837,6a40ffc156aea0c9abbd92294d6b729d2e5d5797,f7e7b91480a5036562a6b2276066590c9cc9c4f1,0.5029910802841187
838,6a40ffc156aea0c9abbd92294d6b729d2e5d5797,7a09464f26e18a25a948baaa736270bfb84b5e12,0.5928729772567749
839,6a40ffc156aea0c9abbd92294d6b729d2e5d5797,13e2d5c4d39bc58b42f9004e5b03905f847dfa0f,0.5654224157333374
840,6a40ffc156aea0c9abbd92294d6b729d2e5d5797,0bddc08769e9ff5d42ed36336f69bb3b1f42e716,0.535133957862854
841,6a40ffc156aea0c9abbd92294d6b729d2e5d5797,2e268b70c7dcae58de2c8ff7bed1e58a5e58109a,0.527682900428772
842,6a40ffc156aea0c9abbd92294d6b729d2e5d5797,6fa33dcf5bd93299443cb46208219e9365f53ab3,0.22749948501586914
843,6a40ffc156aea0c9abbd92294d6b729d2e5d5797,3890e38fd7018fa6afa80a25e6610a1976a7741c,0.20868486166000366
844,6a40ffc156aea0c9abbd92294d6b729d2e5d5797,cd84e1e9890c5e10088376b56796718f79fa7e61,0.0824044868350029
845,6a40ffc156aea0c9abbd92294d6b729d2e5d5797,77185982b410e6441dc1a2c87c6acc3362ac0f01,0.15170523524284363
846,6a40ffc156aea0c9abbd92294d6b729d2e5d5797,b6450a9b119bece8058e7a43c03b21bd6522c220,0.156701922416687
847,6a40ffc156aea0c9abbd92294d6b729d2e5d5797,27eaf1c2047fba8a71540496d59f3fec9b7f46bb,0.15269553661346436
848,6a40ffc156aea0c9abbd92294d6b729d2e5d5797,3e789c93315b6bd9bd2493fc12ecb7381a598509,0.032957907766103745
849,6a40ffc156aea0c9abbd92294d6b729d2e5d5797,9892ad453d0d7a6f260a0c6ca50c54c614cd2160,0.08665300160646439
850,6a40ffc156aea0c9abbd92294d6b729d2e5d5797,1121fed40a291ab796ee7f2ca1c6e59988087011,0.10440598428249359
851,6a40ffc156aea0c9abbd92294d6b729d2e5d5797,6d596cb55d99eae216840090b46bc5e49d7aeea5,0.11599790304899216
852,6a40ffc156aea0c9abbd92294d6b729d2e5d5797,a7e2814ec5db800d2f8c4313fd436e9cf8273821,0.11736847460269928
853,6a40ffc156aea0c9abbd92294d6b729d2e5d5797,0b1447fda2c0c1a55df07ab1d405fffcedd0420f,0.07329805940389633
854,6a40ffc156aea0c9abbd92294d6b729d2e5d5797,8ee60491a7e54f0a347f301e53b5b4521f8714e7,0.05984599143266678
855,6a40ffc156aea0c9abbd92294d6b729d2e5d5797,7157dda72073ff66cc2de6ec5db056a3e8b326d7,0.052991196513175964
856,6a40ffc156aea0c9abbd92294d6b729d2e5d5797,c07d5ce6c340b3684eeb1d8e70ffcdf6b70652f9,0.0483112707734108
857,6a40ffc156aea0c9abbd92294d6b729d2e5d5797,adf242eae5e6793b5135fa7468479b8a1ad5008e,0.0244505163282156
858,6a40ffc156aea0c9abbd92294d6b729d2e5d5797,26f6693ade84ea613d4ffa380406db060dafe3ae,0.057945527136325836
859,6a40ffc156aea0c9abbd92294d6b729d2e5d5797,f9825a2d225b549f6c70b2faaeabd8537730a319,0.03337917476892471
860,6a40ffc156aea0c9abbd92294d6b729d2e5d5797,1832aa821e189770d4401092eb0a93215bd1c382,0.030532127246260643
861,6a40ffc156aea0c9abbd92294d6b729d2e5d5797,35d6448436d4829c774b2cd62fdf1a2b9c81c376,-0.015545310452580452
862,6a40ffc156aea0c9abbd92294d6b729d2e5d5797,40f5cc97ff200cfa17d7a3ce5a64176841075247,-0.05952773988246918
863,6a40ffc156aea0c9abbd92294d6b729d2e5d5797,89a75e3ad11cbdc00df88d619422fbe1b75b95d6,-0.03188033029437065
864,6a40ffc156aea0c9abbd92294d6b729d2e5d5797,66903e95f84767a31beef430b2367492ac9cc750,-0.052464526146650314
865,6a40ffc156aea0c9abbd92294d6b729d2e5d5797,c24333af7c45436c9da2121f11bb63444381aaff,-0.049474116414785385
866,304899db87ea51fa65eb562ecc918cb2ebeb41ee,5ec3ee90bbc5b23e748d82cb1914d1c45d85bdd9,0.6414601802825928
867,304899db87ea51fa65eb562ecc918cb2ebeb41ee,1ff3ebd402e29c3af7226ece7f1d716daf1eb4a9,0.7079848051071167
868,304899db87ea51fa65eb562ecc918cb2ebeb41ee,0515ff7de41fd349b4bff34f7fe4e9c12a7fff47,0.6743260622024536
869,304899db87ea51fa65eb562ecc918cb2ebeb41ee,a1b40af260487c00a2031df1ffb850d3bc368cee,0.6190198659896851
870,304899db87ea51fa65eb562ecc918cb2ebeb41ee,2fb03a66f250a2c51eb2eb30344a13a5e4d8a265,0.3413148522377014
871,304899db87ea51fa65eb562ecc918cb2ebeb41ee,b8090b7b7efa0d971d3e1174facea60129be09c6,0.16276031732559204
872,304899db87ea51fa65eb562ecc918cb2ebeb41ee,4ddbeb946a4ff4853f2e98c547bb0b39cc6a4480,0.1367589384317398
873,304899db87ea51fa65eb562ecc918cb2ebeb41ee,442fb4e092c0b63721d8bef973c2affbac1f708b,0.16581763327121735
874,304899db87ea51fa65eb562ecc918cb2ebeb41ee,ab7ac31bbb31b85d23c697be743bf0786d4883b0,0.15942662954330444
875,304899db87ea51fa65eb562ecc918cb2ebeb41ee,d62c281dffed526cf12937c4b320a2b74226ae05,0.13115641474723816
876,304899db87ea51fa65eb562ecc918cb2ebeb41ee,94983a1f9ccf11dfdba827c5113b0484a85590ee,0.12132775783538818
877,304899db87ea51fa65eb562ecc918cb2ebeb41ee,06881a2960a83e6cf075c30888fe69af405a8bbc,0.11999459564685822
878,304899db87ea51fa65eb562ecc918cb2ebeb41ee,c3b56745ca11a97daf08c2a97834e8f5c625077d,0.043234504759311676
879,304899db87ea51fa65eb562ecc918cb2ebeb41ee,af1b1279bb28dc24488cf3050f86257ad1cd02b3,0.03722867742180824
880,304899db87ea51fa65eb562ecc918cb2ebeb41ee,b3769619cdc490ec60aaa3025cd9402a74235f0c,-0.02180679515004158
881,304899db87ea51fa65eb562ecc918cb2ebeb41ee,15c6a03461ce80ef39587bf86e8b88d4b20457a2,0.011539816856384277
882,304899db87ea51fa65eb562ecc918cb2ebeb41ee,dd3331156d892c9fc0c669d50d0302c9ecdeb056,-0.0029300376772880554
883,304899db87ea51fa65eb562ecc918cb2ebeb41ee,64c8217cc46df711f294cdd823d04ff2cc602280,-0.058029331266880035
884,304899db87ea51fa65eb562ecc918cb2ebeb41ee,91c50f239890e64c246130e94e795568a2e38c98,-0.05675960332155228
885,304899db87ea51fa65eb562ecc918cb2ebeb41ee,881ad7b896a6e6715a231afe48bbc276167ecf73,-0.0431724488735199
886,304899db87ea51fa65eb562ecc918cb2ebeb41ee,cbfdddf49d76c9e2577c6a555bbf746bd69effe1,-0.08588632941246033
887,304899db87ea51fa65eb562ecc918cb2ebeb41ee,0c9c4daa230bcc62cf3d78236ccf54ff686a36e0,-0.08464176952838898
888,304899db87ea51fa65eb562ecc918cb2ebeb41ee,773c85e88bbf54de684c85c9104750dce79f9688,-0.07691995054483414
889,304899db87ea51fa65eb562ecc918cb2ebeb41ee,9b0b961fa83fb529b9eaa17953bc83ff6e71c1ab,-0.09281286597251892
890,304899db87ea51fa65eb562ecc918cb2ebeb41ee,e0b65eb21c041ca01043739af988ee011708ec8b,-0.102071613073349
891,304899db87ea51fa65eb562ecc918cb2ebeb41ee,c368e5f5d6390ecd6b431f3b535c707ea8b21993,-0.0981101468205452
892,304899db87ea51fa65eb562ecc918cb2ebeb41ee,c1efd29ddb6cb5cf82151ab25fbfc99e20354d9e,-0.11429137736558914
893,304899db87ea51fa65eb562ecc918cb2ebeb41ee,b7f442298f16684e4c1e69fd4c5002f02a783d27,-0.13081026077270508
894,304899db87ea51fa65eb562ecc918cb2ebeb41ee,1475e1dea92f1b9c7d2c8ba3a9ead3b91febc6f1,-0.14800265431404114
895,304899db87ea51fa65eb562ecc918cb2ebeb41ee,19bd1797921ec924b69b2b22999b555a5f2b982f,-0.10505424439907074
896,11c7dcdd20a2fa500162c3f1477d20bb18bfa15a,03b18dcde7ba5bb0e87b2bdb68ab7af951daf162,0.7228705883026123
897,11c7dcdd20a2fa500162c3f1477d20bb18bfa15a,060e380b28be29b7eda509981a50b4406ea6b21b,0.649134635925293
898,11c7dcdd20a2fa500162c3f1477d20bb18bfa15a,368f3dea4f12c77dfc9b7203f3ab2b9efaecb635,0.6580713391304016
899,11c7dcdd20a2fa500162c3f1477d20bb18bfa15a,1c23e1ad1a538416e8123f128a87c928b09be868,0.5394718647003174
900,11c7dcdd20a2fa500162c3f1477d20bb18bfa15a,0b3cfbf79d50dae4a16584533227bb728e3522aa,0.4411683976650238
901,11c7dcdd20a2fa500162c3f1477d20bb18bfa15a,4d357ffc1cf60d3f34b5345899619882791474bb,0.32356616854667664
902,11c7dcdd20a2fa500162c3f1477d20bb18bfa15a,57d774b8592b4b3f83f1304be43701ad8517e79a,0.2795098125934601
903,11c7dcdd20a2fa500162c3f1477d20bb18bfa15a,d2752e691248eb77223bf7a4a3cd4d8878d682b7,0.09396445006132126
904,11c7dcdd20a2fa500162c3f1477d20bb18bfa15a,13b77bed4038262f2dedc3bfba8a1905e1e8dd2b,0.13454723358154297
905,11c7dcdd20a2fa500162c3f1477d20bb18bfa15a,7d2a06f43648cf023566b58143a4e7b50f3b80ca,0.15116333961486816
906,11c7dcdd20a2fa500162c3f1477d20bb18bfa15a,e578f65fd5e499a72481da3a288a401f564a779a,0.10536017268896103
907,11c7dcdd20a2fa500162c3f1477d20bb18bfa15a,429e2f4d95fe77d8c61245265529963df171da68,0.06885727494955063
908,11c7dcdd20a2fa500162c3f1477d20bb18bfa15a,463d85ce8348eba0935d155d557634ed7e57bb07,0.03838450461626053
909,11c7dcdd20a2fa500162c3f1477d20bb18bfa15a,bd4113b9b41f663465f2bcd5d97103715e67e273,0.04318585246801376
910,11c7dcdd20a2fa500162c3f1477d20bb18bfa15a,940825a6c2e4000f2f95ea70b8358e4bbd63b77c,0.033413365483284
911,11c7dcdd20a2fa500162c3f1477d20bb18bfa15a,ee42bceb15d28ce0c7fcd3e37d9a564dfbb3ab90,0.11655186116695404
912,11c7dcdd20a2fa500162c3f1477d20bb18bfa15a,2881b79ff142496c27d9558361e48f105208dec4,0.04805619269609451
913,11c7dcdd20a2fa500162c3f1477d20bb18bfa15a,443362dc552b36c33138c415408d307213ddfa36,-0.016454309225082397
914,11c7dcdd20a2fa500162c3f1477d20bb18bfa15a,df2ae4effe67763a3505a30c2b05df6a3efbb93f,0.04173364117741585
915,11c7dcdd20a2fa500162c3f1477d20bb18bfa15a,7c3d54d7ca0d0960ec5e03db9e75c09db7005a2c,0.04834397882223129
916,11c7dcdd20a2fa500162c3f1477d20bb18bfa15a,5721cc62c8cd71e5302330dd2d4a1ab0b38f5553,-0.06008857861161232
917,11c7dcdd20a2fa500162c3f1477d20bb18bfa15a,b5429dd7cce627a1699daa0a6a0edc9d0e3081f1,0.03523828834295273
918,11c7dcdd20a2fa500162c3f1477d20bb18bfa15a,6d60a7255878f03e3405c60c72a6420c38b165bc,-0.01565316505730152
919,11c7dcdd20a2fa500162c3f1477d20bb18bfa15a,0562bc5f82b40e2e9c0ae035aa2dd1da6107017c,0.016608495265245438
920,11c7dcdd20a2fa500162c3f1477d20bb18bfa15a,31c280aa6c4f6a98c0fa5e1a843355e1e8da4007,-0.0215686596930027
921,11c7dcdd20a2fa500162c3f1477d20bb18bfa15a,f7b48b0028a9887f85fe857b62441f391560ef6d,-0.0568791963160038
922,11c7dcdd20a2fa500162c3f1477d20bb18bfa15a,1f95617ace456a1d543ccc6de4171904d8aeb1d2,-0.06934118270874023
923,11c7dcdd20a2fa500162c3f1477d20bb18bfa15a,0b789e34df1af1c23d64ee82dce9aeb6982bbba9,-0.05123784765601158
924,11c7dcdd20a2fa500162c3f1477d20bb18bfa15a,8cab4d4370461767e7193679a308d92f6b89f00a,-0.06202966719865799
925,11c7dcdd20a2fa500162c3f1477d20bb18bfa15a,f50bd6c24e5fef71e54d0ec873a733b6fd6302e4,-0.1327008157968521
926,a39a3d23826455285039041f8a9a393b09119b86,c1c1907129cd058d84e0cc7c89e1c34f2adaa34a,0.5965396165847778
927,a39a3d23826455285039041f8a9a393b09119b86,8714d4596da62426a37516f45ef1aa4dd5b79a56,0.537641704082489
928,a39a3d23826455285039041f8a9a393b09119b86,2e36f88fa9826e44182fc266d1e16ac7704a65b7,0.6070889830589294
929,a39a3d23826455285039041f8a9a393b09119b86,e46c54636bff2ec3609a67fd33e21a7fc8816179,0.42550724744796753
930,a39a3d23826455285039041f8a9a393b09119b86,15b45650fa30c56bdc4c595a5afd31663f7f3eb4,0.48018375039100647
931,a39a3d23826455285039041f8a9a393b09119b86,4d91926b9291fd4542547f5e974be8c82cf6c822,0.24836662411689758
932,a39a3d23826455285039041f8a9a393b09119b86,65952bad69d5331c1760a37ae0af5817cb666edd,0.22680674493312836
933,a39a3d23826455285039041f8a9a393b09119b86,bb6782a9f12310b196d57a8bcce2b0445a9d7e2a,0.1508842557668686
934,a39a3d23826455285039041f8a9a393b09119b86,1a4b6ee6cd846ef5e3030a6ae59f026e5f50eda6,0.13688987493515015
935,a39a3d23826455285039041f8a9a393b09119b86,40f08a80714e7384651ddab62f4597b37779dff5,0.15878283977508545
936,a39a3d23826455285039041f8a9a393b09119b86,37bed9d4fec61263e109402b46136272bcd8c5ce,0.12780088186264038
937,a39a3d23826455285039041f8a9a393b09119b86,5ce872665d058a4500d143797ac7d2af04139c9d,0.09583376348018646
938,a39a3d23826455285039041f8a9a393b09119b86,60388818aa7faf07945d53292a21d3efa2ea841e,0.10943277925252914
939,a39a3d23826455285039041f8a9a393b09119b86,1b482decdcf473fda7fb883cc8b232f302738e52,0.11496242880821228
940,a39a3d23826455285039041f8a9a393b09119b86,d9c012f793800b470e1be86aff533a54ce333990,0.060925401747226715
941,a39a3d23826455285039041f8a9a393b09119b86,6426be25b02086a78a5dd5505c077c5d4205f275,0.1002550721168518
942,a39a3d23826455285039041f8a9a393b09119b86,6f7ef31d1f59993a5004b46b598cf3f5a1743ebb,0.049629926681518555
943,a39a3d23826455285039041f8a9a393b09119b86,1a37f07606d60df365d74752857e8ce909f700b3,0.1030503436923027
944,a39a3d23826455285039041f8a9a393b09119b86,aa3eaccca6a4c9082a98ec60fe1de798a8c77e73,0.06146208196878433
945,a39a3d23826455285039041f8a9a393b09119b86,2dc3ec722948c08987127647ae34a502cabaa6db,0.0614815354347229
946,a39a3d23826455285039041f8a9a393b09119b86,5b25081ac8d857e7f1b09ace9f98eaa657220fe3,0.04777888208627701
947,a39a3d23826455285039041f8a9a393b09119b86,7d360a98dd7dfec9e3079ea18e78e74c6a7038f1,0.014278452843427658
948,a39a3d23826455285039041f8a9a393b09119b86,9e6c094ffc5ba2cd0776d798692f3374920de574,0.002232771832495928
949,a39a3d23826455285039041f8a9a393b09119b86,6faf92529ccb3680c3965babc343c69cff5d9576,-0.030171113088726997
950,a39a3d23826455285039041f8a9a393b09119b86,de5576fbe7efefff0ef9d4b8231e9a5a67fc9d77,-0.031126514077186584
951,a39a3d23826455285039041f8a9a393b09119b86,432ed941958594a886753f4fb874e143e4e6995c,-0.020386934280395508
952,a39a3d23826455285039041f8a9a393b09119b86,7d44b2416c1563c75077b727170c1791641d0f67,-0.056210990995168686
953,a39a3d23826455285039041f8a9a393b09119b86,ca0332af5ac073a32fbce802b7d02bb2fb0d827e,-0.11647126078605652
954,a39a3d23826455285039041f8a9a393b09119b86,70d930de222e3243d597da448f3f067dee173b24,-0.129305899143219
955,a39a3d23826455285039041f8a9a393b09119b86,bd08d97a8152216e0bb234a2c5a56a378c7a738e,-0.16803014278411865
956,9c4d7805f3724fb7b866950eaa0505952ff25fd0,047175fb23f6f152d86e81100ba7140dd2847636,0.5882103443145752
957,9c4d7805f3724fb7b866950eaa0505952ff25fd0,023f6fc69fe1f6498e35dbf85932ecb549d36ca4,0.46263015270233154
958,9c4d7805f3724fb7b866950eaa0505952ff25fd0,a0dc8911c47c3d0e1643ecfaa7032cee6fb5eb64,0.286713182926178
959,9c4d7805f3724fb7b866950eaa0505952ff25fd0,0c53bdd975f351ebe88e5cc130df1e9097f69e95,0.2753340005874634
960,9c4d7805f3724fb7b866950eaa0505952ff25fd0,324608bf8fecc064bc491da21291465ab42fa6b6,0.2767125368118286
961,9c4d7805f3724fb7b866950eaa0505952ff25fd0,bc93ff646e6f863d885e609db430716d7590338f,0.24785396456718445
962,9c4d7805f3724fb7b866950eaa0505952ff25fd0,75da7a21c87f198af775646280785c6d7ecbcf59,0.1665237843990326
963,9c4d7805f3724fb7b866950eaa0505952ff25fd0,005aea80a403da18f95fcb9944236a976d83580e,0.22644631564617157
964,9c4d7805f3724fb7b866950eaa0505952ff25fd0,fa733019ed69133849acb2abbb7a20927da4b0a3,0.1519172042608261
965,9c4d7805f3724fb7b866950eaa0505952ff25fd0,0c759542ce106928f51d98adde1d2ae170f7bf03,0.16517797112464905
966,9c4d7805f3724fb7b866950eaa0505952ff25fd0,c60b517516e3839ee29ebec6f4a90674329b01ff,0.08665671944618225
967,9c4d7805f3724fb7b866950eaa0505952ff25fd0,9350c8bd303102f51235673c8283088e5e0972b0,0.13171535730361938
968,9c4d7805f3724fb7b866950eaa0505952ff25fd0,ec1df2ae7a2754c2c763d6817fc5358ceb71bd26,0.09248765558004379
969,9c4d7805f3724fb7b866950eaa0505952ff25fd0,9d3b8af14903250d57107838e8d11f77a2913fc6,0.09935019910335541
970,9c4d7805f3724fb7b866950eaa0505952ff25fd0,c3efc7d586e242d6a11d047a25b67ecc0f1cce0c,0.07563674449920654
971,9c4d7805f3724fb7b866950eaa0505952ff25fd0,600434c6255c160b53ad26912c1c0b96f0d48ce6,0.06015079841017723
972,9c4d7805f3724fb7b866950eaa0505952ff25fd0,44d39169cb96258713b96b1a871808d979b36681,0.05191310495138168
973,9c4d7805f3724fb7b866950eaa0505952ff25fd0,475e3a17cad15b484a4c162dda8b6419eb4604f4,0.12068243324756622
974,9c4d7805f3724fb7b866950eaa0505952ff25fd0,b6db9d4ad617bde1a442cae69c7327e7c1b1abee,0.042761169373989105
975,9c4d7805f3724fb7b866950eaa0505952ff25fd0,1c9bbf45c8a1c314bd30dca723238f941b4bcd29,0.09231489151716232
976,9c4d7805f3724fb7b866950eaa0505952ff25fd0,afb772d0361d6ca85b78ba166b960317b9a87943,-0.02383870631456375
977,9c4d7805f3724fb7b866950eaa0505952ff25fd0,a4c408a991925aca147df668999d775eb2a1e24a,0.029363729059696198
978,9c4d7805f3724fb7b866950eaa0505952ff25fd0,184500ebdb349acaf5cdbeb74da1b335816656fd,-0.031447477638721466
979,9c4d7805f3724fb7b866950eaa0505952ff25fd0,7c461664d3be5328d2b82b62f254513a8cfc3f69,-0.017164163291454315
980,9c4d7805f3724fb7b866950eaa0505952ff25fd0,bb47383009e740d2f4f0e2095f705c2ecab4d184,-0.06348405033349991
981,9c4d7805f3724fb7b866950eaa0505952ff25fd0,08026d939ac1f30951ff7f4f7c335bf3fef47be4,-0.0751301497220993
982,9c4d7805f3724fb7b866950eaa0505952ff25fd0,3ffe34c47874451b3aa0e8a83aa97febe2985225,-0.07011400908231735
983,9c4d7805f3724fb7b866950eaa0505952ff25fd0,84de97089bfe42d5ff6521ffaa36f746b9cfcc0a,-0.11428342759609222
984,9c4d7805f3724fb7b866950eaa0505952ff25fd0,d287e56f57d583ae5404654b7ecc27b3aa6dc5aa,-0.1401388943195343
985,9c4d7805f3724fb7b866950eaa0505952ff25fd0,b7c09ef4e9deb4702e1a268f060b3f6a228dcf9c,-0.12568733096122742
986,1d8465c3f5aee1b7a790f6eeb44637343861ba47,0541d5338adc48276b3b8cd3a141d799e2d40150,0.653681755065918
987,1d8465c3f5aee1b7a790f6eeb44637343861ba47,9ee6209432316baf6776838917e06bca4d874747,0.5548901557922363
988,1d8465c3f5aee1b7a790f6eeb44637343861ba47,1d27d04e8cef4d32cb4e022c9f493a40a019f59f,0.658576488494873
989,1d8465c3f5aee1b7a790f6eeb44637343861ba47,58c7c61a9268a3d01d378f5f7944cf75c10d1e4d,0.3838105797767639
990,1d8465c3f5aee1b7a790f6eeb44637343861ba47,111b0d103542ad8679767e67bbeff8b6504002bc,0.4118933081626892
991,1d8465c3f5aee1b7a790f6eeb44637343861ba47,6a307cf51517f6c97d855639129afd002634ab92,0.27027463912963867
992,1d8465c3f5aee1b7a790f6eeb44637343861ba47,3a9564179380cb03a01abbc30e4c7ed4d80efb32,0.22115036845207214
993,1d8465c3f5aee1b7a790f6eeb44637343861ba47,b830796a40eafc15719823365cab73e9cf1ca9cb,0.1833781898021698
994,1d8465c3f5aee1b7a790f6eeb44637343861ba47,e72bef91e694b03492c350c0a938a750e7b362ba,0.2226637899875641
995,1d8465c3f5aee1b7a790f6eeb44637343861ba47,05743d71dbc6254377040df77db0f7e135a659e8,0.1667722463607788
996,1d8465c3f5aee1b7a790f6eeb44637343861ba47,e213d04220b1b880d8bb61a60d36990c781395f3,0.16146206855773926
997,1d8465c3f5aee1b7a790f6eeb44637343861ba47,8d06b2be191f8ea5e5db65ca1138566680e703f0,0.21738511323928833
998,1d8465c3f5aee1b7a790f6eeb44637343861ba47,920314057cce832e864af4a4455b08e132b5d3e2,0.10744047164916992
999,1d8465c3f5aee1b7a790f6eeb44637343861ba47,de2447a25012c71ad316487b4b9e7378a4fcccc0,0.2728816866874695
1000,1d8465c3f5aee1b7a790f6eeb44637343861ba47,5cfc936d12bbd8a0f100687b12b20e406215f30a,0.17876479029655457
1001,1d8465c3f5aee1b7a790f6eeb44637343861ba47,73623d7b97157358f279fef53ba37b8d2c9908f6,0.107113316655159
1002,1d8465c3f5aee1b7a790f6eeb44637343861ba47,58232840b9db3e471692f40081f86e34e8a9288a,0.18350453674793243
1003,1d8465c3f5aee1b7a790f6eeb44637343861ba47,795347ba7148a0762714e7b65c4fa6ed09d418eb,0.10378763824701309
1004,1d8465c3f5aee1b7a790f6eeb44637343861ba47,8ff0c546aff84566635f0a9a2e01feb3d6588c1c,0.05043267831206322
1005,1d8465c3f5aee1b7a790f6eeb44637343861ba47,a2b7dddd3a980da4e9d7496dec6121d5f36f56e7,0.08416391164064407
1006,1d8465c3f5aee1b7a790f6eeb44637343861ba47,926574da942b7b67cd1842777e06c8ec797ab363,0.07006247341632843
1007,1d8465c3f5aee1b7a790f6eeb44637343861ba47,6b880d58b826074c49d0a38d0f9fb481e93c0acc,0.23596948385238647
1008,1d8465c3f5aee1b7a790f6eeb44637343861ba47,c468404dc5175915ab316d73b70128b0bbfd2ef7,0.025347527116537094
1009,1d8465c3f5aee1b7a790f6eeb44637343861ba47,4637412ab649b2bb407be29b49bb6b0f9784a432,-0.02429150603711605
1010,1d8465c3f5aee1b7a790f6eeb44637343861ba47,85701860924815edfe13f2533ab3cd4c00648159,0.04045237973332405
1011,1d8465c3f5aee1b7a790f6eeb44637343861ba47,517596b6d40b66bf77d5bd0d7ca67e80139dc9bc,0.010170791298151016
1012,1d8465c3f5aee1b7a790f6eeb44637343861ba47,dc0d5d186b0a0866f0f7c3a3ad4151f96d0f1f25,0.004780195653438568
1013,1d8465c3f5aee1b7a790f6eeb44637343861ba47,a171737aa2517cf16f63cacfae6bae05c4f1067a,-0.014160086400806904
1014,1d8465c3f5aee1b7a790f6eeb44637343861ba47,3d4bae33c2ccc0a6597f80e27cbeed64990b95bd,-0.03431815281510353
1015,1d8465c3f5aee1b7a790f6eeb44637343861ba47,f6aef8ae043c3c4aa3f25a6fa4cdd5dcb8026b15,-0.032306596636772156
1016,1f081ad6fa8a623e9d3e0c94274019d24db4659b,505c58c2c100e7512b7f7d906a9d4af72f6e8415,0.5807991623878479
1017,1f081ad6fa8a623e9d3e0c94274019d24db4659b,4ce94ff24cc238440a76598da13361ef4da9e5ed,0.5317621231079102
1018,1f081ad6fa8a623e9d3e0c94274019d24db4659b,8a7a9672b4981e72d6e9206024c758cc047db8cd,0.49994105100631714
1019,1f081ad6fa8a623e9d3e0c94274019d24db4659b,2c361ef5db3231d34656dd86d9b288397f0b929e,0.4643343687057495
1020,1f081ad6fa8a623e9d3e0c94274019d24db4659b,59a3fea1f38c5dd661cc5bfec50add2c2f881454,0.303451806306839
1021,1f081ad6fa8a623e9d3e0c94274019d24db4659b,c36d770497b898266031d5f628716f23abc1381b,0.2669547498226166
1022,1f081ad6fa8a623e9d3e0c94274019d24db4659b,9c1dd4348d8aa62e7236ba2a5b265b181ebe58ab,0.1668168604373932
1023,1f081ad6fa8a623e9d3e0c94274019d24db4659b,945790435ea901e1061df670b59808fe5764c66c,0.10379528999328613
1024,1f081ad6fa8a623e9d3e0c94274019d24db4659b,a45d4b15ce3adbb9f755377ace8405e7cc90efd5,0.1098393127322197
1025,1f081ad6fa8a623e9d3e0c94274019d24db4659b,8723604fd4b0f6c84878c90468e825de7fdbf653,0.141193687915802
1026,1f081ad6fa8a623e9d3e0c94274019d24db4659b,8bce31108f598986558e9afb1061eb988ea4f3be,0.1358889937400818
1027,1f081ad6fa8a623e9d3e0c94274019d24db4659b,09ebd63a1061e1b28c0c1cd005b02a542e58f550,0.12297435104846954
1028,1f081ad6fa8a623e9d3e0c94274019d24db4659b,5dc48a883f0e8ed17e58fbdfdeea7d41fa751578,0.07686176896095276
1029,1f081ad6fa8a623e9d3e0c94274019d24db4659b,38e49f5ef5a0c2c99e73c2c2ec20c3c216e98e02,0.07715295255184174
1030,1f081ad6fa8a623e9d3e0c94274019d24db4659b,d79dd895912a36670b3477645f361e2fdd73185b,0.08500077575445175
1031,1f081ad6fa8a623e9d3e0c94274019d24db4659b,cff164069f3fe0c24a9b05acfdebab8473be45a0,0.06967266649007797
1032,1f081ad6fa8a623e9d3e0c94274019d24db4659b,6edd1ec57bf0efaf1460ec876d9e794dacf461d1,0.03341718763113022
1033,1f081ad6fa8a623e9d3e0c94274019d24db4659b,a44364bf7c9d8d2d4b93637e81cf9d51dc3aae62,0.05196671932935715
1034,1f081ad6fa8a623e9d3e0c94274019d24db4659b,66ecbdb79ce324a4e1c6f44353e5aaee0f164ad9,0.002949761226773262
1035,1f081ad6fa8a623e9d3e0c94274019d24db4659b,929f18130460d562d15db085b87a781a0dd34017,0.019920531660318375
1036,1f081ad6fa8a623e9d3e0c94274019d24db4659b,e397b73a945671c0b05ab421c32fa418cf9744cb,0.014700546860694885
1037,1f081ad6fa8a623e9d3e0c94274019d24db4659b,bac17e78347a071e2a640a611ef46eac3e8e8d44,-0.020251832902431488
1038,1f081ad6fa8a623e9d3e0c94274019d24db4659b,b6c99914d3bca48f39ca668e6bf9e1194bf95e12,-0.041107334196567535
1039,1f081ad6fa8a623e9d3e0c94274019d24db4659b,167c2993b9d15c4d8ee247f0cc1852359af63d3e,-0.03567957878112793
1040,1f081ad6fa8a623e9d3e0c94274019d24db4659b,8c8a16d379b3dec62771fec8c1cc64e4123c5958,-0.08175275474786758
1041,1f081ad6fa8a623e9d3e0c94274019d24db4659b,ea33172af0532d7bf9688ad58a86d567e7b84904,-0.040798626840114594
1042,1f081ad6fa8a623e9d3e0c94274019d24db4659b,7ab0fa87dcdd86301ed566f97d8345015e73de21,-0.0758560374379158
1043,1f081ad6fa8a623e9d3e0c94274019d24db4659b,2e4d61cabfbbeee19a3861a1a8b663252ef673c6,-0.09131915867328644
1044,1f081ad6fa8a623e9d3e0c94274019d24db4659b,37a5c952e6e0e3d6d7cd5c30cf4307ee06e4ab5c,-0.1417877972126007
1045,1f081ad6fa8a623e9d3e0c94274019d24db4659b,ee4ae9d87438e4b39eccd2ff3b509a489587c2b2,-0.15131156146526337
1046,39959bc480d2972d8bb925708e6e8ad59664bcdb,8e49caba006e1832a70162f3a93a31be25927349,0.6712840795516968
1047,39959bc480d2972d8bb925708e6e8ad59664bcdb,860f8ea71abdf1bb3ac4f1c1df366bb6abbe59dd,0.25569474697113037
1048,39959bc480d2972d8bb925708e6e8ad59664bcdb,2e268b70c7dcae58de2c8ff7bed1e58a5e58109a,0.24020054936408997
1049,39959bc480d2972d8bb925708e6e8ad59664bcdb,f584c3d1c2d0e4baa7f8fc72fcab7b9395970ef5,0.22465607523918152
1050,39959bc480d2972d8bb925708e6e8ad59664bcdb,e1250228bf1525d5def11a410bdf03441251dff6,0.20196065306663513
1051,39959bc480d2972d8bb925708e6e8ad59664bcdb,65a3e9228f5dfba5ead7b6c412390d86de75ab9e,0.15483546257019043
1052,39959bc480d2972d8bb925708e6e8ad59664bcdb,d4f353f3a78b8cb6d5a394f8efe9e69c41eae2a5,0.1146455928683281
1053,39959bc480d2972d8bb925708e6e8ad59664bcdb,9d2222506f6a076e2c9803ac4ea5414eda881c73,0.09771507978439331
1054,39959bc480d2972d8bb925708e6e8ad59664bcdb,edbb8cce0b813d3291cae4088914ad3199736aa0,0.09325974434614182
1055,39959bc480d2972d8bb925708e6e8ad59664bcdb,18f1d654d1dbf9f9e585e2bbace296c665d512f7,0.07322937250137329
1056,39959bc480d2972d8bb925708e6e8ad59664bcdb,c5d5ff11d974574fb79907151dba2f23b5f08063,0.03350923955440521
1057,39959bc480d2972d8bb925708e6e8ad59664bcdb,14c2ac5b61cc4813cfe2e5787680001f2794d7ec,0.040177494287490845
1058,39959bc480d2972d8bb925708e6e8ad59664bcdb,3fd29f96b58e0355a78d5821ed19359442b4e9e0,0.044701267033815384
1059,39959bc480d2972d8bb925708e6e8ad59664bcdb,e54877a44357402a72ccb8c99dd72504618ac9c4,0.030925240367650986
1060,39959bc480d2972d8bb925708e6e8ad59664bcdb,bfa1ddc28be92576dcb0ba618a61f18f8acfc4a9,0.028600502759218216
1061,39959bc480d2972d8bb925708e6e8ad59664bcdb,7c91c58581fa17a2da4dcf1e8bd281854cc35527,-0.008043870329856873
1062,39959bc480d2972d8bb925708e6e8ad59664bcdb,b30ee7be57a522ea05b87224f52148f0a6f65576,0.004745051264762878
1063,39959bc480d2972d8bb925708e6e8ad59664bcdb,8915a82752ecf8fc762fb48362decd06429177ee,-0.00414394773542881
1064,39959bc480d2972d8bb925708e6e8ad59664bcdb,f25495685e3b3c7068d417564bde1259417106db,-0.022314617410302162
1065,39959bc480d2972d8bb925708e6e8ad59664bcdb,53574d7884904866221cdc033da1d645a3bddd1a,-0.0428888238966465
1066,39959bc480d2972d8bb925708e6e8ad59664bcdb,7bbd56f4050eb9f8b63f0eacb58ad667aaf49f25,0.009236449375748634
1067,39959bc480d2972d8bb925708e6e8ad59664bcdb,1ee98b76ea263617e8b6726a7282f0cfcd37e168,-0.03382474556565285
1068,39959bc480d2972d8bb925708e6e8ad59664bcdb,dd30e491e6481292eb0d1ccd329fa57c7e9ac47f,-0.035189367830753326
1069,39959bc480d2972d8bb925708e6e8ad59664bcdb,cecf83f0ebc708c8b522815afd1cc5b140177a38,-0.031021714210510254
1070,39959bc480d2972d8bb925708e6e8ad59664bcdb,76cc7d1b3824e9cf810e3a7b85d4e53007ffc523,-0.05366745591163635
1071,39959bc480d2972d8bb925708e6e8ad59664bcdb,276285e996c08a26706979be838fd94abae2fed9,-0.07682310044765472
1072,39959bc480d2972d8bb925708e6e8ad59664bcdb,06c2f564920f2489b61f0ed288f85ea177072dfa,-0.12347809970378876
1073,39959bc480d2972d8bb925708e6e8ad59664bcdb,abd57a2ce8987ff5e809984c62cc06effa6ab836,-0.17221778631210327
1074,b344f437eabc57a83e5f67ecccbba6efd9df958e,e5ba4113f3ea291ad4877acbbe2217babaac56f4,0.5854941606521606
1075,b344f437eabc57a83e5f67ecccbba6efd9df958e,63c22f6b8e5d6eef32d0a79a8895356d5f18703d,0.637295663356781
1076,b344f437eabc57a83e5f67ecccbba6efd9df958e,8d52a55b61439ab6ee96f869720aa54b3f4058a0,0.660027801990509
1077,b344f437eabc57a83e5f67ecccbba6efd9df958e,f8d332548ef65a73e63bc04ece86b8504c32074c,0.48754560947418213
1078,b344f437eabc57a83e5f67ecccbba6efd9df958e,39c2e3182960a54973c1943ebc8f574157e0179e,0.19782301783561707
1079,b344f437eabc57a83e5f67ecccbba6efd9df958e,93c07463c3058591d577743a9c05a7782b25fb5b,0.13611643016338348
1080,b344f437eabc57a83e5f67ecccbba6efd9df958e,091dc8fb55fbf82f52c3842ca5cf8322dfd3ee2d,0.12082712352275848
1081,b344f437eabc57a83e5f67ecccbba6efd9df958e,92f98b189cec1220d479e3079b942e71b244aa65,0.08691993355751038
1082,b344f437eabc57a83e5f67ecccbba6efd9df958e,3d29f938094672cb45a119e8b1a08e299672f7b6,0.08546972274780273
1083,b344f437eabc57a83e5f67ecccbba6efd9df958e,87f2aced42e4c2fc17e8b9c16c51a4d9d3f01fbf,0.06071043759584427
1084,b344f437eabc57a83e5f67ecccbba6efd9df958e,4fe57e44d71c1b351d112a622dacd934f5a84fd7,0.025880858302116394
1085,b344f437eabc57a83e5f67ecccbba6efd9df958e,17856bad4335c8ca7419aab2c715ea25ce5e0621,-0.010757725685834885
1086,b344f437eabc57a83e5f67ecccbba6efd9df958e,228af90bbd22f12743d65b2abb45ce407323d2ab,0.005647499114274979
1087,b344f437eabc57a83e5f67ecccbba6efd9df958e,1beeb25756ea352634e0c78ed653496a3474925e,-0.07259911298751831
1088,b344f437eabc57a83e5f67ecccbba6efd9df958e,2196c4afde66808657f5ded39595de937dfbd08d,-0.026272308081388474
1089,b344f437eabc57a83e5f67ecccbba6efd9df958e,806d3f986e08c9208cab68b994a250619062083c,-0.017197631299495697
1090,b344f437eabc57a83e5f67ecccbba6efd9df958e,4cb57ae570214b24f0bf7e96e19b3cdc28697bb3,-0.023615501821041107
1091,b344f437eabc57a83e5f67ecccbba6efd9df958e,9aafcf0cb5702c01fe7cbd591bd4e752ac5b8986,-0.032946132123470306
1092,b344f437eabc57a83e5f67ecccbba6efd9df958e,4356893d96e116b8aedd918e243f8d165cce1da2,-0.006596589460968971
1093,b344f437eabc57a83e5f67ecccbba6efd9df958e,bb21a57edd10c042bd137b713fcbf743021ab232,-0.03056964837014675
1094,b344f437eabc57a83e5f67ecccbba6efd9df958e,610b3022f09362a7280e861580fa8388b56f43dc,-0.05856124311685562
1095,b344f437eabc57a83e5f67ecccbba6efd9df958e,430a2146b47522f45bf417e17bb89922f3d9fcbc,-0.09567119181156158
1096,b344f437eabc57a83e5f67ecccbba6efd9df958e,6facf2019631fadf9d90165631c1667c40ebc902,-0.09219171106815338
1097,b344f437eabc57a83e5f67ecccbba6efd9df958e,21f9b472fd25dcd75943d5da7f344cf23cfacabf,0.10539165884256363
1098,b344f437eabc57a83e5f67ecccbba6efd9df958e,74f661e3213529c7ad54e2794bc28d7ef13f90e0,-0.05863805115222931
1099,b344f437eabc57a83e5f67ecccbba6efd9df958e,e95ddfc74e7a7ba8708fdf56c09cac65706c4e96,-0.10571174323558807
1100,b344f437eabc57a83e5f67ecccbba6efd9df958e,1445e2a1c25d29ac309904606b0b468de9f196b5,-0.07108363509178162
1101,b344f437eabc57a83e5f67ecccbba6efd9df958e,f3ef161eea5efee306b9579b3e3a0362ef771af3,-0.12411387264728546
1102,b344f437eabc57a83e5f67ecccbba6efd9df958e,fe094250815255a9dbd49c495aa77a2fff467817,-0.12587286531925201
1103,b344f437eabc57a83e5f67ecccbba6efd9df958e,b41b3fe42675d5cd1e74463098b2f6b0008cf46f,-0.13738295435905457
1104,d8dea89f5c7fb15d5ba16d2edcd2933a25789ee6,ccce1cf96f641b3581fba6f4ce2545f4135a15e3,0.507322371006012
1105,d8dea89f5c7fb15d5ba16d2edcd2933a25789ee6,3ee2e92297ad5544181db64f03d9acfc531f9f06,0.4673173427581787
1106,d8dea89f5c7fb15d5ba16d2edcd2933a25789ee6,060d1b412dc3fb7d5f5d952adc8a4a8ecc4bd3fa,0.33727478981018066
1107,d8dea89f5c7fb15d5ba16d2edcd2933a25789ee6,c919a06c46171d96da4a3c54efe6912bad3b46ed,0.25668054819107056
1108,d8dea89f5c7fb15d5ba16d2edcd2933a25789ee6,592fc3377e8b590a457d8ffaed60b71730114347,0.24461567401885986
1109,d8dea89f5c7fb15d5ba16d2edcd2933a25789ee6,a20654ad8f79b08bf8f29ce66951cacba10812f6,0.23076131939888
1110,d8dea89f5c7fb15d5ba16d2edcd2933a25789ee6,cabb79a7c06392554a7262cec87c63bfc8ae8883,0.21221601963043213
1111,d8dea89f5c7fb15d5ba16d2edcd2933a25789ee6,c5700677da083f30dbae69f9d0771a29d2053a19,0.13669250905513763
1112,d8dea89f5c7fb15d5ba16d2edcd2933a25789ee6,2c7e4460f59681ba0c7e887c98dc55ef8fc8d9d7,0.2029138207435608
1113,d8dea89f5c7fb15d5ba16d2edcd2933a25789ee6,28f85f93eb23b0f545b3afbb3bd36697dbfd2eb6,0.20839671790599823
1114,d8dea89f5c7fb15d5ba16d2edcd2933a25789ee6,ba50b9c7f14c80e876044c864094f357a3fac32c,0.14504852890968323
1115,d8dea89f5c7fb15d5ba16d2edcd2933a25789ee6,299d01d8df877b207df73cac5d904682a2f5ba66,0.08225122839212418
1116,d8dea89f5c7fb15d5ba16d2edcd2933a25789ee6,18aab1169897c138bba123046148e2015fb67c0c,0.11188217997550964
1117,d8dea89f5c7fb15d5ba16d2edcd2933a25789ee6,5c12d2e8b4e59e764836ae2ac598c628b1363e7e,0.07387650012969971
1118,d8dea89f5c7fb15d5ba16d2edcd2933a25789ee6,fac41331cff5fa4d91438efee41581e5154886d9,0.09469880908727646
1119,d8dea89f5c7fb15d5ba16d2edcd2933a25789ee6,57c72cb88843d44b43192741c7010558bb451394,0.09526507556438446
1120,d8dea89f5c7fb15d5ba16d2edcd2933a25789ee6,ea2435d3b476516d93c871ccf0baa64a50503b1c,0.09916065633296967
1121,d8dea89f5c7fb15d5ba16d2edcd2933a25789ee6,177318d595684a6993cf25175b7df5c5e1c216aa,0.11162543296813965
1122,d8dea89f5c7fb15d5ba16d2edcd2933a25789ee6,44e41e19f781083b4c0c6d673793d38609710c05,0.1324477642774582
1123,d8dea89f5c7fb15d5ba16d2edcd2933a25789ee6,5e4b405202c92fd77a12f463ca1247a8b59fd935,0.04142776131629944
1124,d8dea89f5c7fb15d5ba16d2edcd2933a25789ee6,0666e885a8b376b81ca1511c7a40fcc88ab11948,0.07344254851341248
1125,d8dea89f5c7fb15d5ba16d2edcd2933a25789ee6,d9f8168ab76595d47fb2d0d971c477876b6074b7,0.041697513312101364
1126,d8dea89f5c7fb15d5ba16d2edcd2933a25789ee6,bd0d47398cfa42c338c3445f4277b33b222b44ed,0.004262451082468033
1127,d8dea89f5c7fb15d5ba16d2edcd2933a25789ee6,c4ea9066db2e73a7ddfa8643277bfd2948eebfe0,0.04429695010185242
1128,d8dea89f5c7fb15d5ba16d2edcd2933a25789ee6,820a9232fdf395d3f5cfdf928fce4b945833ecd1,-0.040189556777477264
1129,d8dea89f5c7fb15d5ba16d2edcd2933a25789ee6,c73ad76698d323191f994de40ef118c1e67f745d,-0.015888534486293793
1130,d8dea89f5c7fb15d5ba16d2edcd2933a25789ee6,393598c6512f27c1493117ac4a97fe57846d253f,0.0021628644317388535
1131,d8dea89f5c7fb15d5ba16d2edcd2933a25789ee6,7758a1c9a21e0b8635a5550cfdbebc40b22a41a6,-0.007180649787187576
1132,d8dea89f5c7fb15d5ba16d2edcd2933a25789ee6,af369310aa73e9ff10518bdbf37afe17754687b7,-0.06816515326499939
1133,d8dea89f5c7fb15d5ba16d2edcd2933a25789ee6,90c930e6669ad0db6529abbc726d3697c51c96fa,-0.1024530678987503
1134,5a4b46ef8898610ab16a1ced6f4a976db0f1962c,6ac1962fd1f2b90da02c63c16af39a3c7a3e6df6,0.4897328019142151
1135,5a4b46ef8898610ab16a1ced6f4a976db0f1962c,f010affab57b5fcf1cd6be23df79d8ec98c7289c,0.44129809737205505
1136,5a4b46ef8898610ab16a1ced6f4a976db0f1962c,0f8468de03ee9f12d693237bec87916311bf1c24,0.41672855615615845
1137,5a4b46ef8898610ab16a1ced6f4a976db0f1962c,9f8eb04dbafdfda997ac5e06cd6c521f82bf4e4c,0.3693986237049103
1138,5a4b46ef8898610ab16a1ced6f4a976db0f1962c,c05727976dfae43ae13aa520774fc3bd369d49b5,0.317490816116333
1139,5a4b46ef8898610ab16a1ced6f4a976db0f1962c,4ef8fdb0c97d331e07ae96323855d15a75340ab0,0.26481130719184875
1140,5a4b46ef8898610ab16a1ced6f4a976db0f1962c,0a6d7e8e61c54c796f53120fdb86a25177e00998,0.21782401204109192
1141,5a4b46ef8898610ab16a1ced6f4a976db0f1962c,2b211f9553ec78ff17fa3ebe16c0a036ef33c54b,0.24824196100234985
1142,5a4b46ef8898610ab16a1ced6f4a976db0f1962c,df0e6e6c808bb30f0e21b6873048361a28b28b64,0.23476065695285797
1143,5a4b46ef8898610ab16a1ced6f4a976db0f1962c,7fe73dd079d14520224af718c12ab3e224d40cbb,0.21231572329998016
1144,5a4b46ef8898610ab16a1ced6f4a976db0f1962c,8d99c0d149046b36a8f1691d9f14775de9927171,0.052386581897735596
1145,5a4b46ef8898610ab16a1ced6f4a976db0f1962c,5d428cc440bb0b2c1bac75e679ac8a88e2ed71bf,0.14117708802223206
1146,5a4b46ef8898610ab16a1ced6f4a976db0f1962c,882bd3e291822e2a510b6648779efd8312c9068d,0.17709799110889435
1147,5a4b46ef8898610ab16a1ced6f4a976db0f1962c,c6919dd8f8e72ff3e1fbc0072d64bde0a19c2a8e,0.17675545811653137
1148,5a4b46ef8898610ab16a1ced6f4a976db0f1962c,15943bdecfe42e5f6707efa2eb5a491356f1822e,0.14868873357772827
1149,5a4b46ef8898610ab16a1ced6f4a976db0f1962c,de5a4d0112784b2e62a309c058529fc6ab5dceb1,0.10243350267410278
1150,5a4b46ef8898610ab16a1ced6f4a976db0f1962c,6e7302a08e04e2120c50440f280fb77dcd5aeb35,0.07508938759565353
1151,5a4b46ef8898610ab16a1ced6f4a976db0f1962c,96ad9daa11dfd96846990ab0ceaebf8077772c78,0.0896720364689827
1152,5a4b46ef8898610ab16a1ced6f4a976db0f1962c,a0283ce9ecdca710b186cbb103efe5ec812d1fb1,0.09604151546955109
1153,5a4b46ef8898610ab16a1ced6f4a976db0f1962c,1ef415ce920b2ca197a21bbfd710e7a9dc7a655e,0.05372246727347374
1154,5a4b46ef8898610ab16a1ced6f4a976db0f1962c,65e58981f966a6d1b62c1f7d889ae3e1c0a864a1,0.01719311997294426
1155,5a4b46ef8898610ab16a1ced6f4a976db0f1962c,b13d8434b140ac3b9cb923b91afc17d1e448abfc,0.017530955374240875
1156,5a4b46ef8898610ab16a1ced6f4a976db0f1962c,7ae59771c7d9a3a346fb6374d21c31ca62c3618b,0.03407834842801094
1157,5a4b46ef8898610ab16a1ced6f4a976db0f1962c,232faf8d0b97862dce95c5afbccf11004b91ef04,0.0022351518273353577
1158,5a4b46ef8898610ab16a1ced6f4a976db0f1962c,686fb884072b323d6bd365bdee1df894ee996758,-0.021507704630494118
1159,5a4b46ef8898610ab16a1ced6f4a976db0f1962c,9a5b3f24d1e17cd675cc95d5ebcf6cee8a4b4811,-0.017009951174259186
1160,5a4b46ef8898610ab16a1ced6f4a976db0f1962c,9bdd3ae8dd074573fa262fe99fdf03ce578d907c,0.0022960323840379715
1161,5a4b46ef8898610ab16a1ced6f4a976db0f1962c,742b172f9f8afbc2b4821171aa35b5f0e15a2661,-0.06440392136573792
1162,5a4b46ef8898610ab16a1ced6f4a976db0f1962c,e327e5083b862239374d2e5424e431eb0711c29a,-0.06871496140956879
1163,5a4b46ef8898610ab16a1ced6f4a976db0f1962c,ab575f3953b5e998439f3d17ac12c6c42e1f0220,-0.07936529070138931
1164,0f9bacfc21069a07bf3135cb0e94d83014933260,0b181d71cd9dc7bcfe47361f281cf669d50defde,0.26904231309890747
1165,0f9bacfc21069a07bf3135cb0e94d83014933260,36fe91183ec9e30925d05c74ce887bf641c010cd,0.27767640352249146
1166,0f9bacfc21069a07bf3135cb0e94d83014933260,7f3e7fe1efc0b74a4364c11a07668251f4875724,0.2573933005332947
1167,0f9bacfc21069a07bf3135cb0e94d83014933260,15e729fd12473ef67c545bdb0bdc7bdbb83b695b,0.2426357865333557
1168,0f9bacfc21069a07bf3135cb0e94d83014933260,051a5110bab92cb89048ed426f28ebab9085945d,0.20048797130584717
1169,0f9bacfc21069a07bf3135cb0e94d83014933260,3608a5a8b4328df3028d7aadde9d2b887023aac7,0.17145472764968872
1170,0f9bacfc21069a07bf3135cb0e94d83014933260,6c2ce377d9b7a3828f4e12dce4a9427481732d3d,0.18414509296417236
1171,0f9bacfc21069a07bf3135cb0e94d83014933260,ac8b8cf9dd6dcacd4963da40200abcc56ce8ba49,0.16381105780601501
1172,0f9bacfc21069a07bf3135cb0e94d83014933260,4157e45f616233a0874f54a59c3df001b9646cd7,0.15677817165851593
1173,0f9bacfc21069a07bf3135cb0e94d83014933260,5c54ce3108ae7d5ef0a7e5f38ad90c29cda52118,0.1703430712223053
1174,0f9bacfc21069a07bf3135cb0e94d83014933260,60a8051816f62132bb9554d20b9f353d917dca79,0.14473925530910492
1175,0f9bacfc21069a07bf3135cb0e94d83014933260,c94072fcf63739296981a23682291a1ef8c2e891,0.13106276094913483
1176,0f9bacfc21069a07bf3135cb0e94d83014933260,2441e05dbaf5bff5e5d10c925d682a2d13282809,0.1315186768770218
1177,0f9bacfc21069a07bf3135cb0e94d83014933260,0a7b6af6edfc8e33742aec20aecefefbec6a4b28,0.12082552909851074
1178,0f9bacfc21069a07bf3135cb0e94d83014933260,9b5462fca01b3fe6afde3a64440daf944c399e02,0.10709285736083984
1179,0f9bacfc21069a07bf3135cb0e94d83014933260,11540131eae85b2e11d53df7f1360eeb6476e7f4,0.0663706511259079
1180,0f9bacfc21069a07bf3135cb0e94d83014933260,42540e75173dea14c343a567f9fc722db8609e7e,0.1034444123506546
1181,0f9bacfc21069a07bf3135cb0e94d83014933260,cc004d48650b096cc0ee347f45768166d6c9c31c,0.07634247839450836
1182,0f9bacfc21069a07bf3135cb0e94d83014933260,d08d4f2d7487a1172cf8322927372bb0978ef2d0,0.07178519666194916
1183,0f9bacfc21069a07bf3135cb0e94d83014933260,b304db2cee541bafaaabdd9a4499b2bfb4efb257,0.05630965903401375
1184,0f9bacfc21069a07bf3135cb0e94d83014933260,4a40d93a2960d5603af45c45c4f6f6ccc7e9af7c,0.029944581910967827
1185,0f9bacfc21069a07bf3135cb0e94d83014933260,312b125002101480693f6b842685d0bb0ca19096,0.04018495976924896
1186,0f9bacfc21069a07bf3135cb0e94d83014933260,93cee70be87b0b90a407593fa8c2260187898926,0.03189462795853615
1187,0f9bacfc21069a07bf3135cb0e94d83014933260,3865d02552139862bf8dcc4942782af1d9eec17c,0.026039212942123413
1188,0f9bacfc21069a07bf3135cb0e94d83014933260,5bdc3f9227ae3ca829989edbbea9ec08b548d937,0.028743956238031387
1189,0f9bacfc21069a07bf3135cb0e94d83014933260,6b8780f3b171caaf4b0127114920d54ff0bcbb60,0.018980443477630615
1190,0f9bacfc21069a07bf3135cb0e94d83014933260,3371fe1086029f6f34c8a8eb2b6ef61e86920bdd,0.00924596469849348
1191,0f9bacfc21069a07bf3135cb0e94d83014933260,34a308946b048397778358505c8e06a6f6cc1e6f,-0.019407056272029877
1192,0f9bacfc21069a07bf3135cb0e94d83014933260,47843b4e522b7e0b792fad6c818091c996c5861b,-0.02942885085940361
1193,0f9bacfc21069a07bf3135cb0e94d83014933260,8d6abeb4248f3dfbbb449c5100ef9b10202f4b35,-0.1268397569656372
1194,d6b56cc6e05300426b6194dd3f6a38720678827e,bd75508d29a69fbf3bf1454c06554e6850d76bd5,0.7376013994216919
1195,d6b56cc6e05300426b6194dd3f6a38720678827e,e352612f51ad34c764f128cc62e91b51fe7a9759,0.6040024161338806
1196,d6b56cc6e05300426b6194dd3f6a38720678827e,76fee58c7308b185db38d4177d04902172993561,0.7168030738830566
1197,d6b56cc6e05300426b6194dd3f6a38720678827e,984031f16dded96a8ae48a6dd9d49edefa98aa46,0.5624004602432251
1198,d6b56cc6e05300426b6194dd3f6a38720678827e,33c859730444bd835dbf5f0956110f45a735ee89,0.5680640935897827
1199,d6b56cc6e05300426b6194dd3f6a38720678827e,8bd59b6111c21ca9f133b2ac9f0a8b102e344076,0.25718727707862854
1200,d6b56cc6e05300426b6194dd3f6a38720678827e,e9001ea4368b808da7cabda7edd2fbd4118a3f6b,0.2092183232307434
1201,d6b56cc6e05300426b6194dd3f6a38720678827e,90c28aeb30a1632efbd9f7d0f5eb3580c10f135c,0.11932370066642761
1202,d6b56cc6e05300426b6194dd3f6a38720678827e,46c55aa2dac524287cf4a61656967c1ff8b7713a,0.1160116046667099
1203,d6b56cc6e05300426b6194dd3f6a38720678827e,c72796c511e2282e4088b0652a4cce0e2da4296c,0.10506194084882736
1204,d6b56cc6e05300426b6194dd3f6a38720678827e,4528c1164d43a004ea8a254b4cc240d8d9b84587,0.10019651055335999
1205,d6b56cc6e05300426b6194dd3f6a38720678827e,6d23073dbb68d353f30bb97f4803cfbd66546444,0.14249953627586365
1206,d6b56cc6e05300426b6194dd3f6a38720678827e,d6609337639ad64c59afff71637b42c0c6be7d6d,0.0779757872223854
1207,d6b56cc6e05300426b6194dd3f6a38720678827e,280bb6d7ada9ef118899b5a1f655ae9166fb8f0b,0.05652092769742012
1208,d6b56cc6e05300426b6194dd3f6a38720678827e,43d4b77ca6f9a29993bce5bade90aa2b8e4d2cac,0.06544214487075806
1209,d6b56cc6e05300426b6194dd3f6a38720678827e,ed84e205d306f831f84c6f31f7c94d83a60fe5d8,0.06130284070968628
1210,d6b56cc6e05300426b6194dd3f6a38720678827e,52afbe99de04878a5ac73a4adad4b1cedae8a6ce,0.0336461141705513
1211,d6b56cc6e05300426b6194dd3f6a38720678827e,7a3623df776b1f1347a0a4b3c60f863469b838be,-0.02461114525794983
1212,d6b56cc6e05300426b6194dd3f6a38720678827e,e8a2776154f8bc7625742fade5efb71ff1c9896b,0.047854311764240265
1213,d6b56cc6e05300426b6194dd3f6a38720678827e,6dcb07839672014c294d71ee78a7c72b715e0b76,0.008687654510140419
1214,d6b56cc6e05300426b6194dd3f6a38720678827e,a63b97291149bfed416aa9e56a21314069540a7b,0.012758629396557808
1215,d6b56cc6e05300426b6194dd3f6a38720678827e,7e8a5e0a87fab337d71ce04ba02b7a5ded392421,-0.013901211321353912
1216,d6b56cc6e05300426b6194dd3f6a38720678827e,b519835c855de750ad52907e24cb6a0904bee3de,-0.02291829138994217
1217,d6b56cc6e05300426b6194dd3f6a38720678827e,63d440eb606c7aa4ee3c7fcd94d65af3f5c92c96,-0.026261374354362488
1218,d6b56cc6e05300426b6194dd3f6a38720678827e,fe8e40c0d5c6c07adcbc2dff18423da0c88582fc,-0.0384560152888298
1219,d6b56cc6e05300426b6194dd3f6a38720678827e,13a92a59545eefbaf5ec3adf6000ec64f4bb73a5,-0.039866410195827484
1220,d6b56cc6e05300426b6194dd3f6a38720678827e,538d9235d0af4d02f45d17c9663e98afdf8ae4f9,-0.05224524810910225
1221,d6b56cc6e05300426b6194dd3f6a38720678827e,0c37d48d2bb1bd6c63a9b5c57da37609d03900b0,-0.04976204037666321
1222,d6b56cc6e05300426b6194dd3f6a38720678827e,7482fc3f108e7a4b379292e3c5dbabefdf8706fa,-0.1075691282749176
1223,d6b56cc6e05300426b6194dd3f6a38720678827e,73d738f1c52e41d8e60700b1aac06d80bf8d8570,-0.15899066627025604
1224,3f191a5bd42f23ff0201f30b1b70723d87ebf78a,4871b188dce83d59cf07a15c565729f8cbb705af,0.45076102018356323
1225,3f191a5bd42f23ff0201f30b1b70723d87ebf78a,15532ef54af96755f3e4166004e54fdf6b0aae6a,0.3375392556190491
1226,3f191a5bd42f23ff0201f30b1b70723d87ebf78a,1cb0954115b1e2350627d9bfcab33cc44b635f15,0.2222490757703781
1227,3f191a5bd42f23ff0201f30b1b70723d87ebf78a,143d2e02ab91ae6259576ac50b664b8647af8988,0.2638736367225647
1228,3f191a5bd42f23ff0201f30b1b70723d87ebf78a,bb75de5280ff9b0bbdd74633b9887d10fbe0ae10,0.18001560866832733
1229,3f191a5bd42f23ff0201f30b1b70723d87ebf78a,5ac9f3697b91cb25e402ebb92a7cdfa1a2f93cc2,0.16063907742500305
1230,3f191a5bd42f23ff0201f30b1b70723d87ebf78a,396aabd694da04cdb846cb724ca9f866f345cbd5,0.16342031955718994
1231,3f191a5bd42f23ff0201f30b1b70723d87ebf78a,ef5363f8d378ccbddbc8f2d3ec26517b75184f62,0.15005367994308472
1232,3f191a5bd42f23ff0201f30b1b70723d87ebf78a,677c2f8913e8321dbe4740b4e0eb5a354d7c956a,0.14335623383522034
1233,3f191a5bd42f23ff0201f30b1b70723d87ebf78a,be637e78493c50e2e37e9ad46e24dfaf532c9ff9,0.1295473277568817
1234,3f191a5bd42f23ff0201f30b1b70723d87ebf78a,6ef3da9d9c5a7e2f96a1470bad413c857f64aa95,0.17721262574195862
1235,3f191a5bd42f23ff0201f30b1b70723d87ebf78a,4afd9f800ca2553556b888885162152969431434,0.10654464364051819
1236,3f191a5bd42f23ff0201f30b1b70723d87ebf78a,5b49c4c566bf85ac04cb40bb4d8997c9d6ba2173,0.05996646359562874
1237,3f191a5bd42f23ff0201f30b1b70723d87ebf78a,bd56ea35c1f898841587ae017e282766c57c86df,0.03949228674173355
1238,3f191a5bd42f23ff0201f30b1b70723d87ebf78a,d303dbd601f974fa462c503d3135e0f9575712f9,0.06610040366649628
1239,3f191a5bd42f23ff0201f30b1b70723d87ebf78a,cc46a8ba591880c791cb3425e94a2d6f614ba016,0.06744319200515747
1240,3f191a5bd42f23ff0201f30b1b70723d87ebf78a,aa7802f0a552234f0b67c2be64b6867c073f2ec0,0.0447009801864624
1241,3f191a5bd42f23ff0201f30b1b70723d87ebf78a,78aba15cb889949c33e29afbdd3bde1525b09f8d,0.05982211232185364
1242,3f191a5bd42f23ff0201f30b1b70723d87ebf78a,101a1953a4cc711c05c7adc6e31634f5192caff0,0.020438361912965775
1243,3f191a5bd42f23ff0201f30b1b70723d87ebf78a,6506b7899516db29df714a02b3d5add377db4b61,0.011911806650459766
1244,3f191a5bd42f23ff0201f30b1b70723d87ebf78a,73c9e35ab40638ba2261f4cb3c5e01be47d0162b,0.00248888973146677
1245,3f191a5bd42f23ff0201f30b1b70723d87ebf78a,3ec58519644b128388ca7336e09b59ffea32444b,-0.002118777483701706
1246,3f191a5bd42f23ff0201f30b1b70723d87ebf78a,feb26eb3b0a5b5aed4b7d3c2247189afe8cd88ea,0.02609081380069256
1247,3f191a5bd42f23ff0201f30b1b70723d87ebf78a,f1e227b37387607849db4358ce2353b3d6e6f6b1,-0.024899441748857498
1248,3f191a5bd42f23ff0201f30b1b70723d87ebf78a,752d4887c68149d54f93206e0d20bc5359ccc4d2,-0.04298996925354004
1249,3f191a5bd42f23ff0201f30b1b70723d87ebf78a,95f388c8cd9db1e800e515e53aaaf4e9b433866f,0.0059311892837285995
1250,3f191a5bd42f23ff0201f30b1b70723d87ebf78a,a2ed347d010aeae4ddd116676bdea2e77d942f6e,-0.07960358262062073
1251,3f191a5bd42f23ff0201f30b1b70723d87ebf78a,e2413f14a014603253815398e56c7fee0ba01a3d,-0.10802286118268967
1252,3f191a5bd42f23ff0201f30b1b70723d87ebf78a,f4ce1a544bdceeab0de4b1ad5094c17ff3acadcd,-0.1019357442855835
1253,3f191a5bd42f23ff0201f30b1b70723d87ebf78a,e65f812a717d8fde5289849c8b31bad19e7969b9,-0.24193255603313446
1254,6930ea33403a3518080e819d138047a80618a075,8210f25d033de427cfd2e385bc9dd8f9fdca3cfc,0.5216449499130249
1255,6930ea33403a3518080e819d138047a80618a075,5dbb8f63e9ac926005037debc5496e9949a3885f,0.4791211187839508
1256,6930ea33403a3518080e819d138047a80618a075,25b87d1d17adabe2923da63e0b93fb7d2bac73f7,0.47985777258872986
1257,6930ea33403a3518080e819d138047a80618a075,2f983533f6dd084b0851652b5991fd6464706ff4,0.33742326498031616
1258,6930ea33403a3518080e819d138047a80618a075,363d109c3f00026f9ef904dd8cc3c935ee463b65,0.42052924633026123
1259,6930ea33403a3518080e819d138047a80618a075,5f76a3f006cb4af1394bc852ce77646bada39ee1,0.32978641986846924
1260,6930ea33403a3518080e819d138047a80618a075,75b8c0abfd45fd77d7a61da7d12bdf516e3139c7,0.267703652381897
1261,6930ea33403a3518080e819d138047a80618a075,55ce99ff2cb04eaed460b8a8ee5c3fd4821e0e0f,0.1771850883960724
1262,6930ea33403a3518080e819d138047a80618a075,363490159a0e757d7d80cb683cee4218afdf4878,0.18527302145957947
1263,6930ea33403a3518080e819d138047a80618a075,3504a8bfb1a35ca115a4829a8afd7e417aba92ac,0.1769886165857315
1264,6930ea33403a3518080e819d138047a80618a075,1254b7f7d7399add50b7ededd7c737db4239874c,0.11902172863483429
1265,6930ea33403a3518080e819d138047a80618a075,0d4fef0ef83c6bad2e14fe4a4880fa153f550974,0.14610016345977783
1266,6930ea33403a3518080e819d138047a80618a075,786f730302115d19f5ea14c49332bba77bde75c2,0.07601011544466019
1267,6930ea33403a3518080e819d138047a80618a075,3c9ea700f2668fa78dd7c2773e015dad165e8f56,0.07499432563781738
1268,6930ea33403a3518080e819d138047a80618a075,0999fcd42bc502742dbcb25bd41760ff10d15fb0,0.06918874382972717
1269,6930ea33403a3518080e819d138047a80618a075,42fcaf880933b43c7ef1c0cf1b437e46cd9d0a9c,0.03866937384009361
1270,6930ea33403a3518080e819d138047a80618a075,9201fe9244071f6c4d1bac1b612f2b6aa12ca18f,0.04269472882151604
1271,6930ea33403a3518080e819d138047a80618a075,14b061c4da9baa988f642eae43903dd5ea7ce3a3,0.05440463870763779
1272,6930ea33403a3518080e819d138047a80618a075,9df2cbb10394319d0466da3e914193876efdaf91,0.04317624866962433
1273,6930ea33403a3518080e819d138047a80618a075,25ea0f831c214ee211ee55ffd31eab719799861c,0.04292358458042145
1274,6930ea33403a3518080e819d138047a80618a075,e51662b2b2e1dfc113c931f23524178ae4bc82fc,0.014784779399633408
1275,6930ea33403a3518080e819d138047a80618a075,2f2f0f3f6def111907780d6580f6b0a7dfc9153c,0.02494742162525654
1276,6930ea33403a3518080e819d138047a80618a075,10160d18917e9359f5b8222362a564040fc88692,0.04222223162651062
1277,6930ea33403a3518080e819d138047a80618a075,cd3f32418cbacc65357f7436a2d4186c634f024a,0.14238564670085907
1278,6930ea33403a3518080e819d138047a80618a075,d2fbc1a8bcc7c252a70c524cc96c14aa807c2345,0.008762679994106293
1279,6930ea33403a3518080e819d138047a80618a075,8688a74162a6b2ca759d94bd2a4f9b28db7fd5b4,-0.029586398974061012
1280,6930ea33403a3518080e819d138047a80618a075,3b1189bcc031edb119ca0a94cc75080ff9814ca9,-0.04097877815365791
1281,6930ea33403a3518080e819d138047a80618a075,586f8952909eb72727eaa9365f62c3f36cd5a9aa,-0.03871048614382744
1282,6930ea33403a3518080e819d138047a80618a075,3f4e71d715fce70c89e4503d747aad11fcac8a43,-0.06910093873739243
1283,6930ea33403a3518080e819d138047a80618a075,db3612fedd16ec37b30b97747ce0d8536c7ce5bd,-0.13168330490589142
1284,252fb9f343399a7fae9f771f5387686708fc9610,3d07b5087e53c6f7c228b3c7e769494527be228e,0.610083818435669
1285,252fb9f343399a7fae9f771f5387686708fc9610,2ccbdf9e9546633ee58009e0c0f3eaee75e6f576,0.587963342666626
1286,252fb9f343399a7fae9f771f5387686708fc9610,7c18e6cad2f9e23036ab28689e27d9f1176d65a3,0.533953845500946
1287,252fb9f343399a7fae9f771f5387686708fc9610,05aba481e8a221df5d8775a3bb749001e7f2525e,0.47049906849861145
1288,252fb9f343399a7fae9f771f5387686708fc9610,5b47d47a6b9da9bc77da3ab15257f5d30ff3f489,0.22712674736976624
1289,252fb9f343399a7fae9f771f5387686708fc9610,7acbb31671647dd86f451ba3a1b895d949b70ff9,0.19475717842578888
1290,252fb9f343399a7fae9f771f5387686708fc9610,e66e7dbbd10861d346ea00594c0df7a8605c7cf5,0.18961064517498016
1291,252fb9f343399a7fae9f771f5387686708fc9610,7d973f3c1634dadd4543d1132dcaf0160ad7d01f,0.09572724997997284
1292,252fb9f343399a7fae9f771f5387686708fc9610,5f8b4c3cd03421e04f20d3cb98aee745c4d58216,0.12695527076721191
1293,252fb9f343399a7fae9f771f5387686708fc9610,5badb3cf19a724327f62991e8616772b0222858b,0.10931126773357391
1294,252fb9f343399a7fae9f771f5387686708fc9610,d574fe2948052948f8506e2c369cf0558827e260,0.10552985966205597
1295,252fb9f343399a7fae9f771f5387686708fc9610,587f6b97f6c75d7bfaf2c04be8d9b4ad28ee1b0a,0.09287141263484955
1296,252fb9f343399a7fae9f771f5387686708fc9610,34ddd8865569c2c32dec9bf7ffc817ff42faaa01,0.2706139087677002
1297,252fb9f343399a7fae9f771f5387686708fc9610,b1ec21386d1573b9a9ad791c434aca576378ee9b,0.07902461290359497
1298,252fb9f343399a7fae9f771f5387686708fc9610,ca2b173e1d7a7b906feed1f1da611d883733b61c,0.06665195524692535
1299,252fb9f343399a7fae9f771f5387686708fc9610,78b7a8acf5da38537f78fba56aefadab0bf3e7e1,0.04729834198951721
1300,252fb9f343399a7fae9f771f5387686708fc9610,0e9741bc1e0c80520a8181970cd4f61caa00055a,0.051507070660591125
1301,252fb9f343399a7fae9f771f5387686708fc9610,b521b6c9983b3e74355be32ac3082beb9f2a291d,0.05574651435017586
1302,252fb9f343399a7fae9f771f5387686708fc9610,f5fb1d2992900d68ddad8ebb7fa3e1b941b985dd,0.034471698105335236
1303,252fb9f343399a7fae9f771f5387686708fc9610,b77e603fdfce2e2f5ae40592d07f0cbd1ad91ac1,0.07733771204948425
1304,252fb9f343399a7fae9f771f5387686708fc9610,16c9604d0fc53dc7f21fb31cbc7fab6bd9bdddd6,-0.007667992264032364
1305,252fb9f343399a7fae9f771f5387686708fc9610,fb3967f480c825e9028edc346d2905dc0accce09,-0.017296889796853065
1306,252fb9f343399a7fae9f771f5387686708fc9610,6373298f14c7472dbdecc3d77439853e39ec216f,-0.04393497481942177
1307,252fb9f343399a7fae9f771f5387686708fc9610,c986bb0fbb101a36dbec97e2b49475897298d295,-0.02967890352010727
1308,252fb9f343399a7fae9f771f5387686708fc9610,6c1671a8163f7a2ce0cd68424a142df0bae40c2e,-0.0528506264090538
1309,252fb9f343399a7fae9f771f5387686708fc9610,a052348595c07b7da2fc9ef5a0e883f03b6a02b1,-0.07520296424627304
1310,252fb9f343399a7fae9f771f5387686708fc9610,bcdd2458633e6f9955a2b18846e5c85c7b047e08,-0.07695484161376953
1311,252fb9f343399a7fae9f771f5387686708fc9610,97225355a9cbc284939fb0193fddfd41ac45ee71,-0.11687435209751129
1312,252fb9f343399a7fae9f771f5387686708fc9610,eb2c8a159a41ed86e70aad96d2d7f833633eddac,-0.16849221289157867
1313,252fb9f343399a7fae9f771f5387686708fc9610,85b03c6b6c921c674b4c0e463de0d3f8c27ef491,-0.19218683242797852
1314,ddaaf26fe78fa533bfa54e3835844168d688f164,a64be66a4d9819b33a0f5f34127e58443fd56cdd,0.6410384178161621
1315,ddaaf26fe78fa533bfa54e3835844168d688f164,3774f733990bf18c458a0f41ddfa1b5d7460b1fc,0.6580175757408142
1316,ddaaf26fe78fa533bfa54e3835844168d688f164,161b07f86b5f8a7749480c793330cb780006ae88,0.4570712745189667
1317,ddaaf26fe78fa533bfa54e3835844168d688f164,132c24f524c66d380ea948e432fbdbc95a08b1d4,0.43992239236831665
1318,ddaaf26fe78fa533bfa54e3835844168d688f164,587f8411391bf2f9d7586eed05416977c6024dd0,0.202011376619339
1319,ddaaf26fe78fa533bfa54e3835844168d688f164,6254b3c10d52044bf78c3fb12b6eb42d0be3dac7,0.09623944759368896
1320,ddaaf26fe78fa533bfa54e3835844168d688f164,1f40e03bde5f6f9fd6f22573271a421ae6179b4c,0.06440608948469162
1321,ddaaf26fe78fa533bfa54e3835844168d688f164,5f20f07013d2c1d1e442af5cb460f1f1bcb4aa47,0.0715894103050232
1322,ddaaf26fe78fa533bfa54e3835844168d688f164,981f8cde8085df066402e1b4cfe89bb31ce71c79,0.03845643624663353
1323,ddaaf26fe78fa533bfa54e3835844168d688f164,0935abb3bcd51c7496b9c9ed49297ba8ec0ec125,0.0032524438574910164
1324,ddaaf26fe78fa533bfa54e3835844168d688f164,d4cd5e77f24a6004c5a6956a044f732c56b5d335,-0.022105876356363297
1325,ddaaf26fe78fa533bfa54e3835844168d688f164,13fa8063363c28790a1bdb77e895800937a8edb2,-0.00414632260799408
1326,ddaaf26fe78fa533bfa54e3835844168d688f164,5f7fc75286c20f78278fa53c8a3f4c32cebebe6a,-0.007123518735170364
1327,ddaaf26fe78fa533bfa54e3835844168d688f164,c3a41f97b29c6abce6f75ee9c668584d77a84170,0.005457734689116478
1328,ddaaf26fe78fa533bfa54e3835844168d688f164,8dc160b3b53686689d3bb168c1c4e963aaca2819,-0.006419670768082142
1329,ddaaf26fe78fa533bfa54e3835844168d688f164,384ce792cf2b2afbe001f2168bfe7d5e7804c736,-0.02324376255273819
1330,ddaaf26fe78fa533bfa54e3835844168d688f164,86260c16d8a2db7fffb06143bdbfd6eafc5a8e11,-0.016275949776172638
1331,ddaaf26fe78fa533bfa54e3835844168d688f164,3fc33bbd5c801d5a2cac0d1def5f571e7a7bb111,-0.01266806572675705
1332,ddaaf26fe78fa533bfa54e3835844168d688f164,e2151994deb9da2b192ec1e281558dc509274822,0.004033301956951618
1333,ddaaf26fe78fa533bfa54e3835844168d688f164,a44364bf7c9d8d2d4b93637e81cf9d51dc3aae62,-0.028806719928979874
1334,ddaaf26fe78fa533bfa54e3835844168d688f164,b97957b43862b9462a8aca454cf16036bf735638,-0.04371034726500511
1335,ddaaf26fe78fa533bfa54e3835844168d688f164,58496266bde6ed47a85a886bd0d984fd0de6bce3,-0.026209671050310135
1336,ddaaf26fe78fa533bfa54e3835844168d688f164,f1873f1185738f6eb7e181ffd7984d2882101891,-0.09510248154401779
1337,ddaaf26fe78fa533bfa54e3835844168d688f164,c5d954d13c1c620d78ebaba9afa120733e90ed09,-0.09170544147491455
1338,ddaaf26fe78fa533bfa54e3835844168d688f164,e66a39104d4962dfb4c82cb7e076f0b9918bd537,-0.06240691989660263
1339,ddaaf26fe78fa533bfa54e3835844168d688f164,65fed11870160561b19c1be168bf9d6a5873ab20,-0.05276946350932121
1340,ddaaf26fe78fa533bfa54e3835844168d688f164,239222aead65a66be698036d04e4af6eaa24b77b,-0.05856941267848015
1341,ddaaf26fe78fa533bfa54e3835844168d688f164,3e4120537d14c1884089f998a9e0a0fafd00ae1a,-0.06569883972406387
1342,ddaaf26fe78fa533bfa54e3835844168d688f164,3075bc058312110e647ab3c09e27e500da2343f3,-0.09506095945835114
1343,ddaaf26fe78fa533bfa54e3835844168d688f164,494fc1e30be172fbe393e0d68695ae318e23da8c,-0.07784773409366608
1344,804840bb733a459d01db7c4e72aeb5373b48da99,7155942fecdf006edfb24dae287f0f5056c49565,0.6699432730674744
1345,804840bb733a459d01db7c4e72aeb5373b48da99,97b3f4fd72578a3037e977c9fb18a78cfeac2464,0.6539947390556335
1346,804840bb733a459d01db7c4e72aeb5373b48da99,31e4725e74bf623aeaf86782f52d9f140b2af153,0.565428614616394
1347,804840bb733a459d01db7c4e72aeb5373b48da99,e941667ffd52d8e1a0047e8f46b6e27c3ab84dfc,0.6369940042495728
1348,804840bb733a459d01db7c4e72aeb5373b48da99,d9b42c3ad3847f0795b4054b4bfd0ea6314ed2f0,0.19432443380355835
1349,804840bb733a459d01db7c4e72aeb5373b48da99,68cc677342506ef6c0928994e7ece63d432c34fb,0.1748867928981781
1350,804840bb733a459d01db7c4e72aeb5373b48da99,0dab7902ad91308cfd884b803ed28021ffb85ba5,0.13751593232154846
1351,804840bb733a459d01db7c4e72aeb5373b48da99,afd3b7fb9478501f3723a9b205dc7125a9b620c1,0.17143383622169495
1352,804840bb733a459d01db7c4e72aeb5373b48da99,758d5e6627430b0e97700a9325ffe8bec8ce4beb,0.16119709610939026
1353,804840bb733a459d01db7c4e72aeb5373b48da99,0ee47ca8e90f3dd2107b6791c0da42357c56f5bc,0.13805857300758362
1354,804840bb733a459d01db7c4e72aeb5373b48da99,17d27dc936454b23020766183993d1eadaff5515,0.07986316084861755
1355,804840bb733a459d01db7c4e72aeb5373b48da99,68e07fdfa8de4eb7ace6374ce9c16168317414e3,0.07640101760625839
1356,804840bb733a459d01db7c4e72aeb5373b48da99,7ef5e193b6c244e196dbfb69d49b1a6eba8e9709,0.058125268667936325
1357,804840bb733a459d01db7c4e72aeb5373b48da99,31094fca20105113b8cf4f1268941dea4818af30,0.04264451935887337
1358,804840bb733a459d01db7c4e72aeb5373b48da99,9cf082ffd90454a9af2b0d043dd638f97097b0ad,0.04146162420511246
1359,804840bb733a459d01db7c4e72aeb5373b48da99,27a3d074913d3af2bccb10cb62a652bd8029f613,0.04714778810739517
1360,804840bb733a459d01db7c4e72aeb5373b48da99,81e0f458a894322baf170fa4d6fa8099bd055c39,0.02276688814163208
1361,804840bb733a459d01db7c4e72aeb5373b48da99,b7811efffe3ba41c720708c670f01d34091984b0,0.02734161727130413
1362,804840bb733a459d01db7c4e72aeb5373b48da99,0478a185526faf72e822e61c6dd30c6559c66666,0.04110456630587578
1363,804840bb733a459d01db7c4e72aeb5373b48da99,7968a806169ae1cd8b9f6948af4820c779d11ba6,0.018191363662481308
1364,804840bb733a459d01db7c4e72aeb5373b48da99,b0c38ce8350927dd9cf3920f33f17b7bfc009c3b,-0.14087332785129547
1365,804840bb733a459d01db7c4e72aeb5373b48da99,0e8efd4874aed280a42540d7699ff72a0f073a88,0.008569713681936264
1366,804840bb733a459d01db7c4e72aeb5373b48da99,41d03f5f95c334bf6f3e4e5f5264409f87f235ad,-0.015482833608984947
1367,804840bb733a459d01db7c4e72aeb5373b48da99,4487e1db79e8387b7abc47e7ec9b711fc4d286df,-0.008489871397614479
1368,804840bb733a459d01db7c4e72aeb5373b48da99,0f0c67050aed2312cd45f05d5fb8f6502e64b50b,-0.03546074032783508
1369,804840bb733a459d01db7c4e72aeb5373b48da99,ae6c66167598955dba9ac64eb60b0b2b2d80c9f2,0.004534170962870121
1370,804840bb733a459d01db7c4e72aeb5373b48da99,2196c4afde66808657f5ded39595de937dfbd08d,-0.031907834112644196
1371,804840bb733a459d01db7c4e72aeb5373b48da99,7bbadf3b6e7d6b362abfb83939cf95e16e890ca5,-0.06706230342388153
1372,804840bb733a459d01db7c4e72aeb5373b48da99,7bdb94403913fd714cc3efcf0a5e39df93a404d8,-0.0773923248052597
1373,804840bb733a459d01db7c4e72aeb5373b48da99,7ed189ecc4244fa9bd1d47d5686914f35aababea,-0.06818871945142746
1374,fdd141a4fffc490fb3ab570c28b8a1f2dd80a15f,002aaf4412f91d0828b79511f35c0863a1a32c47,0.5023764967918396
1375,fdd141a4fffc490fb3ab570c28b8a1f2dd80a15f,1c0f7854c14debcc34368e210568696a01c40573,0.3645772337913513
1376,fdd141a4fffc490fb3ab570c28b8a1f2dd80a15f,4c4387afaeadda64d8183d7aba19574a9b757a6a,0.3162849545478821
1377,fdd141a4fffc490fb3ab570c28b8a1f2dd80a15f,090d25f94cb021bdd3400a2f547f989a6a5e07ec,0.3437378406524658
1378,fdd141a4fffc490fb3ab570c28b8a1f2dd80a15f,0757817bf5714bb91c3d4f30cf3144e0837e57e5,0.2235022485256195
1379,fdd141a4fffc490fb3ab570c28b8a1f2dd80a15f,f39d45aeaf8a5ace793fb8c8495eb0c7598f5e23,0.1726592481136322
1380,fdd141a4fffc490fb3ab570c28b8a1f2dd80a15f,2ab66c0f02521f4e5d42a6b29b08eb815504818b,0.1272745430469513
1381,fdd141a4fffc490fb3ab570c28b8a1f2dd80a15f,9b9c9cc72ebc16596a618d5b78972437c9c569f6,0.19133171439170837
1382,fdd141a4fffc490fb3ab570c28b8a1f2dd80a15f,36bb4352891209ba0a7df150c74cd4db6d603ca5,0.09137224406003952
1383,fdd141a4fffc490fb3ab570c28b8a1f2dd80a15f,da2a956676b59b5237bde62a308fa604215d6a55,0.11762935668230057
1384,fdd141a4fffc490fb3ab570c28b8a1f2dd80a15f,060d1b412dc3fb7d5f5d952adc8a4a8ecc4bd3fa,0.1139843538403511
1385,fdd141a4fffc490fb3ab570c28b8a1f2dd80a15f,d5673c53b3643372dd8d35136769ecd73a6dede3,0.037518762052059174
1386,fdd141a4fffc490fb3ab570c28b8a1f2dd80a15f,aead2b2d26ab62f6229048b912b7ad313187008c,0.03193988278508186
1387,fdd141a4fffc490fb3ab570c28b8a1f2dd80a15f,a9267dd3407e346aa08cd4018fbde92018230eb3,0.0511062853038311
1388,fdd141a4fffc490fb3ab570c28b8a1f2dd80a15f,a70ba6daebb31461480fe3a369af6c7658ccdec0,0.05677688121795654
1389,fdd141a4fffc490fb3ab570c28b8a1f2dd80a15f,63cffc8d517259e5b4669e122190dfe515ee5508,0.04173607751727104
1390,fdd141a4fffc490fb3ab570c28b8a1f2dd80a15f,b3e6312fb37a99336f7780b1c69badd899858b41,0.07553770393133163
1391,fdd141a4fffc490fb3ab570c28b8a1f2dd80a15f,794435fe025ac480dbdb6218866e1d30d5a786c8,-0.025017067790031433
1392,fdd141a4fffc490fb3ab570c28b8a1f2dd80a15f,8a5e5aaf26db3acdcafbc2cd5f44680d4f84d4fc,0.0013613291084766388
1393,fdd141a4fffc490fb3ab570c28b8a1f2dd80a15f,185aa5c29a1bce3cd5c806cd68c6518b65ba3d75,0.024403106421232224
1394,fdd141a4fffc490fb3ab570c28b8a1f2dd80a15f,9abba0edb3d631b6cca51a346d494b911e5342fa,-0.014077621512115002
1395,fdd141a4fffc490fb3ab570c28b8a1f2dd80a15f,5de1dec847e812b7d7f2776a756ee17b2d1791cd,-0.006771717220544815
1396,fdd141a4fffc490fb3ab570c28b8a1f2dd80a15f,189a391b217387514bfe599a0b6c1bbc1ccc94bb,-0.021697580814361572
1397,fdd141a4fffc490fb3ab570c28b8a1f2dd80a15f,4ad7f58bde3358082cc922da3e726571fab453e7,-0.031700730323791504
1398,fdd141a4fffc490fb3ab570c28b8a1f2dd80a15f,08bb1bc1cc40f3a0dfe264c80105fcd82e5a70d1,-0.04645382985472679
1399,fdd141a4fffc490fb3ab570c28b8a1f2dd80a15f,7cecad0af237dcd7760364e1ae0d03dea362d7cd,-0.0671704113483429
1400,fdd141a4fffc490fb3ab570c28b8a1f2dd80a15f,f39322a314bf96dbaf482b7f86fdf99853fca468,-0.02951638400554657
1401,fdd141a4fffc490fb3ab570c28b8a1f2dd80a15f,b81ef3e2185b79843fce53bc682a6f9fa44f2485,-0.10791635513305664
1402,fdd141a4fffc490fb3ab570c28b8a1f2dd80a15f,6de1fbfe86ddfef72d5fcfdb6e7e140be0ab195e,-0.09843204915523529
1403,fdd141a4fffc490fb3ab570c28b8a1f2dd80a15f,940173d9b880defde6c5f171579cddbba8288dc6,-0.09956707060337067
1404,76483bf302f4cea5f0ffce2f00704b1d0dd933a6,f72831ce1c4c253412310adc8cd602d90cc7973c,0.6164878010749817
1405,76483bf302f4cea5f0ffce2f00704b1d0dd933a6,682c150f6a1ac49c355ad5ec992d8f3a364d9756,0.5288286805152893
1406,76483bf302f4cea5f0ffce2f00704b1d0dd933a6,a94e358289f956ee563242a5236f523548940328,0.4619028866291046
1407,76483bf302f4cea5f0ffce2f00704b1d0dd933a6,83b2339158240eadced7ca712b07169ae24667ec,0.49962812662124634
1408,76483bf302f4cea5f0ffce2f00704b1d0dd933a6,69c37d0ce5fbf3647eb6b60e23c080cf477183ec,0.35776275396347046
1409,76483bf302f4cea5f0ffce2f00704b1d0dd933a6,d5961c904a85aaf89bf1cd85727f4b3e4dc09fb5,0.26319316029548645
1410,76483bf302f4cea5f0ffce2f00704b1d0dd933a6,18422d0eca8b06e98807e2663a2d9aed683402b6,0.19138187170028687
1411,76483bf302f4cea5f0ffce2f00704b1d0dd933a6,f407c09ae8d886fc373d3f471c97c22d3ca50580,0.17908328771591187
1412,76483bf302f4cea5f0ffce2f00704b1d0dd933a6,6d06e485853d24f28855279bf7b13c45cb3cad31,0.09335201233625412
1413,76483bf302f4cea5f0ffce2f00704b1d0dd933a6,e2176d557793b7e2b80d8e5ec945078441356eb8,0.08438221365213394
1414,76483bf302f4cea5f0ffce2f00704b1d0dd933a6,402f6f33fd2db4f17b591002723d793814362b1e,0.0709410235285759
1415,76483bf302f4cea5f0ffce2f00704b1d0dd933a6,e3fc67dfcf8e194f452fd734e4dfd99a53f2afeb,0.10943537950515747
1416,76483bf302f4cea5f0ffce2f00704b1d0dd933a6,6e820cf11712b9041bb625634612a535476f0960,0.13446204364299774
1417,76483bf302f4cea5f0ffce2f00704b1d0dd933a6,5c71a81f1b934a9fc7765a225ae4a8833071ad17,0.08728505671024323
1418,76483bf302f4cea5f0ffce2f00704b1d0dd933a6,a2ff5117ccd1eb3e42c6a606b8cecb4358d3ec84,0.10073237121105194
1419,76483bf302f4cea5f0ffce2f00704b1d0dd933a6,0721f581323fa61548c25669a6963dcf7a74bee5,0.07181147485971451
1420,76483bf302f4cea5f0ffce2f00704b1d0dd933a6,548bc4203770450c21133bfb72c58f5fae0fbdf2,0.056137289851903915
1421,76483bf302f4cea5f0ffce2f00704b1d0dd933a6,9da22d5240223e08cfaefd65cbf0504cb983c284,-0.009210197255015373
1422,76483bf302f4cea5f0ffce2f00704b1d0dd933a6,3e8723310b5b6f6ba0d0d61cc970c54ead5a8872,-0.014800919219851494
1423,76483bf302f4cea5f0ffce2f00704b1d0dd933a6,c6c1ea09425f79bcef32491b785afc5d604222d0,-0.04855351150035858
1424,76483bf302f4cea5f0ffce2f00704b1d0dd933a6,c10226699acb5a778f3655cf093e8cd65a8adb42,-0.008138855919241905
1425,76483bf302f4cea5f0ffce2f00704b1d0dd933a6,c5098b6da33d0b966cb175a80bab70b829799a6b,-0.03040056675672531
1426,76483bf302f4cea5f0ffce2f00704b1d0dd933a6,6984f2aadd187051546e8e6ddb505460b1bc327a,-0.0411289818584919
1427,76483bf302f4cea5f0ffce2f00704b1d0dd933a6,788f341d02130e1807edf88c8c64a77e4096437e,-0.015029299072921276
1428,76483bf302f4cea5f0ffce2f00704b1d0dd933a6,b0fa1b8490d9f86de73556edc3a73e32019a9207,-0.00482325442135334
1429,76483bf302f4cea5f0ffce2f00704b1d0dd933a6,28b3bac665673755aca40849ca467ea57b246bd3,-0.04235091432929039
1430,76483bf302f4cea5f0ffce2f00704b1d0dd933a6,9b35f4dcaa1831e05adda9a8e37e6d590c79609b,-0.07126818597316742
1431,76483bf302f4cea5f0ffce2f00704b1d0dd933a6,ea88b58158395aefbb27f4706a18dfa2fd7daa89,-0.08842646330595016
1432,76483bf302f4cea5f0ffce2f00704b1d0dd933a6,a98d9815e6694971e755b462ad77a6c9d847b147,-0.08941531926393509
1433,76483bf302f4cea5f0ffce2f00704b1d0dd933a6,e845231c7ac288fdb354d136e9537ba8993fd1f0,-0.07894369959831238
1434,0c1c94f582cfaa727a03a452ea71cab809d8f7ce,4a9c1b4569289623bf9812ffe2225e4b3d7acb22,0.5849523544311523
1435,0c1c94f582cfaa727a03a452ea71cab809d8f7ce,f5fca08badb5f182bfc5bc9050e786d40e0196df,0.4485674500465393
1436,0c1c94f582cfaa727a03a452ea71cab809d8f7ce,50fc6949a8208486e26a716c2f4b255405715bbd,0.439674437046051
1437,0c1c94f582cfaa727a03a452ea71cab809d8f7ce,d2998f77f7b16fde8e1146d1e4b96f4fbb267577,0.29914599657058716
1438,0c1c94f582cfaa727a03a452ea71cab809d8f7ce,4b77ac9081958ff56543e9ab2eb942c0cc65610e,0.30831003189086914
1439,0c1c94f582cfaa727a03a452ea71cab809d8f7ce,ab66f5bcea5ca7adc638342958206262007f8afd,0.17422397434711456
1440,0c1c94f582cfaa727a03a452ea71cab809d8f7ce,0969bae35536395aff521f6fbcd9d5ff379664e3,0.2583386301994324
1441,0c1c94f582cfaa727a03a452ea71cab809d8f7ce,9da9786e6aba77c72516abb5cfa124402cfdb9f1,0.11676017194986343
1442,0c1c94f582cfaa727a03a452ea71cab809d8f7ce,dd569c776064693d02374ee89ec864f2eec53b02,0.11746934056282043
1443,0c1c94f582cfaa727a03a452ea71cab809d8f7ce,3cf12282c9a37211f8f7adbc5e667a1436317626,0.061811868101358414
1444,0c1c94f582cfaa727a03a452ea71cab809d8f7ce,f66a2d4ee08d388e9919fa6a2a2dad5227a256e8,0.07804828882217407
1445,0c1c94f582cfaa727a03a452ea71cab809d8f7ce,73e5f9f4ea344768ba464f146b9ba1e3d965c6b0,0.0915367603302002
1446,0c1c94f582cfaa727a03a452ea71cab809d8f7ce,304097b8cacc87977fd745716dff1412648a2326,0.023934658616781235
1447,0c1c94f582cfaa727a03a452ea71cab809d8f7ce,9dbe7462761fa90b4b0340ceaf6661b25b7a4313,0.055811285972595215
1448,0c1c94f582cfaa727a03a452ea71cab809d8f7ce,2cad955c4667a8625553cd02e8bd0f84126b259a,0.039875783026218414
1449,0c1c94f582cfaa727a03a452ea71cab809d8f7ce,505253630ab7e8f35e26e27904bd3c8faea3c5ce,0.012988410890102386
1450,0c1c94f582cfaa727a03a452ea71cab809d8f7ce,1786aab096f743614cbe3950602004b9f104d4ba,0.010734102688729763
1451,0c1c94f582cfaa727a03a452ea71cab809d8f7ce,8e6a2774982d24492273558a85eef0cec056efba,0.0035308469086885452
1452,0c1c94f582cfaa727a03a452ea71cab809d8f7ce,86df5ac1f7065fd8e58e371fb733b3992affcf9e,0.014303069561719894
1453,0c1c94f582cfaa727a03a452ea71cab809d8f7ce,3dd688dbd5d425340203e73ed6590e58c970b083,0.015758205205202103
1454,0c1c94f582cfaa727a03a452ea71cab809d8f7ce,7626ebf435036928046afbd7ab88d4b76d3de008,-0.010252072475850582
1455,0c1c94f582cfaa727a03a452ea71cab809d8f7ce,827d2d768f58759e193ed17da6d6f7e87749686a,-0.009138359688222408
1456,0c1c94f582cfaa727a03a452ea71cab809d8f7ce,6044b30751c19b3231782fb0475c9ca438940690,0.03638799488544464
1457,0c1c94f582cfaa727a03a452ea71cab809d8f7ce,155c4153aa867e0d36e81aef2b9a677712c349d4,-0.03544282913208008
1458,0c1c94f582cfaa727a03a452ea71cab809d8f7ce,c3a2c1eedee7cd170606c5bda4afd05289af8562,-0.0559832863509655
1459,0c1c94f582cfaa727a03a452ea71cab809d8f7ce,07119bc66e256f88b7436e62a4ac3384365e4e9b,-0.07436330616474152
1460,0c1c94f582cfaa727a03a452ea71cab809d8f7ce,71573d5dc03b28279c1a337e9fd91ffbeff47569,-0.0988539457321167
1461,0c1c94f582cfaa727a03a452ea71cab809d8f7ce,fa453f2ae1f944a61d7dd0ea576b5bd05d08b9ed,-0.1358848661184311
1462,0c1c94f582cfaa727a03a452ea71cab809d8f7ce,3146ffeed483cb94d474315b0f9ed54505834032,-0.14574170112609863
1463,43dd67cf1630eeac917c0dcd8e80425a6b93d38d,1f6ba0782862ec12a5ec6d7fb608523d55b0c6ba,0.43548980355262756
1464,43dd67cf1630eeac917c0dcd8e80425a6b93d38d,45c56dc268a04c5fc7ca04d7edb985caf2a25093,0.40967246890068054
1465,43dd67cf1630eeac917c0dcd8e80425a6b93d38d,ab27ddbbed5a7bd221de44355e3a058b5ea1b14f,0.3714810013771057
1466,43dd67cf1630eeac917c0dcd8e80425a6b93d38d,02df3d50dbd1d15c38db62ff58a5601ebf815d59,0.3298717141151428
1467,43dd67cf1630eeac917c0dcd8e80425a6b93d38d,63132196af23969531569d5866fa3cda5b8f7a11,0.28878098726272583
1468,43dd67cf1630eeac917c0dcd8e80425a6b93d38d,bf3921d033eef168b8fc5bd64900e12bcd2ee2d5,0.24862945079803467
1469,43dd67cf1630eeac917c0dcd8e80425a6b93d38d,1311ccef82e70126bc0f9d69084030f19c79eac2,0.20253504812717438
1470,43dd67cf1630eeac917c0dcd8e80425a6b93d38d,cc51a87552b8e34a6562cc2c588fc0744e3aced6,0.20074112713336945
1471,43dd67cf1630eeac917c0dcd8e80425a6b93d38d,d3e0ba556d1d1108aa823e7234b5bdd81a668e48,0.2550642490386963
1472,43dd67cf1630eeac917c0dcd8e80425a6b93d38d,2188276d512c11271ac08bf72994cbec5d7468d3,0.24705590307712555
1473,43dd67cf1630eeac917c0dcd8e80425a6b93d38d,9e463eefadbcd336c69270a299666e4104d50159,0.3389045000076294
1474,43dd67cf1630eeac917c0dcd8e80425a6b93d38d,15ca31fb78fa69f02aaad5d6ad2e5eb61088dddf,0.17958807945251465
1475,43dd67cf1630eeac917c0dcd8e80425a6b93d38d,ccce1cf96f641b3581fba6f4ce2545f4135a15e3,0.19695042073726654
1476,43dd67cf1630eeac917c0dcd8e80425a6b93d38d,430d599e07e94fbae71b698a4098a2d615ab5608,0.13503780961036682
1477,43dd67cf1630eeac917c0dcd8e80425a6b93d38d,0f7be87ca4608975a0a7f5c9e505688649f523c1,0.15318626165390015
1478,43dd67cf1630eeac917c0dcd8e80425a6b93d38d,2f201c77e7ccdf1f37115e16accac3486a65c03d,0.10201278328895569
1479,43dd67cf1630eeac917c0dcd8e80425a6b93d38d,d08022c927cbc8d52d6cb58d8e868d3b7df1c35d,0.08653223514556885
1480,43dd67cf1630eeac917c0dcd8e80425a6b93d38d,b353e8b6a976422d1200ed29d8c6ab01f0c0cc3d,0.05471016466617584
1481,43dd67cf1630eeac917c0dcd8e80425a6b93d38d,4c747fc7765b543a06f8e880c8a63a1aebf75ecf,0.05476434528827667
1482,43dd67cf1630eeac917c0dcd8e80425a6b93d38d,1bc8a129675fbbb651d0a23f827ab867165088f9,0.036152102053165436
1483,43dd67cf1630eeac917c0dcd8e80425a6b93d38d,5e120701b01f37d7e68dcc261212c4741d143153,0.017183102667331696
1484,43dd67cf1630eeac917c0dcd8e80425a6b93d38d,ea99f5d06f501f86de266534d420f6fdaa4f2112,0.009951137006282806
1485,43dd67cf1630eeac917c0dcd8e80425a6b93d38d,1df4dba907cd6afadb172d9c454c9978f5150bf7,0.023828275501728058
1486,43dd67cf1630eeac917c0dcd8e80425a6b93d38d,f9ad9115dac88872fb25a633fda3d87f547f75b0,0.0033972840756177902
1487,43dd67cf1630eeac917c0dcd8e80425a6b93d38d,dffc86f4646c71c2c67278ac55aaf67db5a55b21,-0.005912636406719685
1488,43dd67cf1630eeac917c0dcd8e80425a6b93d38d,7796de8efb1866ffa45e7f8b6a7305cb8b582144,-0.08945651352405548
1489,43dd67cf1630eeac917c0dcd8e80425a6b93d38d,bb3a3836652c8a581e0ce92fdb3a7cd884efec40,-0.05677536129951477
1490,43dd67cf1630eeac917c0dcd8e80425a6b93d38d,0b1942ebdcde63ad10540fd9670661f421b44f26,-0.047014519572257996
1491,43dd67cf1630eeac917c0dcd8e80425a6b93d38d,c938af3d216d047c90b485530d70699568dc4c49,-0.0607791393995285
1492,43dd67cf1630eeac917c0dcd8e80425a6b93d38d,b1a04ad062d980237523cc3502926130e05d2c75,-0.06849522888660431
1493,e0a8b67880070624ef8787a08bbbd5aa178d65ac,3e597e492c1ed6e7bbd539d5f2e5a6586c6074cd,0.7042803764343262
1494,e0a8b67880070624ef8787a08bbbd5aa178d65ac,592a6d781309423ceb95502e92e577ef5656de0d,0.6860753297805786
1495,e0a8b67880070624ef8787a08bbbd5aa178d65ac,9f291ce2d0fc1d76206139a40a859283674d8f65,0.5993518829345703
1496,e0a8b67880070624ef8787a08bbbd5aa178d65ac,6411da05a0e6f3e38bcac0ce57c28038ff08081c,0.5366530418395996
1497,e0a8b67880070624ef8787a08bbbd5aa178d65ac,4e88de2930a4435f737c3996287a90ff87b95c59,0.5411583185195923
1498,e0a8b67880070624ef8787a08bbbd5aa178d65ac,7039b7c97bd0e59693f2dc4ed7b40e8790bf2746,0.38128426671028137
1499,e0a8b67880070624ef8787a08bbbd5aa178d65ac,4f0a8597130c327c7c139a32e836619bd392b7a9,0.37561047077178955
1500,e0a8b67880070624ef8787a08bbbd5aa178d65ac,67d0efb80486ef0e1fd156f9c12329e15a272f20,0.1604020744562149
1501,e0a8b67880070624ef8787a08bbbd5aa178d65ac,00c98f76a1f24cd445cd5c7932f01f887f59c44c,0.22887706756591797
1502,e0a8b67880070624ef8787a08bbbd5aa178d65ac,d429db345c3263a0c695249d3fce9e26004b5419,0.1785951554775238
1503,e0a8b67880070624ef8787a08bbbd5aa178d65ac,42f75b297aed474599c8e598dd211a1999804138,0.09479017555713654
1504,e0a8b67880070624ef8787a08bbbd5aa178d65ac,f095eb57f920e4c6d0b6a1fea4eacb51601e34e3,0.07402016967535019
1505,e0a8b67880070624ef8787a08bbbd5aa178d65ac,d12c173ea92fc33dc276d1da90dc72a660f7ea12,0.08562459796667099
1506,e0a8b67880070624ef8787a08bbbd5aa178d65ac,86040af28751baac6ae9093ea3505a75822deec8,0.028630126267671585
1507,e0a8b67880070624ef8787a08bbbd5aa178d65ac,8593881cb3bfbf627c6edd1d6456c7e8e35f3a5c,0.11613033711910248
1508,e0a8b67880070624ef8787a08bbbd5aa178d65ac,1c2ce06b718ffde5c96e761d9a92cb286c494dc6,0.0929781049489975
1509,e0a8b67880070624ef8787a08bbbd5aa178d65ac,48f6cd5a88e39aead3f60b7dccedbb46bf2ebf7e,0.08203483372926712
1510,e0a8b67880070624ef8787a08bbbd5aa178d65ac,d6020bdf3b03f209174cbc8fb4ecbe6208eb9ff1,0.04701074957847595
1511,e0a8b67880070624ef8787a08bbbd5aa178d65ac,7c660ea201217c1482cf81b20cb50671ceb123d6,0.05892033874988556
1512,e0a8b67880070624ef8787a08bbbd5aa178d65ac,8a15ca504ce5a86cca2a4bf8ab7eeeb92a4b7270,0.03621824085712433
1513,e0a8b67880070624ef8787a08bbbd5aa178d65ac,ded38de3ff8dc89b3ab901eefa4664d366a8c99f,0.029042497277259827
1514,e0a8b67880070624ef8787a08bbbd5aa178d65ac,b9bdf31f8ee1bdc37e2a11333461ab52676e12f8,0.01280721090734005
1515,e0a8b67880070624ef8787a08bbbd5aa178d65ac,0c5200b6eed636de2e0ffd77772ccc988a9a6a70,0.02080724760890007
1516,e0a8b67880070624ef8787a08bbbd5aa178d65ac,f679df058483f2dae169d8abd01a49c75e087f37,-0.014464780688285828
1517,e0a8b67880070624ef8787a08bbbd5aa178d65ac,4704ee86b88a25a5afe8622f3437537b4a3c93a6,0.020591817796230316
1518,e0a8b67880070624ef8787a08bbbd5aa178d65ac,f0d9f59efce8e5696fff15c7bdf3d769c7a42e9c,-0.04884669557213783
1519,e0a8b67880070624ef8787a08bbbd5aa178d65ac,74caec8942c6eb545df42c8367dec1885ff3272b,-0.041108399629592896
1520,e0a8b67880070624ef8787a08bbbd5aa178d65ac,5dbc5efc9f6414dabc922919c56f40e0f75caad7,-0.04550664871931076
1521,e0a8b67880070624ef8787a08bbbd5aa178d65ac,1ad80c3406df83a1b591bfe60d3c57f8064bda51,-0.04217635840177536
1522,e0a8b67880070624ef8787a08bbbd5aa178d65ac,da8aa8b99bd63f28e9f9ad23be871831795773e6,-0.11225670576095581
1523,1e1c56608f9dca5281bd79c7dfbfb058aab25472,18c626507bc53449021d9c6d9ec1dabd1dbe8337,0.3803262412548065
1524,1e1c56608f9dca5281bd79c7dfbfb058aab25472,b94c7ff9532ab26c3aedbee3988ec4c7a237c173,0.3842744827270508
1525,1e1c56608f9dca5281bd79c7dfbfb058aab25472,182fdcb0d6cd872a5a35c58cc2230486d2750201,0.4311593174934387
1526,1e1c56608f9dca5281bd79c7dfbfb058aab25472,36c2cafdf3a0d39931e3ee46d7665270fca42350,0.35781216621398926
1527,1e1c56608f9dca5281bd79c7dfbfb058aab25472,31864e13a9b3473ebb07b4f991f0ae3363517244,0.36325424909591675
1528,1e1c56608f9dca5281bd79c7dfbfb058aab25472,51fea461cf3724123c888cb9184474e176c12e61,0.33031535148620605
1529,1e1c56608f9dca5281bd79c7dfbfb058aab25472,fdfdd91c18fdaa254162483c47895734f2059826,0.21991942822933197
1530,1e1c56608f9dca5281bd79c7dfbfb058aab25472,91a613ed06c4654f38f5c2e7fe6ebffeec53d887,0.13108138740062714
1531,1e1c56608f9dca5281bd79c7dfbfb058aab25472,8d6fe5700a242f90fd406a670d4574dcef436fb6,0.1478527933359146
1532,1e1c56608f9dca5281bd79c7dfbfb058aab25472,055d55726d45406a6f115c4d26f510bade021be3,0.15644806623458862
1533,1e1c56608f9dca5281bd79c7dfbfb058aab25472,4dc0a91cc4da1d15c525385bf880cd39aa3d2b71,0.13373905420303345
1534,1e1c56608f9dca5281bd79c7dfbfb058aab25472,6df7c198635cfa22b2dbc7e80ed4bccea2480504,0.11129068583250046
1535,1e1c56608f9dca5281bd79c7dfbfb058aab25472,b39e5f7217abae9e2c682ee5068a11309631b93b,0.11535900831222534
1536,1e1c56608f9dca5281bd79c7dfbfb058aab25472,ad5e7a4823883af5a5118ab88179a5746ec528cb,0.0468866266310215
1537,1e1c56608f9dca5281bd79c7dfbfb058aab25472,25f55b9bf29625ba1ea3195954bc4e13896218c0,0.10470768064260483
1538,1e1c56608f9dca5281bd79c7dfbfb058aab25472,4b7f95162aa2c8523117e7e18b120b3062aaca6d,0.11566372215747833
1539,1e1c56608f9dca5281bd79c7dfbfb058aab25472,2c3dffc38d40b725bbd2af80694375e6fc0b1b45,0.029010236263275146
1540,1e1c56608f9dca5281bd79c7dfbfb058aab25472,1e9f671cd3c680de39db2afef69991d8f8e038ba,0.06969885528087616
1541,1e1c56608f9dca5281bd79c7dfbfb058aab25472,29f0a4ba7176e870ce4ab54b6b627ee7c761d890,0.06381670385599136
1542,1e1c56608f9dca5281bd79c7dfbfb058aab25472,17a0182ee8d12aa2491a1f4309afe84e6869b2a0,0.036166656762361526
1543,1e1c56608f9dca5281bd79c7dfbfb058aab25472,bda4bcaf90b11b1d88f7ec11931789b1a00461db,0.03556149825453758
1544,1e1c56608f9dca5281bd79c7dfbfb058aab25472,160631daa8ecea247014401f5429deb49883d395,0.04716526344418526
1545,1e1c56608f9dca5281bd79c7dfbfb058aab25472,600c91dd8c2ad24217547d506ec2f89316f21e15,0.0012757116928696632
1546,1e1c56608f9dca5281bd79c7dfbfb058aab25472,740affe128d0d20f2d00fbab0eed877968abbc09,-0.005439277738332748
1547,1e1c56608f9dca5281bd79c7dfbfb058aab25472,81bed85b8533c6efb07757ca825fa05adad38bde,-0.02582511492073536
1548,1e1c56608f9dca5281bd79c7dfbfb058aab25472,745cd47479008f8f6f3a4262f5817901ee44c1a3,0.051856476813554764
1549,1e1c56608f9dca5281bd79c7dfbfb058aab25472,f14d3dde8b8c63fa64f3c715ee58142466eb0d43,-0.0549333393573761
1550,1e1c56608f9dca5281bd79c7dfbfb058aab25472,93ad3279c3c4cbe02428388874aec44cf2d30f30,-0.047313954681158066
1551,1e1c56608f9dca5281bd79c7dfbfb058aab25472,9689b1b7ddcb203b6d9a8f633d8bbef71c44a44c,-0.07790927588939667
1552,1e1c56608f9dca5281bd79c7dfbfb058aab25472,48c298565b7906dcc6f8555848201202660d3428,-0.08390401303768158
1553,6bb5d79e3f255f091f110e7c6952076f2fd27da5,f1613bc4a40a987f67eefe60c617a360c6d0d1e8,0.7703697681427002
1554,6bb5d79e3f255f091f110e7c6952076f2fd27da5,19a74d3c08f4fcdbcc367c80992178e93f1ee3bd,0.7461656332015991
1555,6bb5d79e3f255f091f110e7c6952076f2fd27da5,56e362c661d575b908e8a9f9bbb48f535a9312a5,0.5241881012916565
1556,6bb5d79e3f255f091f110e7c6952076f2fd27da5,12005218a4b5841dd27d75ab88079e7421a56846,0.5165846347808838
1557,6bb5d79e3f255f091f110e7c6952076f2fd27da5,26747fa3e6b3f53e6d5bcd40076f46054a4f9334,0.39119434356689453
1558,6bb5d79e3f255f091f110e7c6952076f2fd27da5,64b33b7fa675d2f1f19767e35e9857e941e33c78,0.19599759578704834
1559,6bb5d79e3f255f091f110e7c6952076f2fd27da5,58ec8f00eb746abb4adb27d514333fee3c6bcf97,0.21453024446964264
1560,6bb5d79e3f255f091f110e7c6952076f2fd27da5,4954bb26107d69eb79bb32ffa247c8731cf20fcf,0.25524523854255676
1561,6bb5d79e3f255f091f110e7c6952076f2fd27da5,0cbc08b2e318133653448214d2b4fbbd7f812136,0.24650195240974426
1562,6bb5d79e3f255f091f110e7c6952076f2fd27da5,2a90dfe4736817866f7f388f5c3750222a9a261f,0.17104730010032654
1563,6bb5d79e3f255f091f110e7c6952076f2fd27da5,bb4b1f3b7cc1a9a1753c000bce081f0e909a3f55,0.1521253138780594
1564,6bb5d79e3f255f091f110e7c6952076f2fd27da5,059b1bcf315be372c8156e07e941fa6539360cba,0.10146110504865646
1565,6bb5d79e3f255f091f110e7c6952076f2fd27da5,e151ed990085a41668a88545da12daeeaac11e74,0.058633070439100266
1566,6bb5d79e3f255f091f110e7c6952076f2fd27da5,4e15a268586023e6e6ba6a49eedd4a33e98d531d,0.10947635769844055
1567,6bb5d79e3f255f091f110e7c6952076f2fd27da5,530867970f5cf19f5115e49292d91ccaae463ca9,0.10206776857376099
1568,6bb5d79e3f255f091f110e7c6952076f2fd27da5,435e2f8a16bccedc8d6728b5ead441998c889111,0.026656337082386017
1569,6bb5d79e3f255f091f110e7c6952076f2fd27da5,6f2fe472de38ad0995923668aa8e1abe19084d09,0.020345453172922134
1570,6bb5d79e3f255f091f110e7c6952076f2fd27da5,867c9ff1c4801041b0c069c116294f1d71b98b38,0.04216821491718292
1571,6bb5d79e3f255f091f110e7c6952076f2fd27da5,431551e2626973b150d982563a175ef80b56ce98,0.012900901027023792
1572,6bb5d79e3f255f091f110e7c6952076f2fd27da5,645d90ede11053f795ad2e6c142d493a5a793303,0.007929753512144089
1573,6bb5d79e3f255f091f110e7c6952076f2fd27da5,9a76fd4c97aa984b1b70a0fe99810706a226ab41,0.029220500960946083
1574,6bb5d79e3f255f091f110e7c6952076f2fd27da5,def29939ce675ae9d9d855c661cbf85e34a1daaf,0.002039670944213867
1575,6bb5d79e3f255f091f110e7c6952076f2fd27da5,434eb48cfa6e631c9b04b793ca2e827a2d29dc97,-0.01998438686132431
1576,6bb5d79e3f255f091f110e7c6952076f2fd27da5,b7fba13783ff14db9eb869dc3c9e4c69a9455b04,0.025208301842212677
1577,6bb5d79e3f255f091f110e7c6952076f2fd27da5,cbd6e91afffa0fdd461452a90842241a6d44bf70,-0.01713208481669426
1578,6bb5d79e3f255f091f110e7c6952076f2fd27da5,d90a33079a401fcc01d31c7f88ffaa7c51fc5c92,-0.06886576116085052
1579,6bb5d79e3f255f091f110e7c6952076f2fd27da5,dca6b4b7cc03e565481e4d8fb255d079c2e61cbb,-0.03129131719470024
1580,6bb5d79e3f255f091f110e7c6952076f2fd27da5,9ca05b6624798e02f1f4a62494b60d8478937914,-0.09302002191543579
1581,6bb5d79e3f255f091f110e7c6952076f2fd27da5,7bcbe5d58352ffc97123526a8fe7188c6185dc2d,-0.035834867507219315
1582,6bb5d79e3f255f091f110e7c6952076f2fd27da5,4e7a9af1beee401b89a0b66bf881df0abf611263,-0.12831547856330872
1583,399acab2bee6eccbfffe4a2ce688b6b1075e9c5e,2ffc74bec88d8762a613256589891ff323123e99,0.6634665727615356
1584,399acab2bee6eccbfffe4a2ce688b6b1075e9c5e,233b1774f28c9972df2dfcf20dfbb0df45792bd0,0.6351932287216187
1585,399acab2bee6eccbfffe4a2ce688b6b1075e9c5e,0af89f7184163337558ba3617101aeec5c7f7169,0.5482367277145386
1586,399acab2bee6eccbfffe4a2ce688b6b1075e9c5e,061356704ec86334dbbc073985375fe13cd39088,0.5256564617156982
1587,399acab2bee6eccbfffe4a2ce688b6b1075e9c5e,649d0aa1be51cc545de52fc584640501efdcf68b,0.37104541063308716
1588,399acab2bee6eccbfffe4a2ce688b6b1075e9c5e,89a825fa5f41ac97cbf69c2a72230b1ea695d1e0,0.3528170585632324
1589,399acab2bee6eccbfffe4a2ce688b6b1075e9c5e,1d827e24143e5fdfe709d33b7b13a9a24d402efd,0.4442138075828552
1590,399acab2bee6eccbfffe4a2ce688b6b1075e9c5e,defbb82519f3500ec6488dfd4991c68868475afa,0.3346514403820038
1591,399acab2bee6eccbfffe4a2ce688b6b1075e9c5e,38bf5e4f8dc147b9b5a2a9a93c60a1e99b3fe3c0,0.29651448130607605
1592,399acab2bee6eccbfffe4a2ce688b6b1075e9c5e,762f5a712f4d6994ead089fcc0c5db98479a2008,0.30032193660736084
1593,399acab2bee6eccbfffe4a2ce688b6b1075e9c5e,b43a7c665e21e393123233374f4213a811fe7dfe,0.19205547869205475
1594,399acab2bee6eccbfffe4a2ce688b6b1075e9c5e,391c71d926c8bc0ea8dcf2ead05d59ef6a1057bf,0.20722217857837677
1595,399acab2bee6eccbfffe4a2ce688b6b1075e9c5e,12408a6e684f51adf2b19071233afa37a378dee4,0.27507880330085754
1596,399acab2bee6eccbfffe4a2ce688b6b1075e9c5e,35864d52726d19513bc25f28f072b5c97a719b09,0.15494678914546967
1597,399acab2bee6eccbfffe4a2ce688b6b1075e9c5e,15252afe259894bd3d0f306f29eca5e90ab05eac,0.1552741974592209
1598,399acab2bee6eccbfffe4a2ce688b6b1075e9c5e,5bd97fb4ce1b6ebf6be926a1e0512e1666cbe48b,0.1090492457151413
1599,399acab2bee6eccbfffe4a2ce688b6b1075e9c5e,5eb1d160d2be5467aaf08277a02d3159f5fd7a75,0.08680865913629532
1600,399acab2bee6eccbfffe4a2ce688b6b1075e9c5e,26bea0df45f41161032f471c76c613a5ad623a7e,0.07997552305459976
1601,399acab2bee6eccbfffe4a2ce688b6b1075e9c5e,77aa875c17f428e7f78f5bfb64033514a820c808,0.0464194230735302
1602,399acab2bee6eccbfffe4a2ce688b6b1075e9c5e,a0eb9c4b70e7f63fef5faef0ac9282416e1b58a9,0.06037371978163719
1603,399acab2bee6eccbfffe4a2ce688b6b1075e9c5e,dec3d12ef8d1fc3f18572302ff31f74a490a833a,0.002587517723441124
1604,399acab2bee6eccbfffe4a2ce688b6b1075e9c5e,a16fbdb6a5f4f2bc39784348960103d0ca39b9cf,0.06129485368728638
1605,399acab2bee6eccbfffe4a2ce688b6b1075e9c5e,50965b84549a1a925499b9ce16bb20409948eb39,-0.030827604234218597
1606,399acab2bee6eccbfffe4a2ce688b6b1075e9c5e,a83d62bb714a02dc5ba9a6f1aa7dd2fe16c29fb7,-0.06337025761604309
1607,399acab2bee6eccbfffe4a2ce688b6b1075e9c5e,57b7af14a6aff0a942755abd3a935bf18f19965b,-0.016585543751716614
1608,399acab2bee6eccbfffe4a2ce688b6b1075e9c5e,c00b3b26acf8fe8b362e75eac91349c37a1bd29b,-0.07857482135295868
1609,399acab2bee6eccbfffe4a2ce688b6b1075e9c5e,c2a7f02cf7a8a39051dd47433d0415547b62eff4,-0.0791567787528038
1610,399acab2bee6eccbfffe4a2ce688b6b1075e9c5e,8cbe965f4909a3a7347f4def8365e473db1faf2b,-0.041259657591581345
1611,399acab2bee6eccbfffe4a2ce688b6b1075e9c5e,3e892a9a23afd4c28c60bbf8a6e5201bf62c1dcd,-0.054878681898117065
1612,399acab2bee6eccbfffe4a2ce688b6b1075e9c5e,26e207eb124fb0a939f821e1efa24e7c6b990844,-0.07795968651771545
1613,e567e0ae41ac2b757b1e069c6d345c6a7413d9c1,b68e8d2f4d2c709bb5919b82effcb6a7bbd3db37,0.7320810556411743
1614,e567e0ae41ac2b757b1e069c6d345c6a7413d9c1,d299f687a94cfd6b82ef1289079fe4c0038ad7e8,0.6312634944915771
1615,e567e0ae41ac2b757b1e069c6d345c6a7413d9c1,1a4999c918c6206cd9804c48f7dce1bac6ec5b4a,0.6402129530906677
1616,e567e0ae41ac2b757b1e069c6d345c6a7413d9c1,0b3cfbf79d50dae4a16584533227bb728e3522aa,0.2862893342971802
1617,e567e0ae41ac2b757b1e069c6d345c6a7413d9c1,98ab89f55355a25a33df4378e63262fce0cb7f52,0.19185031950473785
1618,e567e0ae41ac2b757b1e069c6d345c6a7413d9c1,1dc53b91327cab503acc0ca5afb9155882b717a5,0.2332875281572342
1619,e567e0ae41ac2b757b1e069c6d345c6a7413d9c1,9afe065b7babf94e7d81a18ad32553306133815d,0.1909412145614624
1620,e567e0ae41ac2b757b1e069c6d345c6a7413d9c1,91e9387c92b7c9d295c1188719d30dd179cc81e8,0.19566930830478668
1621,e567e0ae41ac2b757b1e069c6d345c6a7413d9c1,503a6d42cfb0174ca944053372153e21fec1111c,0.21546363830566406
1622,e567e0ae41ac2b757b1e069c6d345c6a7413d9c1,cb3f5defe2120076ebbcc89b9256bbfcb8b4d8a1,0.14061826467514038
1623,e567e0ae41ac2b757b1e069c6d345c6a7413d9c1,95092f376ebcd064cdc213008150eb649f4f2149,0.13801205158233643
1624,e567e0ae41ac2b757b1e069c6d345c6a7413d9c1,c45d52239fdcc567669f12bfc41ead95dd61e4a7,0.0888185203075409
1625,e567e0ae41ac2b757b1e069c6d345c6a7413d9c1,7ccc0bc4ed1d6c2e2814ca28ac35cc2aec605c95,0.09547454863786697
1626,e567e0ae41ac2b757b1e069c6d345c6a7413d9c1,a94be030ccd68f3a5a3bf9245137fe114c549819,0.1543889045715332
1627,e567e0ae41ac2b757b1e069c6d345c6a7413d9c1,e4bfcca730f16f925ad0f8d8deff37f04b423210,0.12459762394428253
1628,e567e0ae41ac2b757b1e069c6d345c6a7413d9c1,76ad6daa899a8657c9c17480e5fc440fda53acec,0.07129733264446259
1629,e567e0ae41ac2b757b1e069c6d345c6a7413d9c1,6ebc601bba067af64b57d59039319650168df4c9,0.030348101630806923
1630,e567e0ae41ac2b757b1e069c6d345c6a7413d9c1,54dcab4c995559b8268f40dbb7207d16fdf08636,0.02802789956331253
1631,e567e0ae41ac2b757b1e069c6d345c6a7413d9c1,51a48bc88c9fdbbf2bcc6aaec9fa4cf762cae6ba,0.011332751251757145
1632,e567e0ae41ac2b757b1e069c6d345c6a7413d9c1,1b7f225f769b7672d5ce3620ecd6c79bacc76ad7,0.032364919781684875
1633,e567e0ae41ac2b757b1e069c6d345c6a7413d9c1,fe8e40c0d5c6c07adcbc2dff18423da0c88582fc,-0.015868648886680603
1634,e567e0ae41ac2b757b1e069c6d345c6a7413d9c1,cdb0b71e3962bd8d84663954e231ea43c33cdc5f,-0.01995377242565155
1635,e567e0ae41ac2b757b1e069c6d345c6a7413d9c1,2bab122e886271733c3be851b2b11b040cefc213,-0.0046719275414943695
1636,e567e0ae41ac2b757b1e069c6d345c6a7413d9c1,750a8ad7921ba82db2f6395d3dec379355ac45cf,-0.03521939739584923
1637,e567e0ae41ac2b757b1e069c6d345c6a7413d9c1,c968f87bb22e2064c7cc415df4cb6b9e7591e5be,-0.06790387630462646
1638,e567e0ae41ac2b757b1e069c6d345c6a7413d9c1,c07ea1464404a387319c5bab39f6a91d7ef9e4f1,-0.058104123920202255
1639,e567e0ae41ac2b757b1e069c6d345c6a7413d9c1,834e7f6982b44d9eaf12fa7008305ccfe70bddba,-0.06886492669582367
1640,e567e0ae41ac2b757b1e069c6d345c6a7413d9c1,544d91882ef5acb9e9b79011b97057e658b0d2fc,-0.08419692516326904
1641,e567e0ae41ac2b757b1e069c6d345c6a7413d9c1,6f75435c7446d0d5450bccc17efa6459bae68284,-0.0963405966758728
1642,e567e0ae41ac2b757b1e069c6d345c6a7413d9c1,6009e0f79cff9fd33294ec75b27b63ab2b3cce88,-0.19222983717918396
1643,64982c97190bbd8b70beeed572392d0f308a93c2,39763630d38a447aa1126b5468b7effffc02e53a,0.5576311945915222
1644,64982c97190bbd8b70beeed572392d0f308a93c2,1a295aae9d78d54b329f5f83e1e3925988dadabd,0.4642880856990814
1645,64982c97190bbd8b70beeed572392d0f308a93c2,29a1b10bae922ccb6a2d3f40958bcc1b70c5fbc1,0.3987906873226166
1646,64982c97190bbd8b70beeed572392d0f308a93c2,2e08e5a4084e1495dab1767f8f46ade97588db4b,0.28254079818725586
1647,64982c97190bbd8b70beeed572392d0f308a93c2,3b317873646eaa99f4241c2016abf542e3b28498,0.23118749260902405
1648,64982c97190bbd8b70beeed572392d0f308a93c2,340cfb3a5d11b72f72b64636e3e80a64c77bfec5,0.1845325529575348
1649,64982c97190bbd8b70beeed572392d0f308a93c2,3acad5199ee074bdfd53dfb66250b0b7640b3249,0.1438390612602234
1650,64982c97190bbd8b70beeed572392d0f308a93c2,c1ab5f9f239f8b252d397c9104133f20ac46e8ae,0.1323421597480774
1651,64982c97190bbd8b70beeed572392d0f308a93c2,effc383d5c56d2830a81c6f75dbee8afc6eca218,0.08198792487382889
1652,64982c97190bbd8b70beeed572392d0f308a93c2,34082dc7ce859da49ddec80417e2403124542e8b,0.08521924167871475
1653,64982c97190bbd8b70beeed572392d0f308a93c2,3007c11ef7752c3fc92afb44006270f386e70136,0.10117422044277191
1654,64982c97190bbd8b70beeed572392d0f308a93c2,08d94e04e4be38ef06bd0a3294af3936a27db529,0.07713838666677475
1655,64982c97190bbd8b70beeed572392d0f308a93c2,d100aea5a04ba5ed1cd5627926204bf75644ccb0,0.0779649093747139
1656,64982c97190bbd8b70beeed572392d0f308a93c2,a87ce57a00e0c80a1fa38e89801bddcc9f382885,0.059083711355924606
1657,64982c97190bbd8b70beeed572392d0f308a93c2,2496f4442e71d681a0f157c1ad930fb73d42f1f9,0.04381778836250305
1658,64982c97190bbd8b70beeed572392d0f308a93c2,84f55e87ac69e3e194ada0b86cb8a02375c0d371,0.08080756664276123
1659,64982c97190bbd8b70beeed572392d0f308a93c2,2e0b1facffd6e9a0b1bc6b87d1dab0874846fee0,0.005163366906344891
1660,64982c97190bbd8b70beeed572392d0f308a93c2,b1c2df2ee12243563dbe157aa3ce4c57f953f3dd,-0.004599761217832565
1661,64982c97190bbd8b70beeed572392d0f308a93c2,10ceb668f84860bb09fca364125cae4b1ee2e760,0.02352912910282612
1662,64982c97190bbd8b70beeed572392d0f308a93c2,0c6246b804b0ffd124aec6a0b081e8deeae50716,-0.028245529159903526
1663,64982c97190bbd8b70beeed572392d0f308a93c2,77c2bda34de0f18dce08e911c803c290cbfeab3c,0.005893087945878506
1664,64982c97190bbd8b70beeed572392d0f308a93c2,83f75e5d9f384d57870f3551a38bb1e4491c535c,-0.004080291837453842
1665,64982c97190bbd8b70beeed572392d0f308a93c2,05d9769a4e74d1bb9f0cc35a29a8c200defc40f4,-0.0019066128879785538
1666,64982c97190bbd8b70beeed572392d0f308a93c2,95d0cd902ff0fa253b6757ba3c8e09ce25b494cc,-0.013019979000091553
1667,64982c97190bbd8b70beeed572392d0f308a93c2,d644b0fe1c37f7f350fdf70d4d14505695dc2e93,-0.017765868455171585
1668,64982c97190bbd8b70beeed572392d0f308a93c2,31cd1fb673ebcf2cfb18fca840b831b6e49e650b,-0.01299278438091278
1669,64982c97190bbd8b70beeed572392d0f308a93c2,87a851593965e371184cf3c3df5630f8d66bf49b,-0.039844680577516556
1670,64982c97190bbd8b70beeed572392d0f308a93c2,e892f94c1e86842d1cb2a9e97ed2369b95acf5cf,-0.04458729922771454
1671,64982c97190bbd8b70beeed572392d0f308a93c2,720ec4239843f585535e802fb39f20d477ded4aa,-0.09526178240776062
1672,64982c97190bbd8b70beeed572392d0f308a93c2,882de83e90ea503b9d3c4967c8f2885078ec51a7,-0.10032664984464645
1673,a65196dfff31425281c690a7f2ca65247147da6b,325d145af5f38943e469da6369ab26883a3fd69e,0.600339949131012
1674,a65196dfff31425281c690a7f2ca65247147da6b,5287d8fef49b80b8d500583c07e935c7f9798933,0.5389577746391296
1675,a65196dfff31425281c690a7f2ca65247147da6b,10d710c01acb10c4aea702926d21697935656c3d,0.4267542362213135
1676,a65196dfff31425281c690a7f2ca65247147da6b,326a0914dcdf7f42b5e1c2887174476728ca1b9d,0.5150017738342285
1677,a65196dfff31425281c690a7f2ca65247147da6b,217af49622a4e51b6d1b9b6c75726eaf1355a903,0.2815614640712738
1678,a65196dfff31425281c690a7f2ca65247147da6b,6ec02fb5bfc307911c26741fb3804f16d8ad299c,0.1923477053642273
1679,a65196dfff31425281c690a7f2ca65247147da6b,57bbbfea63019a57ef658a27622c357978400a50,0.41018515825271606
1680,a65196dfff31425281c690a7f2ca65247147da6b,3aa41f8fdb6a4523e2cd95365bb6c7499ad29708,0.1995614469051361
1681,a65196dfff31425281c690a7f2ca65247147da6b,f0d82cbac15c4379677d815c9d32f7044b19d869,0.18266910314559937
1682,a65196dfff31425281c690a7f2ca65247147da6b,ba02b6125ba47ff3629f1d09d1bada28169c2b32,0.2309180498123169
1683,a65196dfff31425281c690a7f2ca65247147da6b,13317a497f4dc5f62a15dbdc135dd3ea293474df,0.11274559050798416
1684,a65196dfff31425281c690a7f2ca65247147da6b,6b557c35514d4b6bd75cebdaa2151517f5e820e2,0.027217267081141472
1685,a65196dfff31425281c690a7f2ca65247147da6b,b1cbfd6c1e7f8a77e6c1e6db6cd0625e3bd785ef,0.079160675406456
1686,a65196dfff31425281c690a7f2ca65247147da6b,10d79507f0f2e2d2968bf3a962e1daffc8bd44f0,0.051385145634412766
1687,a65196dfff31425281c690a7f2ca65247147da6b,dcff311940942dcf81db5073e551a87e1710e52a,0.027482861652970314
1688,a65196dfff31425281c690a7f2ca65247147da6b,382c057c0be037340e7d6494fc3a580b9d6b958c,0.05424649640917778
1689,a65196dfff31425281c690a7f2ca65247147da6b,3d4bae33c2ccc0a6597f80e27cbeed64990b95bd,-0.002214636653661728
1690,a65196dfff31425281c690a7f2ca65247147da6b,e81f115f2ac725f27ea6549f4de0a71b3a3f6a5c,0.034255001693964005
1691,a65196dfff31425281c690a7f2ca65247147da6b,61df37b2c1f731e2b6bcb1ae2c2b7670b917284c,0.011455338448286057
1692,a65196dfff31425281c690a7f2ca65247147da6b,90c1104142203c8ead18882d49bfea8aec23e758,0.030700426548719406
1693,a65196dfff31425281c690a7f2ca65247147da6b,c62ba57869099f20c8bcefd9b38ce5d8b4b3db56,-0.0013206806033849716
1694,a65196dfff31425281c690a7f2ca65247147da6b,b63a60e666c4c0335d8de4581eaaa3f71e8e0e54,0.015405423007905483
1695,a65196dfff31425281c690a7f2ca65247147da6b,36eff99a7f23cec395e4efc80ff7f937934c7be6,0.026082977652549744
1696,a65196dfff31425281c690a7f2ca65247147da6b,d00ef607a10e5be00a9e05504ab9771c0b05d4ea,-0.023912550881505013
1697,a65196dfff31425281c690a7f2ca65247147da6b,f7d5f8c60972c18812925715f685ce8ae5d5659d,-0.04310294985771179
1698,a65196dfff31425281c690a7f2ca65247147da6b,a25f6d05c8191be01f736073fa2bc20c03ad7ad8,-0.03770802170038223
1699,a65196dfff31425281c690a7f2ca65247147da6b,7ec6b06b0f421b80ca25994c7aa106106c7bfb50,-0.057424645870923996
1700,a65196dfff31425281c690a7f2ca65247147da6b,7ffdf4d92b4bc5690249ed98e51e1699f39d0e71,-0.0864630788564682
1701,a65196dfff31425281c690a7f2ca65247147da6b,cb25c33ba56db92b7da4d5080f73fba07cb914a3,-0.09745410084724426
1702,a65196dfff31425281c690a7f2ca65247147da6b,c2b6755543c3f7c71adb3e14eb06179f27b6ad5d,-0.09033601731061935
1703,1d1bc7c5ab704db04a72efb063fb1db6fc07f85c,500923d2513d30299350a6a0e9b84b077250dc78,0.5074354410171509
1704,1d1bc7c5ab704db04a72efb063fb1db6fc07f85c,14423a62355ff3a1cff997f24534390921f854b5,0.4831477701663971
1705,1d1bc7c5ab704db04a72efb063fb1db6fc07f85c,c96f0b75eabfdf1797b69ac3a92487b45c2d9855,0.5161890983581543
1706,1d1bc7c5ab704db04a72efb063fb1db6fc07f85c,5c695f1810951ad1bbdf7da5f736790dca240e5b,0.20491081476211548
1707,1d1bc7c5ab704db04a72efb063fb1db6fc07f85c,0bdb56c3e9141d654a4809f014d0369305f1e7fd,0.21151141822338104
1708,1d1bc7c5ab704db04a72efb063fb1db6fc07f85c,ccebcfc9f1f5d4355bebf0756f6f1da965629dd9,0.19208678603172302
1709,1d1bc7c5ab704db04a72efb063fb1db6fc07f85c,1c58b4c7adee37874ac96f7d859d1a51f97bf6aa,0.2572876513004303
1710,1d1bc7c5ab704db04a72efb063fb1db6fc07f85c,57820e6f974d198bf4bbdf26ae7e1063bac190c3,0.5033681392669678
1711,1d1bc7c5ab704db04a72efb063fb1db6fc07f85c,e5aa59866cd8df4f2b88ee6411866a46756b28e1,0.15859732031822205
1712,1d1bc7c5ab704db04a72efb063fb1db6fc07f85c,0fa3f365a1e7803df60d7298e6410a0b8b4063fc,0.1206432655453682
1713,1d1bc7c5ab704db04a72efb063fb1db6fc07f85c,fb7dd133450e99abd8449ae1941e5ed4cf267eea,0.07812286913394928
1714,1d1bc7c5ab704db04a72efb063fb1db6fc07f85c,de864fce3469f0175fc0ff2869ddbe8d144cf53e,0.07265171408653259
1715,1d1bc7c5ab704db04a72efb063fb1db6fc07f85c,017ee86aa9be09284a2e07c9200192ab3bea9671,0.031010553240776062
1716,1d1bc7c5ab704db04a72efb063fb1db6fc07f85c,410600034c3693dbb6830f21a7d682e662984f7e,0.06936188042163849
1717,1d1bc7c5ab704db04a72efb063fb1db6fc07f85c,02677b913f430f419ee8a8f2a8860d1af5e86b63,0.0444365069270134
1718,1d1bc7c5ab704db04a72efb063fb1db6fc07f85c,d5d034e16247370356ccca7a9920138fd70d0bbb,0.05605718493461609
1719,1d1bc7c5ab704db04a72efb063fb1db6fc07f85c,dd9970b4a06ff90f287d761bf9e9cf09a6483400,0.015206534415483475
1720,1d1bc7c5ab704db04a72efb063fb1db6fc07f85c,b75f57b742cbfc12fe15790ce27e75ed5f4a9349,0.036055825650691986
1721,1d1bc7c5ab704db04a72efb063fb1db6fc07f85c,f2942c955ad0200c43a4c6924784c6875ca3ece8,-0.007851608097553253
1722,1d1bc7c5ab704db04a72efb063fb1db6fc07f85c,f9bf3d4810d169014474cab501ffb09abf0ac9db,0.010168749839067459
1723,1d1bc7c5ab704db04a72efb063fb1db6fc07f85c,ac1aa7aa49192ed51c03c862941ba04e420de7a8,0.011784464120864868
1724,1d1bc7c5ab704db04a72efb063fb1db6fc07f85c,6985a4cb132b23778cd74bd9abed8764d103ae59,-0.053338341414928436
1725,1d1bc7c5ab704db04a72efb063fb1db6fc07f85c,3b55f6e637d13503bf7d0ff3b2a0f4b2f8814239,-0.041318103671073914
1726,1d1bc7c5ab704db04a72efb063fb1db6fc07f85c,0ae944eb32cdce405125f948b2eef2e7c0512fd3,-0.03248325735330582
1727,1d1bc7c5ab704db04a72efb063fb1db6fc07f85c,b274ec2cd276a93d899ae923932d27293417b26e,-0.021932754665613174
1728,1d1bc7c5ab704db04a72efb063fb1db6fc07f85c,4e06b359a9452d1420b398fa7391cad411d4cb23,-0.061610542237758636
1729,1d1bc7c5ab704db04a72efb063fb1db6fc07f85c,d539082b5b951fb38a7d6e2a6d1dd73d2d67d366,-0.03573442995548248
1730,1d1bc7c5ab704db04a72efb063fb1db6fc07f85c,e529218f0071de888146f7efedf5db1d74999044,-0.0892418920993805
1731,1d1bc7c5ab704db04a72efb063fb1db6fc07f85c,594f60fdc0e99c136f527c152ff22cf625879abb,-0.05814926698803902
1732,1d1bc7c5ab704db04a72efb063fb1db6fc07f85c,0aa2ba1d8ffd0802cc12468bb566da029c0a9230,-0.12820899486541748
1733,d7c0189c35a3ee56b13b0488f925df1152a8cfd4,60aecc883a77bf0865d62dcf803703fbfa2ceb7e,0.6731911301612854
1734,d7c0189c35a3ee56b13b0488f925df1152a8cfd4,d75a4d66e3c24d1f6efa6543a6bb208aae5ca21e,0.6689423322677612
1735,d7c0189c35a3ee56b13b0488f925df1152a8cfd4,3e88d6f867ec3d1c0347b20698d2e82117485219,0.6491042375564575
1736,d7c0189c35a3ee56b13b0488f925df1152a8cfd4,144ac03e8b30920bd4f8eaf5363c3f69bc7989a0,0.5586832761764526
1737,d7c0189c35a3ee56b13b0488f925df1152a8cfd4,50f9c565fc2cbd67185a2dfa39b8af05caf8b15c,0.4634597599506378
1738,d7c0189c35a3ee56b13b0488f925df1152a8cfd4,307e641b7e8713b5a37ece0b44809cd6dacc418b,0.2650302052497864
1739,d7c0189c35a3ee56b13b0488f925df1152a8cfd4,cbc7329b4576d4459514e9875f8f85e71961cbb4,0.26419374346733093
1740,d7c0189c35a3ee56b13b0488f925df1152a8cfd4,9a1eba52439b3a8ba7445d7f30aea7f456385589,0.20103543996810913
1741,d7c0189c35a3ee56b13b0488f925df1152a8cfd4,e5f67b995b09e750bc1a32293d5a528de7f601a9,0.18410459160804749
1742,d7c0189c35a3ee56b13b0488f925df1152a8cfd4,782a6a7ede0fa942de25b233bd1447062ea9254f,0.13695383071899414
1743,d7c0189c35a3ee56b13b0488f925df1152a8cfd4,8671518a43bc7c9d5446b49640ee8783d5b580d7,0.37388044595718384
1744,d7c0189c35a3ee56b13b0488f925df1152a8cfd4,1815f026176b471c424779808d972f3c687ea14e,0.15079037845134735
1745,d7c0189c35a3ee56b13b0488f925df1152a8cfd4,ea969a3fa9529873b17403ed941cbd499b93b2c1,0.1317666471004486
1746,d7c0189c35a3ee56b13b0488f925df1152a8cfd4,382903a745ae23518c1e98899e00bafd2c4ac076,0.11982126533985138
1747,d7c0189c35a3ee56b13b0488f925df1152a8cfd4,1d53a898850b8d055db80ba99c59c89b080dfc4c,0.11357487738132477
1748,d7c0189c35a3ee56b13b0488f925df1152a8cfd4,f97092fbaf0fba436b9e9a43c37ea8da36d93814,0.12694299221038818
1749,d7c0189c35a3ee56b13b0488f925df1152a8cfd4,925b2dfe2e6e13f5d42b4e56552ebf7425b2fe59,0.08436644822359085
1750,d7c0189c35a3ee56b13b0488f925df1152a8cfd4,2d22e31f8ada5ba5eb02458e94a5019cdf191314,0.13958488404750824
1751,d7c0189c35a3ee56b13b0488f925df1152a8cfd4,944d7fd308122614a7a4203c7a809b5d333f1e19,0.11700353771448135
1752,d7c0189c35a3ee56b13b0488f925df1152a8cfd4,f451d97f1f403a3043752abb552d15a6568fcfd9,0.026378415524959564
1753,d7c0189c35a3ee56b13b0488f925df1152a8cfd4,6b8f26b245887d7c6111e6778947a81257c69a6e,0.09194484353065491
1754,d7c0189c35a3ee56b13b0488f925df1152a8cfd4,3615f566f33c4c0f1a9276b8fd77feb3bff89c1a,0.03815436735749245
1755,d7c0189c35a3ee56b13b0488f925df1152a8cfd4,8bb78bf5b55a908ead0f1bc16f53ca9e4ec4a1c2,0.0753435343503952
1756,d7c0189c35a3ee56b13b0488f925df1152a8cfd4,d63c953aa3a7327202d7af9baeda6fd0a646d5a5,0.05969919264316559
1757,d7c0189c35a3ee56b13b0488f925df1152a8cfd4,01229b6ee115841a28ae27ba49b667ccf1f0c2c0,0.04604731872677803
1758,d7c0189c35a3ee56b13b0488f925df1152a8cfd4,5747e99b367e991d1371d37fffa84ff9a5f285cb,0.049035027623176575
1759,d7c0189c35a3ee56b13b0488f925df1152a8cfd4,213cb58f013874f14d3eb39f80e28152b8f133cb,0.036826226860284805
1760,d7c0189c35a3ee56b13b0488f925df1152a8cfd4,a885f2c4ebe3bc552fbad68cb133128f7d2710c6,0.02037854492664337
1761,d7c0189c35a3ee56b13b0488f925df1152a8cfd4,86a50bd2ee1c4beb7c33e08e9073d5fa8d804b9a,-0.03535117208957672
1762,d7c0189c35a3ee56b13b0488f925df1152a8cfd4,146337bef79ce443142626f3b320e29d97f957fd,-0.04893411695957184
1763,b42c7b6e9fc032cf70cdcbdab05ce898be0a3a6e,4cd3cb09bb9d30c9cb5a74f4257a49ebe798ab79,0.5578716993331909
1764,b42c7b6e9fc032cf70cdcbdab05ce898be0a3a6e,5ae26c80b3ea607e54cd0dad5ef4505156fbba24,0.4638652801513672
1765,b42c7b6e9fc032cf70cdcbdab05ce898be0a3a6e,1c5be5e7009dd91513f7593417e50a82bb903377,0.39918237924575806
1766,b42c7b6e9fc032cf70cdcbdab05ce898be0a3a6e,5a53e6ce20e4d591b9ab02c6645c9dafc2480c61,0.34227749705314636
1767,b42c7b6e9fc032cf70cdcbdab05ce898be0a3a6e,723375f6048b23fb17d523a255c30703842171c9,0.15342722833156586
1768,b42c7b6e9fc032cf70cdcbdab05ce898be0a3a6e,927822a5ebfa171c90e1aed749028d6afac77870,0.1290512979030609
1769,b42c7b6e9fc032cf70cdcbdab05ce898be0a3a6e,0d0da3e46ad8a8fd79ec4b689e4601e84dad9595,0.09018643200397491
1770,b42c7b6e9fc032cf70cdcbdab05ce898be0a3a6e,bc7c48be4156f5f42b0add032b509c23c88681f6,0.08986839652061462
1771,b42c7b6e9fc032cf70cdcbdab05ce898be0a3a6e,811b625834ef59f0eecf58fda38f3d4f3165186b,0.02476463094353676
1772,b42c7b6e9fc032cf70cdcbdab05ce898be0a3a6e,eeb8c7a22f731839755a4e820b608215e9885276,0.5953903198242188
1773,b42c7b6e9fc032cf70cdcbdab05ce898be0a3a6e,93fcfe49812a28f2c5569c06c1a69444e45e7a70,0.032547205686569214
1774,b42c7b6e9fc032cf70cdcbdab05ce898be0a3a6e,51bbda3972c8d0eb954b61766b088848a699a5de,0.051903046667575836
1775,b42c7b6e9fc032cf70cdcbdab05ce898be0a3a6e,4f22dc9084ce1b99bf171502174a992e502e32e1,-0.005445163697004318
1776,b42c7b6e9fc032cf70cdcbdab05ce898be0a3a6e,db806e6ed3004760f9e20d485c5721647697e5a3,0.025142772123217583
1777,b42c7b6e9fc032cf70cdcbdab05ce898be0a3a6e,1d8308b0e83fa16f50f506185d49473a0e7aa5d4,-0.0003431346267461777
1778,b42c7b6e9fc032cf70cdcbdab05ce898be0a3a6e,959feac19b902741f50708bf5e21f2a8351428a1,-0.011973852291703224
1779,b42c7b6e9fc032cf70cdcbdab05ce898be0a3a6e,c0b54e53b2702f403369ceb9924769bfc4fcebb3,-0.006401181221008301
1780,b42c7b6e9fc032cf70cdcbdab05ce898be0a3a6e,ac00e898555cea898d31cba1026d02ca780c4504,0.004276340827345848
1781,b42c7b6e9fc032cf70cdcbdab05ce898be0a3a6e,732313849ee46dd92647e19c4ef9473eb0f08e0e,-0.02279539406299591
1782,b42c7b6e9fc032cf70cdcbdab05ce898be0a3a6e,7ddcae313dbd1550a255e1a91a32eea0448f6f34,-0.01692865416407585
1783,b42c7b6e9fc032cf70cdcbdab05ce898be0a3a6e,4a4e66f72890b0473de1d59f52ad3819bd0413a7,-0.036255646497011185
1784,b42c7b6e9fc032cf70cdcbdab05ce898be0a3a6e,c79a5da34c9cfaa59ec9a3813357fc4b8d71d96f,-0.0269060917198658
1785,b42c7b6e9fc032cf70cdcbdab05ce898be0a3a6e,98438f5238c1171c4c7c60d78109509c7ee9d08b,-0.04992802068591118
1786,b42c7b6e9fc032cf70cdcbdab05ce898be0a3a6e,68c2e0864224468b66abf37bd87c0897aa477b90,-0.02680475264787674
1787,b42c7b6e9fc032cf70cdcbdab05ce898be0a3a6e,9ad1200bfbb4df99228fea6f7651a885c369a9b7,-0.04306553304195404
1788,b42c7b6e9fc032cf70cdcbdab05ce898be0a3a6e,dd2f411593178a9d9a59537cf2ddc3f91371f15a,-0.037836939096450806
1789,b42c7b6e9fc032cf70cdcbdab05ce898be0a3a6e,6200f1499cbd41104284946476b082cb754077b1,-0.047259263694286346
1790,b42c7b6e9fc032cf70cdcbdab05ce898be0a3a6e,be492fa6af329a487e2048df6c931e7f9d41d451,-0.04949650913476944
1791,b42c7b6e9fc032cf70cdcbdab05ce898be0a3a6e,64bca350109cb52aecaa038b627605f7143bfcc6,-0.10922718048095703
1792,b42c7b6e9fc032cf70cdcbdab05ce898be0a3a6e,6c561c9eef1a2b4c28f05eb4986910b9db168145,-0.14775697886943817
1793,daa9e3b88e01db5440b671af2d13c1ee974a8fcb,0570ff70c04664c88a57598ec811264570912e2e,0.7514985799789429
1794,daa9e3b88e01db5440b671af2d13c1ee974a8fcb,5628d1eaa67da88d5574b9485071d67f5503d295,0.4906027615070343
1795,daa9e3b88e01db5440b671af2d13c1ee974a8fcb,70b0a9d2920ad66dc89b497d6548d9933fddf841,0.5084006786346436
1796,daa9e3b88e01db5440b671af2d13c1ee974a8fcb,03be48912be80303dc5c012896fe77c174829a18,0.483346164226532
1797,daa9e3b88e01db5440b671af2d13c1ee974a8fcb,291c9d66cf886ed27d89dc03d42a4612b66ab007,0.38126081228256226
1798,daa9e3b88e01db5440b671af2d13c1ee974a8fcb,7d1b596463fe21fea2ec06cc7460145ebc056495,0.22903870046138763
1799,daa9e3b88e01db5440b671af2d13c1ee974a8fcb,6da97aa50c0c4f6d7473b607f872cd6bcb940c60,0.16549858450889587
1800,daa9e3b88e01db5440b671af2d13c1ee974a8fcb,93a3ef1b3c6ea02640ece9aabb0d92402838b67a,0.13870559632778168
1801,daa9e3b88e01db5440b671af2d13c1ee974a8fcb,ce636ad263167b5612c4a2a85376855f39de9eb2,0.13004761934280396
1802,daa9e3b88e01db5440b671af2d13c1ee974a8fcb,6c50395aef0b90cca822bb595eba3d722e60896f,0.11079522222280502
1803,daa9e3b88e01db5440b671af2d13c1ee974a8fcb,293a18fb1624f1882a067dc4be846fe98b8ebb95,0.040899649262428284
1804,daa9e3b88e01db5440b671af2d13c1ee974a8fcb,6049d1e5db61afad835f10be445cf08d91f0dd76,0.0854443907737732
1805,daa9e3b88e01db5440b671af2d13c1ee974a8fcb,ab4241a105268337fefeea6f3eb66c7b4b77cf09,0.10153411328792572
1806,daa9e3b88e01db5440b671af2d13c1ee974a8fcb,c8af8073f2dd942be364d2fe9fdf8e204131be4a,0.08252523839473724
1807,daa9e3b88e01db5440b671af2d13c1ee974a8fcb,c031b30e37912448953c07b8761136e9533ce7b6,0.06971096992492676
1808,daa9e3b88e01db5440b671af2d13c1ee974a8fcb,40f04909aaa24b09569863aa71e76fe3d284cdb0,0.04553616791963577
1809,daa9e3b88e01db5440b671af2d13c1ee974a8fcb,cf43fcad93c5dc1fe2059be5203cf3d9ab450ebf,0.08081140369176865
1810,daa9e3b88e01db5440b671af2d13c1ee974a8fcb,59e59d3657817c513272aa8096d4e384e6f3dadb,0.06951037049293518
1811,daa9e3b88e01db5440b671af2d13c1ee974a8fcb,3f5b98643e68d7ef4c9e1ae615f8d2f5a57c67be,0.07142616808414459
1812,daa9e3b88e01db5440b671af2d13c1ee974a8fcb,929a9641a06255764c69110673fbbd22d05428d5,0.04765722155570984
1813,daa9e3b88e01db5440b671af2d13c1ee974a8fcb,536f0d0ce5e7d5d3622220da1d5f0cded04436d0,0.01077774167060852
1814,daa9e3b88e01db5440b671af2d13c1ee974a8fcb,fd6a5692f39cd8c18632ea68658282f26b725c63,0.023838959634304047
1815,daa9e3b88e01db5440b671af2d13c1ee974a8fcb,45ddf32d00d56208557b38f323e00fc988fb5738,0.0031655505299568176
1816,daa9e3b88e01db5440b671af2d13c1ee974a8fcb,26ca2ce169a9844dda7dbcb90c2149b3424f46a5,0.006279822438955307
1817,daa9e3b88e01db5440b671af2d13c1ee974a8fcb,cf8ed2793bc6aec88da5306fe2de560dc0be9b15,0.015292635187506676
1818,daa9e3b88e01db5440b671af2d13c1ee974a8fcb,78ea9dea4915d5b2a86eb1854145c91ac2c8aba5,0.022687703371047974
1819,daa9e3b88e01db5440b671af2d13c1ee974a8fcb,1562ff06a7e75adc97cbc5ac7142eebdbaf098d7,0.011183779686689377
1820,daa9e3b88e01db5440b671af2d13c1ee974a8fcb,87eeb5622d8fbe4dca5f1c9b4190f719818c4d6e,-0.03740864247083664
1821,daa9e3b88e01db5440b671af2d13c1ee974a8fcb,548b32cd88ec3ae2454a3af4adacb42710eaae10,-0.05038011074066162
1822,daa9e3b88e01db5440b671af2d13c1ee974a8fcb,9eb08dca8edca20f644b1e8dc250e5116eb10136,-0.08147816359996796
1823,76c452b8934051aef5e91ea66db21d6749f1086c,17ab02894d728a584a4cfbd2d73edafdc209f000,0.6634265184402466
1824,76c452b8934051aef5e91ea66db21d6749f1086c,e14fc267137038a1877d4b48e7d17bf9b59087a8,0.5330178737640381
1825,76c452b8934051aef5e91ea66db21d6749f1086c,76d5e3fa888bee872b7adb7fa810089aa8ab1d58,0.5496749877929688
1826,76c452b8934051aef5e91ea66db21d6749f1086c,0b44fcbeea9415d400c5f5789d6b892b6f98daff,0.5205244421958923
1827,76c452b8934051aef5e91ea66db21d6749f1086c,0025b963134b1c0b64c1389af19610d038ab7072,0.4370993375778198
1828,76c452b8934051aef5e91ea66db21d6749f1086c,969a9ec5f24dabcfb9c70c7ee04625075a6c0a98,0.4620509147644043
1829,76c452b8934051aef5e91ea66db21d6749f1086c,480e2fd9bdd8bdc447e7d0d7ed7d4c9062b85d4f,0.3358435034751892
1830,76c452b8934051aef5e91ea66db21d6749f1086c,268d3f28ae2295b9d2bf6fef2aa27faf9048a86c,0.23655448853969574
1831,76c452b8934051aef5e91ea66db21d6749f1086c,f87f58d4f0707f6d0d41827fc8888dd236cfcec5,0.25578874349594116
1832,76c452b8934051aef5e91ea66db21d6749f1086c,52efd857b500531e040a9366b3eb5bb0ea543979,0.1686794012784958
1833,76c452b8934051aef5e91ea66db21d6749f1086c,484c465e13720fff383c7fb6fc49719a817fb0f7,0.19289323687553406
1834,76c452b8934051aef5e91ea66db21d6749f1086c,4b23bba6706147da34044e041c2871719d9de1af,0.14070537686347961
1835,76c452b8934051aef5e91ea66db21d6749f1086c,6060d036639f91cf4801acb325b23d23065b68d5,0.16442161798477173
1836,76c452b8934051aef5e91ea66db21d6749f1086c,841635aefe96967b0b9650bd92544f6ce55805be,0.11023901402950287
1837,76c452b8934051aef5e91ea66db21d6749f1086c,81769902b87f330dec177ebb3a40a8ae27148a6b,0.08168351650238037
1838,76c452b8934051aef5e91ea66db21d6749f1086c,c5b470acc29abf0e0a2121b25633b2e1d2a6785f,0.12838764488697052
1839,76c452b8934051aef5e91ea66db21d6749f1086c,196163803d7498a16ccc24cf7a10bd12352c8e50,0.07000277936458588
1840,76c452b8934051aef5e91ea66db21d6749f1086c,5420f5910b6a32c0ebed26b1f3b61ad6f7d75277,0.06099081039428711
1841,76c452b8934051aef5e91ea66db21d6749f1086c,37815aa0c724fb0902f6a3ccbb9190717a38a1f9,0.03240634873509407
1842,76c452b8934051aef5e91ea66db21d6749f1086c,edbfb838cdf488990025a2aaba427c228301f1c8,0.029010023921728134
1843,76c452b8934051aef5e91ea66db21d6749f1086c,95fd485336f5ced455764a6dce6f86da5662f478,0.04211921989917755
1844,76c452b8934051aef5e91ea66db21d6749f1086c,55f2e2b81673c8609d645a6237b84e317b6d7dc5,0.0008534188382327557
1845,76c452b8934051aef5e91ea66db21d6749f1086c,03b2e534532e9558e560df0bed74976b8f48c1a5,0.014314347878098488
1846,76c452b8934051aef5e91ea66db21d6749f1086c,911dfacc219b2873180a7b76c7a256ee91fb51cf,-0.0014342740178108215
1847,76c452b8934051aef5e91ea66db21d6749f1086c,60fc396b7f4d3c817337db14648a7250e21d90e7,-0.04602178931236267
1848,76c452b8934051aef5e91ea66db21d6749f1086c,05a958194f1756fb91ddd3e2cd5794f9b0c312ce,-0.026901541277766228
1849,76c452b8934051aef5e91ea66db21d6749f1086c,394a3253849bacf24a8e1d98376540b8c9055b6c,-0.044478122144937515
1850,76c452b8934051aef5e91ea66db21d6749f1086c,f1592442297d172f5c07887bbaa609f0b169fc26,-0.06962515413761139
1851,76c452b8934051aef5e91ea66db21d6749f1086c,79357470d76ae7aeb4f6e39efd7c3936d615caa4,-0.09816046059131622
1852,76c452b8934051aef5e91ea66db21d6749f1086c,59ff257cfcf488004d2efdc7dd43dfc2d1af4ca1,-0.09212326258420944
1853,cab59587e4b2dd441198cd37e0038cace6b6531e,25ebaeb46b4fb3ee1a9d6769832c97cdece00865,0.6075200438499451
1854,cab59587e4b2dd441198cd37e0038cace6b6531e,03fbf51605f68c730a6b37d40d805875a078e307,0.601593017578125
1855,cab59587e4b2dd441198cd37e0038cace6b6531e,1b688a2191c5ddd02d7b2bb828255a57d2f50ef4,0.5837370157241821
1856,cab59587e4b2dd441198cd37e0038cace6b6531e,317d67031e309fdb8df2969667d3c9e5ed7684ba,0.5780704021453857
1857,cab59587e4b2dd441198cd37e0038cace6b6531e,1c1e724bbb718c12ad381d192941dc738c5f5b1b,0.42262765765190125
1858,cab59587e4b2dd441198cd37e0038cace6b6531e,13a375a84a6c414b85477a401541d3e28db1e11a,0.4631063938140869
1859,cab59587e4b2dd441198cd37e0038cace6b6531e,1ad6bb9e58fdafab084f2944789e2f5c25631282,0.2155793458223343
1860,cab59587e4b2dd441198cd37e0038cace6b6531e,0694956de0c6cd620a81499e94022743a35f87b5,0.15215371549129486
1861,cab59587e4b2dd441198cd37e0038cace6b6531e,2d294c58b2afb529b26c49d3c92293431f5f98d0,0.14285928010940552
1862,cab59587e4b2dd441198cd37e0038cace6b6531e,12778709c5cd1a7783da415028dc7261083776ef,0.08634555339813232
1863,cab59587e4b2dd441198cd37e0038cace6b6531e,be0e9375941150c319489e66780782d14d91e79f,0.11008225381374359
1864,cab59587e4b2dd441198cd37e0038cace6b6531e,2fb30f6a482384fdf5d37cdc029f679522e6a381,0.09048539400100708
1865,cab59587e4b2dd441198cd37e0038cace6b6531e,c1a016b327e4a60e98df4219ff993609eebf2dad,0.08029000461101532
1866,cab59587e4b2dd441198cd37e0038cace6b6531e,90d7af1507b05218e64bd03210bb6c190addc6aa,0.05447408929467201
1867,cab59587e4b2dd441198cd37e0038cace6b6531e,7ce27aa6eceeaa247927b828dbab960ffcbb117e,0.13081519305706024
1868,cab59587e4b2dd441198cd37e0038cace6b6531e,879f70a13aa7e461ec2425093f47475ac601a550,0.017504561692476273
1869,cab59587e4b2dd441198cd37e0038cace6b6531e,6503cc8fd7d29e6d875bf9dc1a06c2cffcf03f9d,0.04847022145986557
1870,cab59587e4b2dd441198cd37e0038cace6b6531e,7693cafd6f29623f61d66f031cadd60b6ce827d7,0.12038421630859375
1871,cab59587e4b2dd441198cd37e0038cace6b6531e,0f9023736824d996414bac85a1388225d3c92283,0.06353285163640976
1872,cab59587e4b2dd441198cd37e0038cace6b6531e,207b4e72f9270727b4efc603c6ad3d7ba80b3093,0.03077840991318226
1873,cab59587e4b2dd441198cd37e0038cace6b6531e,b12e3a71c8798961d061fc64f265d21b811afd39,0.00031998660415410995
1874,cab59587e4b2dd441198cd37e0038cace6b6531e,2a329bfb7906e722a23e593a30a116584ff83ea9,0.08365867286920547
1875,cab59587e4b2dd441198cd37e0038cace6b6531e,82c98cb965f50600788c2f5b690dd5616fe27668,0.020105209201574326
1876,cab59587e4b2dd441198cd37e0038cace6b6531e,589f3a6c7b167962c59ae960302a637a8d9f9a85,0.0071661341935396194
1877,cab59587e4b2dd441198cd37e0038cace6b6531e,f1d0d122ee12c4fbc24557943dd7692b76ba1778,-0.010522833094000816
1878,cab59587e4b2dd441198cd37e0038cace6b6531e,1fdf6e7f798cb343d5b6ba7f31b356436a651443,-0.03294375166296959
1879,cab59587e4b2dd441198cd37e0038cace6b6531e,79f4461352710ede162e20f74b74355ca0c00395,-0.04710795730352402
1880,cab59587e4b2dd441198cd37e0038cace6b6531e,340e8db8d35bc3343727ac51c905f9dbd6c92c18,-0.043403301388025284
1881,cab59587e4b2dd441198cd37e0038cace6b6531e,df40fd12861622bbe4059a6a61ce94d37ac1a884,-0.06873129308223724
1882,cab59587e4b2dd441198cd37e0038cace6b6531e,f89644430bbb26ac6054b22a425058708806359a,-0.07828659564256668
1883,335ad0ff82c728aca99fb0059c607cb18129526f,19e8aaa1021f829c8ff0378158d9b69699ea4f83,0.6035103797912598
1884,335ad0ff82c728aca99fb0059c607cb18129526f,39c230241d51b1435472115aaa8c62b94ab9927d,0.5817614197731018
1885,335ad0ff82c728aca99fb0059c607cb18129526f,280f9cc6ee7679d02a7b8b58d08173628057f3ea,0.5743718147277832
1886,335ad0ff82c728aca99fb0059c607cb18129526f,0229c0eb39efed90db6691469daf0bb7244cf649,0.5123559236526489
1887,335ad0ff82c728aca99fb0059c607cb18129526f,6d823b8098ec2b13fb5dcbb02bb55d7030d37d5a,0.40410178899765015
1888,335ad0ff82c728aca99fb0059c607cb18129526f,e4d3d316d29c6612593be1c9ce4736e3928213ed,0.2544560432434082
1889,335ad0ff82c728aca99fb0059c607cb18129526f,1ada7e038d9dd3030cdbc7b0fc1eb041c1e4fb6b,0.26884979009628296
1890,335ad0ff82c728aca99fb0059c607cb18129526f,75ebe1e0ae9d42732e31948e2e9c03d680235c39,0.23260970413684845
1891,335ad0ff82c728aca99fb0059c607cb18129526f,4faa414044d97b8deb45c37b78f59f18e6886bc7,0.2235550582408905
1892,335ad0ff82c728aca99fb0059c607cb18129526f,e4acbc3656424766e39a6fbb0ae758d90554111e,0.13954710960388184
1893,335ad0ff82c728aca99fb0059c607cb18129526f,6ccd19770991f35f7f4a9b0af62e3ff771536ae4,0.10637390613555908
1894,335ad0ff82c728aca99fb0059c607cb18129526f,5eea7073acfa8b946204ff681aca192571a1d6c2,0.1374000608921051
1895,335ad0ff82c728aca99fb0059c607cb18129526f,d85a7bef0adb2651353d6aa74d6e6a2e12c3d841,0.08777837455272675
1896,335ad0ff82c728aca99fb0059c607cb18129526f,77a78f27356d502425ad232bf5cc554b73b38897,0.09473220258951187
1897,335ad0ff82c728aca99fb0059c607cb18129526f,d6f7c761fa64754d7d93601a4802da27b5858f8b,0.04060523584485054
1898,335ad0ff82c728aca99fb0059c607cb18129526f,34776d39fec2da8b10de1c2633bec5968341509f,0.10567458719015121
1899,335ad0ff82c728aca99fb0059c607cb18129526f,90d0b469521883bf24d673457f080343b97902fb,0.046757668256759644
1900,335ad0ff82c728aca99fb0059c607cb18129526f,66baa370deca40f0928554a62cd8b0e4dd5985d3,0.04548637941479683
1901,335ad0ff82c728aca99fb0059c607cb18129526f,e7dbd9ba29c59c68a9dae9f40dfc4040476c4624,0.047778189182281494
1902,335ad0ff82c728aca99fb0059c607cb18129526f,483a5429b8f027bb75a03943c3150846377e44f6,-0.04056119918823242
1903,335ad0ff82c728aca99fb0059c607cb18129526f,16b187a157ad1599bf785912ac7974e38198be7a,0.016037920489907265
1904,335ad0ff82c728aca99fb0059c607cb18129526f,4d26eb642175bcd01f0f67e55d73735bcfb13bab,-0.06317141652107239
1905,335ad0ff82c728aca99fb0059c607cb18129526f,c9c30fe890c7b77b13d78c116cd80e046ae737b6,-0.053399018943309784
1906,335ad0ff82c728aca99fb0059c607cb18129526f,90c1104142203c8ead18882d49bfea8aec23e758,-0.042485132813453674
1907,335ad0ff82c728aca99fb0059c607cb18129526f,ac06b09e232fe9fd8c3fabef71e1fd7f6f752a7b,-0.06673689186573029
1908,335ad0ff82c728aca99fb0059c607cb18129526f,9981e27f01960526ea68227c7f8120e0c3ffe87f,-0.04378204047679901
1909,335ad0ff82c728aca99fb0059c607cb18129526f,a75b289951207f627cdba8580a65cf18f9188d62,-0.08371728658676147
1910,335ad0ff82c728aca99fb0059c607cb18129526f,1b3c1759c16fe3f0ea57140bb23489fbf104616b,-0.060041628777980804
1911,335ad0ff82c728aca99fb0059c607cb18129526f,87e9ed98e6b7d5c7bf3837f62f3af9d182224f3b,-0.12027538567781448
1912,335ad0ff82c728aca99fb0059c607cb18129526f,3981416d7c8f784db8d9bfff2216fb50af711dbe,-0.07942338287830353
1913,ae2b67d03512dd0f13a68636d1d7f83cc889318a,7dd5afc660970d82491c9015a52bf23ab79bf650,0.6449863910675049
1914,ae2b67d03512dd0f13a68636d1d7f83cc889318a,102153467f27d43dd1db8a973846d3ac10ffdc3c,0.5562233924865723
1915,ae2b67d03512dd0f13a68636d1d7f83cc889318a,f040434dd7dbc965c04b386b6b206325698a635b,0.48365914821624756
1916,ae2b67d03512dd0f13a68636d1d7f83cc889318a,072a0db716fb6f8332323f076b71554716a7271c,0.4750162959098816
1917,ae2b67d03512dd0f13a68636d1d7f83cc889318a,44159c85dec6df7a257cbe697bfc854ecb1ebb0b,0.3982553482055664
1918,ae2b67d03512dd0f13a68636d1d7f83cc889318a,1c9b9f3b3bf89f1c051c07411c226719aa468923,0.16342611610889435
1919,ae2b67d03512dd0f13a68636d1d7f83cc889318a,8618f895585234058f424bd1a5f7043244b6d696,0.10667042434215546
1920,ae2b67d03512dd0f13a68636d1d7f83cc889318a,2d633db75b177aad6045c0469ba0696b905f314f,0.12663602828979492
1921,ae2b67d03512dd0f13a68636d1d7f83cc889318a,e60e755af36853ba2c6c6f6b60e82903df167e56,0.08377805352210999
1922,ae2b67d03512dd0f13a68636d1d7f83cc889318a,7b14b89089cc86fc75bcb56c673d8316e05f5d67,0.0785558819770813
1923,ae2b67d03512dd0f13a68636d1d7f83cc889318a,c7473ab608ec26b799e10a387067d503cdcc4e7e,0.07612478733062744
1924,ae2b67d03512dd0f13a68636d1d7f83cc889318a,4f96e06db144823d16516af787e96d13073b4316,0.055971890687942505
1925,ae2b67d03512dd0f13a68636d1d7f83cc889318a,b91144901bccdead9a32f330f0d83dc1d84e759b,0.06522662937641144
1926,ae2b67d03512dd0f13a68636d1d7f83cc889318a,3b81c6743e909268a6471295eddde13fd6520678,0.09007276594638824
1927,ae2b67d03512dd0f13a68636d1d7f83cc889318a,f3b84862bbe7eded638ab33c566c53c17bb1f83c,0.07288847118616104
1928,ae2b67d03512dd0f13a68636d1d7f83cc889318a,402f850dff86fb601d34b2841e6083ac0f928edd,0.03642973303794861
1929,ae2b67d03512dd0f13a68636d1d7f83cc889318a,0584a69d27f55d726e72b69f21ca1bbab400c498,0.08670642971992493
1930,ae2b67d03512dd0f13a68636d1d7f83cc889318a,346f4f5cfb33dbba203ceb049d38542118e15f92,0.040893059223890305
1931,ae2b67d03512dd0f13a68636d1d7f83cc889318a,b0572307afb7e769f360267d893500893f5d6b3d,0.0070756226778030396
1932,ae2b67d03512dd0f13a68636d1d7f83cc889318a,3d425a44b54f505a5d280653a3b4f992d4836c80,0.02172008529305458
1933,ae2b67d03512dd0f13a68636d1d7f83cc889318a,6e785a402a60353e6e22d6883d3998940dcaea96,0.0228172168135643
1934,ae2b67d03512dd0f13a68636d1d7f83cc889318a,9a8a36ce97b5b5324f4b5e5ee19b61df0b2e756b,-0.024392852559685707
1935,ae2b67d03512dd0f13a68636d1d7f83cc889318a,08973fdcd763a2c7855dae39e8040df69aa420dc,-0.012689890339970589
1936,ae2b67d03512dd0f13a68636d1d7f83cc889318a,9581009c34216cac062888c5ccf055453db17881,0.053733743727207184
1937,ae2b67d03512dd0f13a68636d1d7f83cc889318a,6d8984600e3cd9ae9d6b803f43f2410fa5c0ad0b,-0.01665700599551201
1938,ae2b67d03512dd0f13a68636d1d7f83cc889318a,f9ac31a6550f449454ceedebc01826f5c6785a26,-0.020196430385112762
1939,ae2b67d03512dd0f13a68636d1d7f83cc889318a,a92eac4415719698d7d2097ef9564e7b36699010,-0.001634417101740837
1940,ae2b67d03512dd0f13a68636d1d7f83cc889318a,1a090df137014acab572aa5dc23449b270db64b4,0.1693250834941864
1941,ae2b67d03512dd0f13a68636d1d7f83cc889318a,047ff9a3a05cce0d6594eb9300d50aaf5f93f55b,-0.01634782738983631
1942,ae2b67d03512dd0f13a68636d1d7f83cc889318a,7f7464349a4fbd6fc33444ffb2413228deb6dca2,-0.056650180369615555
1943,6f54a7933235ced5684e3bff18f7e5dc40510018,341a08d1854b5ecf871bbb4c7833a435927abbda,0.573119580745697
1944,6f54a7933235ced5684e3bff18f7e5dc40510018,0558c94a094158ecd64f0d5014d3d9668054fb97,0.5654207468032837
1945,6f54a7933235ced5684e3bff18f7e5dc40510018,0783763baafa5cac38d880967f7c339c8fe6d61f,0.4269009232521057
1946,6f54a7933235ced5684e3bff18f7e5dc40510018,41071fcd9204084d2c1633352cfc5f0ba7f0fee0,0.3785842955112457
1947,6f54a7933235ced5684e3bff18f7e5dc40510018,cf76b60fbbe3cf7bb53ea98e1e993b4b2a90aa18,0.21082714200019836
1948,6f54a7933235ced5684e3bff18f7e5dc40510018,c77be34db96695159244723fe9ffa4a88dc4a36d,0.166236013174057
1949,6f54a7933235ced5684e3bff18f7e5dc40510018,5c8bb027eb65b6d250a22e9b6db22853a552ac81,0.1428641378879547
1950,6f54a7933235ced5684e3bff18f7e5dc40510018,de864fce3469f0175fc0ff2869ddbe8d144cf53e,0.11893706023693085
1951,6f54a7933235ced5684e3bff18f7e5dc40510018,d7d9d643a378b6fd69fff63d113f4eae1983adc8,0.07149326056241989
1952,6f54a7933235ced5684e3bff18f7e5dc40510018,f4236a996e1dc5c67a0a23ba19e62730fdc14dab,0.16214919090270996
1953,6f54a7933235ced5684e3bff18f7e5dc40510018,464e8ac9026540e3f9611c762e0b2a483d11e88a,0.07857595384120941
1954,6f54a7933235ced5684e3bff18f7e5dc40510018,1287220e4c8eab29fc5fe6d5efa9fb704da0f4f5,0.15240159630775452
1955,6f54a7933235ced5684e3bff18f7e5dc40510018,625fb5f70406ac8dbd954d1105bd8e725d9254d9,0.12608295679092407
1956,6f54a7933235ced5684e3bff18f7e5dc40510018,75c023f3704775d9ab8f74bd314049c94d88edb0,0.10134066641330719
1957,6f54a7933235ced5684e3bff18f7e5dc40510018,5e38e39dee575b07fb751bff5b05064b6942e2d3,0.09687289595603943
1958,6f54a7933235ced5684e3bff18f7e5dc40510018,1805e19e9fa6a4c140c531bc0dca8016ee75257b,0.07617122679948807
1959,6f54a7933235ced5684e3bff18f7e5dc40510018,c285e3f31cde88a3f80c8483edea712a8f02d334,0.08620321750640869
1960,6f54a7933235ced5684e3bff18f7e5dc40510018,4619c5b1a37ee8e523f8104aa990ff50ca7ec7d9,0.06594231724739075
1961,6f54a7933235ced5684e3bff18f7e5dc40510018,8e7c7a32070d3d22f0640497e3fc15c575295f03,0.06492336094379425
1962,6f54a7933235ced5684e3bff18f7e5dc40510018,5dc38be6a1b98e3aa0df679f7cf787100504d613,0.06734722852706909
1963,6f54a7933235ced5684e3bff18f7e5dc40510018,5c11bab81f973d4d4ba2d9c4ca9e105e2b89cc0b,0.05281660333275795
1964,6f54a7933235ced5684e3bff18f7e5dc40510018,b3356b85c4173d253ddfaf2bcf3c96b5efc4b134,0.008474349975585938
1965,6f54a7933235ced5684e3bff18f7e5dc40510018,391dd4ca2ee3b2995260425d09dd97d4d9aaac29,0.07761052250862122
1966,6f54a7933235ced5684e3bff18f7e5dc40510018,92bd68ed6c89f2c02b0121963516b52125963cdd,0.05021281540393829
1967,6f54a7933235ced5684e3bff18f7e5dc40510018,5cd7273a0e81c241b2e502a80447b128358e77dc,0.09457342326641083
1968,6f54a7933235ced5684e3bff18f7e5dc40510018,7b1ca9a74ab7fbfc32a69e8313ca2f2d78ac6c35,-0.010353203862905502
1969,6f54a7933235ced5684e3bff18f7e5dc40510018,d3ee666cd83ddfb9e16ee00fb7ed85d272b668f5,0.021100502461194992
1970,6f54a7933235ced5684e3bff18f7e5dc40510018,f063d23d23ac325a0bc3979f037a197948fa04f3,0.00261615589261055
1971,6f54a7933235ced5684e3bff18f7e5dc40510018,3efa7f079e5115a85015f2407788d47ffa282f58,-0.032694101333618164
1972,6f54a7933235ced5684e3bff18f7e5dc40510018,a5d426d6f4bd5dc3311f0c994f642cf1f5de0488,-0.09350980818271637
1973,0c8a029180e8ee5a7a8c886738576b12d3f6530d,db8fe6da397c09c0baccac1598b3ee6ee938fc3a,0.49224644899368286
1974,0c8a029180e8ee5a7a8c886738576b12d3f6530d,b94e246b151cfd08a276a5302b804618dd27c218,0.4004955589771271
1975,0c8a029180e8ee5a7a8c886738576b12d3f6530d,0ee47ca8e90f3dd2107b6791c0da42357c56f5bc,0.23850643634796143
1976,0c8a029180e8ee5a7a8c886738576b12d3f6530d,0218370d599af1b573c815de3c0aae5c47866ff8,0.19815990328788757
1977,0c8a029180e8ee5a7a8c886738576b12d3f6530d,1ef19db16443e420235067fc8b1114e96c3e1070,0.1980251669883728
1978,0c8a029180e8ee5a7a8c886738576b12d3f6530d,49b56c7d888215c0ec8d93eddb5b665df8ee289d,0.13845203816890717
1979,0c8a029180e8ee5a7a8c886738576b12d3f6530d,44c74ed28b87176a6846415625fc3d25e65bced1,0.09335510432720184
1980,0c8a029180e8ee5a7a8c886738576b12d3f6530d,0ee717bba5432e0a914eb1be863e44e6eeccf90b,0.10475517809391022
1981,0c8a029180e8ee5a7a8c886738576b12d3f6530d,2cfd7f75bdac0514d850a0e96c4aae95260deebb,0.07559210062026978
1982,0c8a029180e8ee5a7a8c886738576b12d3f6530d,430fb2aab098ea8ba737d1f1b98a31344d152308,0.050211355090141296
1983,0c8a029180e8ee5a7a8c886738576b12d3f6530d,b51cdeb74165df0ce32ea3a1a606d28186f03e9d,0.04248138144612312
1984,0c8a029180e8ee5a7a8c886738576b12d3f6530d,521a6791980d06df10c9bf5482c6b2134e678d0d,0.014527480117976665
1985,0c8a029180e8ee5a7a8c886738576b12d3f6530d,a10b04eddc674eb0b123f528fe2f72ad19218e4c,0.030883796513080597
1986,0c8a029180e8ee5a7a8c886738576b12d3f6530d,a254bfd1b139213c810d4c637df2312a19d1d0e3,0.003554675728082657
1987,0c8a029180e8ee5a7a8c886738576b12d3f6530d,5789d652132510f056c059f36328a205cd90b25c,-0.018959369510412216
1988,0c8a029180e8ee5a7a8c886738576b12d3f6530d,fb32ed2d631dd7803a03b9c44eb6da10a7b5b00f,0.0047988928854465485
1989,0c8a029180e8ee5a7a8c886738576b12d3f6530d,40ae8d1b2e84055281adf0c64db1f857b30c8c24,0.02483075112104416
1990,0c8a029180e8ee5a7a8c886738576b12d3f6530d,e4217b7a8e15ed3ab5ac2ab129d7c2d04601daf7,0.03884558007121086
1991,0c8a029180e8ee5a7a8c886738576b12d3f6530d,c8b5f812318078b3a09a5e4b9ffcc2eddf416fe8,-0.010415756143629551
1992,0c8a029180e8ee5a7a8c886738576b12d3f6530d,39a8bcda90c9b0c5ea2495a3fbf679a4488d2cf5,0.002006813883781433
1993,0c8a029180e8ee5a7a8c886738576b12d3f6530d,fa2d0c3fb5f043a4d2bf1010be186f2171d920bc,-0.03464620187878609
1994,0c8a029180e8ee5a7a8c886738576b12d3f6530d,aea988dd3b2cbf3670c7d1380e15a6eaeb0a9f12,-0.03007882460951805
1995,0c8a029180e8ee5a7a8c886738576b12d3f6530d,995b701a79c3c719a860e770d369c9b096808fba,-0.04135855659842491
1996,0c8a029180e8ee5a7a8c886738576b12d3f6530d,dfeddb420dd7b37dde0322762d3b221c1cb0499b,-0.05443856492638588
1997,0c8a029180e8ee5a7a8c886738576b12d3f6530d,187b3af9006ee4cc039b2b97fe03099a1c4133b2,-0.04568832367658615
1998,0c8a029180e8ee5a7a8c886738576b12d3f6530d,c1e4420ddc71c4962e0ba26287293a25a774fb6e,-0.0433184877038002
1999,0c8a029180e8ee5a7a8c886738576b12d3f6530d,293878f70c72c0497e0bc62781c6d8a80ecabc10,-0.05832596868276596
2000,0c8a029180e8ee5a7a8c886738576b12d3f6530d,56de5dbb4e2e81f5d09622bf278b22a6ef6df168,-0.07214570045471191
2001,0c8a029180e8ee5a7a8c886738576b12d3f6530d,7b7458e999bd60341fc208d5860dd75bea0e071e,-0.07821910828351974
2002,0c8a029180e8ee5a7a8c886738576b12d3f6530d,bfb9ec14d76fa64dab58ba8ee8e7271d0c587d47,-0.09417568147182465
2003,4c37a3aa3a27bfb6fa73226e14ded88585cad97c,6bd3a92d1d6ee1f18024e322a159f356de5e44dc,0.523481011390686
2004,4c37a3aa3a27bfb6fa73226e14ded88585cad97c,58be188245e2727a8fe7a8a063c353c06c67035b,0.32508528232574463
2005,4c37a3aa3a27bfb6fa73226e14ded88585cad97c,28fddd885dea95d9d6c44175a2814eb60d4905ce,0.2540097236633301
2006,4c37a3aa3a27bfb6fa73226e14ded88585cad97c,7c28f4339db184d019b0d8b6a187e2d978c5112c,0.20954430103302002
2007,4c37a3aa3a27bfb6fa73226e14ded88585cad97c,8eced091ab3e3fd0b1747896cff082711c510d4a,0.4271724224090576
2008,4c37a3aa3a27bfb6fa73226e14ded88585cad97c,76ae06682ee31321774856629b625116355dcd73,0.20893919467926025
2009,4c37a3aa3a27bfb6fa73226e14ded88585cad97c,983e2b19e63f57bbec4287a953e956bc22efb814,0.16264641284942627
2010,4c37a3aa3a27bfb6fa73226e14ded88585cad97c,583c00f75c519be40aba0fb791806a72fd84f72a,0.19191597402095795
2011,4c37a3aa3a27bfb6fa73226e14ded88585cad97c,61bc659a5c0c99406580b2b60a6ec90ffbd9dcfe,0.16160790622234344
2012,4c37a3aa3a27bfb6fa73226e14ded88585cad97c,c062e4612574bf54bd8cf8adcee7e9ecb8f98e91,0.14093580842018127
2013,4c37a3aa3a27bfb6fa73226e14ded88585cad97c,d67e6051f73fcac945a34932ea7828f558a5264b,0.10657739639282227
2014,4c37a3aa3a27bfb6fa73226e14ded88585cad97c,266f21464ac5641136cf5da43bd10106944c1cc3,0.1064927726984024
2015,4c37a3aa3a27bfb6fa73226e14ded88585cad97c,719be07e598b94277098f593409b5778a48ab60c,0.09682369232177734
2016,4c37a3aa3a27bfb6fa73226e14ded88585cad97c,908b1f4e5fe1145cba6555db583e67927228e05d,0.09528280794620514
2017,4c37a3aa3a27bfb6fa73226e14ded88585cad97c,a1f87939a171de1bdd1a99a8a16eb11346285bc7,0.07571347802877426
2018,4c37a3aa3a27bfb6fa73226e14ded88585cad97c,df8267ba00e704ca216ad65c3638197e2026ec20,-0.025737285614013672
2019,4c37a3aa3a27bfb6fa73226e14ded88585cad97c,a14f69985e19456681bc874310e7166528637bed,0.19746869802474976
2020,4c37a3aa3a27bfb6fa73226e14ded88585cad97c,fbcd758ecc083037cd035c8ed0c26798ce62f15e,0.0639197826385498
2021,4c37a3aa3a27bfb6fa73226e14ded88585cad97c,7d73761ac4440279b09145e31db3740abfb7f7ad,0.014506608247756958
2022,4c37a3aa3a27bfb6fa73226e14ded88585cad97c,cb2111cb362f566be61c75ada38af53ecf95a1d3,0.053528010845184326
2023,4c37a3aa3a27bfb6fa73226e14ded88585cad97c,2d8f527d1a96b0dae209daa6a241cf3255a6ec0d,0.0011147484183311462
2024,4c37a3aa3a27bfb6fa73226e14ded88585cad97c,22e62e82528ab375ef9b1194d81d331ab6ee1548,-0.0008487757295370102
2025,4c37a3aa3a27bfb6fa73226e14ded88585cad97c,64536eabc9a1e2a3a63ba454591991e47a07e354,-0.023321544751524925
2026,4c37a3aa3a27bfb6fa73226e14ded88585cad97c,324e1673c4dc635a3b36996dcd6d600500f96ba0,-0.005968306213617325
2027,4c37a3aa3a27bfb6fa73226e14ded88585cad97c,36246ff904be7044ecd536d072b1388ea59aaf43,-0.01199805736541748
2028,4c37a3aa3a27bfb6fa73226e14ded88585cad97c,dedab73a8b0a572e4bf04f22da88f14157e5bc6c,-0.04249546676874161
2029,4c37a3aa3a27bfb6fa73226e14ded88585cad97c,87ffea85fbf52e22e4808e1fcc9e40ead4ff7738,-0.042663875967264175
2030,4c37a3aa3a27bfb6fa73226e14ded88585cad97c,e5e9d64984b28f24a7423ada022d843e341b4351,-0.0742131844162941
2031,4c37a3aa3a27bfb6fa73226e14ded88585cad97c,c567bdc35a40e568e0661446ac4f9b397787e40d,-0.050933465361595154
2032,4c37a3aa3a27bfb6fa73226e14ded88585cad97c,88f75059a0688252a58c871c5a4c85f97ee01607,-0.0719418078660965
2033,1f157f2b144528924eec46d9316bd5517352b89a,d3c1106c4e16a915bed14c1f7bce8a0211d4b836,0.5253570079803467
2034,1f157f2b144528924eec46d9316bd5517352b89a,17ce0382776df1f8414555a9bb6f9cb35b791a17,0.4948769211769104
2035,1f157f2b144528924eec46d9316bd5517352b89a,0519437d7dfa393963ff1e61911302b716b2be93,0.47769099473953247
2036,1f157f2b144528924eec46d9316bd5517352b89a,14b750a0fd5a13f7494e4abf9b97718ff558f508,0.46528148651123047
2037,1f157f2b144528924eec46d9316bd5517352b89a,56b9100895e9855c2d9e72f81bb5933ac8a5c17c,0.3933374583721161
2038,1f157f2b144528924eec46d9316bd5517352b89a,767410f40ed2ef1b8b759fec3782d8a0f2f8ad40,0.16772852838039398
2039,1f157f2b144528924eec46d9316bd5517352b89a,129707a3e577c8fe0f491a63ee628700874e3ed5,0.19697082042694092
2040,1f157f2b144528924eec46d9316bd5517352b89a,ea6e230f000b778b64c6febcad54b37731105c35,0.08779755979776382
2041,1f157f2b144528924eec46d9316bd5517352b89a,2112172d79789cbe6175f9671604d02144655a86,0.08336134254932404
2042,1f157f2b144528924eec46d9316bd5517352b89a,4f22dc9084ce1b99bf171502174a992e502e32e1,0.009429577738046646
2043,1f157f2b144528924eec46d9316bd5517352b89a,16b65be3bba1eaf243b262614a142a48c6261e68,0.027825498953461647
2044,1f157f2b144528924eec46d9316bd5517352b89a,c3ee8642c596015f705eaefab326c558da1168ab,0.04397748410701752
2045,1f157f2b144528924eec46d9316bd5517352b89a,d6f073762c744bff5fe7562936d3aae4c2f7b67d,0.046501096338033676
2046,1f157f2b144528924eec46d9316bd5517352b89a,ea4db92fe67c2a8d7d24e9941111eea6dee4e0a7,0.009623183868825436
2047,1f157f2b144528924eec46d9316bd5517352b89a,4b7f95162aa2c8523117e7e18b120b3062aaca6d,0.09706300497055054
2048,1f157f2b144528924eec46d9316bd5517352b89a,5edb3151747d0d323ca9f071d8366b0779ab99e2,0.0006386358290910721
2049,1f157f2b144528924eec46d9316bd5517352b89a,35c473bae9d146072625cc3d452c8f6b84c8cc47,0.027431420981884003
2050,1f157f2b144528924eec46d9316bd5517352b89a,eedbae3bf07ea7cf0da9f14b2ae12975ac941b22,-0.020026925951242447
2051,1f157f2b144528924eec46d9316bd5517352b89a,712ea226efcdca0105f1e40dcf4410e2057d72f9,-0.013613501563668251
2052,1f157f2b144528924eec46d9316bd5517352b89a,cb745fd78fc7613f95bf5bed1fb125d2e7e39708,-0.009455842897295952
2053,1f157f2b144528924eec46d9316bd5517352b89a,2fd9f4d331d144f71baf2c66628b12c8c65d3ffb,0.012231315486133099
2054,1f157f2b144528924eec46d9316bd5517352b89a,76e91f0c6936b654e0b53afa91e7d455570d4e9d,-0.03122299537062645
2055,1f157f2b144528924eec46d9316bd5517352b89a,82f6824b0070de354f7d528074c7b31d97af11b1,-0.022710710763931274
2056,1f157f2b144528924eec46d9316bd5517352b89a,bbebd3b5e67abaf641f5994b014e306dbba9fa6a,-0.02813846990466118
2057,1f157f2b144528924eec46d9316bd5517352b89a,c7bd6ff231f5ca6051ebfe9fac1ecf209868bff6,-0.05024363100528717
2058,1f157f2b144528924eec46d9316bd5517352b89a,df74f8ee027cf7050aade9f7bc541a526c5cf079,-0.06993326544761658
2059,1f157f2b144528924eec46d9316bd5517352b89a,50b3a59cef3fc66a9655094164714c90f80c51cc,-0.08483441919088364
2060,1f157f2b144528924eec46d9316bd5517352b89a,1a27eba363239f2ec6487b337e4387394c6a28f0,-0.09923575818538666
2061,1f157f2b144528924eec46d9316bd5517352b89a,8bef87ef4ad3cc65238bf96433fe4d813aa243e0,-0.10713723301887512
2062,1f157f2b144528924eec46d9316bd5517352b89a,ced52371b589900df5b54cf7d71f57904d1e0fba,-0.18104204535484314
2063,e8cda2c754670850ec722799640c6cb42dfb8199,2be8e06bc3a4662d0e4f5bcfea45631b8beca4d0,0.5812653303146362
2064,e8cda2c754670850ec722799640c6cb42dfb8199,6d4e3616d0b27957c4107ae877dc0dd4504b69ab,0.4915218949317932
2065,e8cda2c754670850ec722799640c6cb42dfb8199,df2f072d0bc1aa026aeef5e3fd3c4367c2de1b2c,0.4941107928752899
2066,e8cda2c754670850ec722799640c6cb42dfb8199,2495ebdcb6da8d8c2e82cf57fcaab0ec003d571d,0.5274479389190674
2067,e8cda2c754670850ec722799640c6cb42dfb8199,a9ad85feef3ee89492631245a29621454e3d798a,0.41124701499938965
2068,e8cda2c754670850ec722799640c6cb42dfb8199,2c03df8b48bf3fa39054345bafabfeff15bfd11d,0.4377685785293579
2069,e8cda2c754670850ec722799640c6cb42dfb8199,a4a6011cd378adb86b168f51ce4cb144207ec354,0.16549688577651978
2070,e8cda2c754670850ec722799640c6cb42dfb8199,f226ec13e016943102eb7ebedab7cf3e9bef69b2,0.5272470712661743
2071,e8cda2c754670850ec722799640c6cb42dfb8199,7661b964be8b1fcdd2f38f3a313fe86a7e1f2f66,0.2037133276462555
2072,e8cda2c754670850ec722799640c6cb42dfb8199,bdfb20d112069c106a9535407d107a43ebe6517f,0.09134306013584137
2073,e8cda2c754670850ec722799640c6cb42dfb8199,b2e7c5ddb686d503091dce57efe67fa89480fba4,0.1682996153831482
2074,e8cda2c754670850ec722799640c6cb42dfb8199,9b44dc9a71584410e466b1645d588bdf56b3f83e,0.13679161667823792
2075,e8cda2c754670850ec722799640c6cb42dfb8199,4a4b5c8511f7a2a26f5847437d9fcdcf4a72c0f4,0.13857193291187286
2076,e8cda2c754670850ec722799640c6cb42dfb8199,ca9a5c4887396637f53123fa0176f475703bfbca,0.07488325238227844
2077,e8cda2c754670850ec722799640c6cb42dfb8199,6bdda860d65b41c093b42a69277d6ac898fe113d,0.05896420404314995
2078,e8cda2c754670850ec722799640c6cb42dfb8199,75a2a2a412bca0270254d4b9bb4dae89c25fff92,0.05657996982336044
2079,e8cda2c754670850ec722799640c6cb42dfb8199,aa8a88177cf44f51712518f295c5cb36def65d5d,0.06548401713371277
2080,e8cda2c754670850ec722799640c6cb42dfb8199,252384bae49e1f2092e6a9553cd9a67f41134ded,0.05844365805387497
2081,e8cda2c754670850ec722799640c6cb42dfb8199,e0149f4926373368a0d88f7fb57c5549500fd83a,0.09249833226203918
2082,e8cda2c754670850ec722799640c6cb42dfb8199,4f035a61deda62fcf94c349251f14e1c413c4902,0.017829542979598045
2083,e8cda2c754670850ec722799640c6cb42dfb8199,8395bf87af97f9dcb0fa0292c55fe1e1a943c45f,-0.0007430557161569595
2084,e8cda2c754670850ec722799640c6cb42dfb8199,ca356b3d49ff88ac29abf14afbd78b241b1c4439,-0.030981311574578285
2085,e8cda2c754670850ec722799640c6cb42dfb8199,1436afbd9120cf8f7be2ba329fae0a0f6093e407,0.023673122748732567
2086,e8cda2c754670850ec722799640c6cb42dfb8199,6104e184d04b5cf19dc61e4d0f334f625d761a13,0.03260446712374687
2087,e8cda2c754670850ec722799640c6cb42dfb8199,281eeacc1d2fdd9a79f652b77afb14d8a3c2d7b6,-0.0131724514067173
2088,e8cda2c754670850ec722799640c6cb42dfb8199,864ab6ebe254eeada6fee110da35a2bebcf9fbb3,-0.024378763511776924
2089,e8cda2c754670850ec722799640c6cb42dfb8199,ec03905f9a87f0e1e071b16bdac4bc26619a7f2e,-0.06642664223909378
2090,e8cda2c754670850ec722799640c6cb42dfb8199,caba398dc80312ee9a3cfede11919e38ee1d3807,-0.060206882655620575
2091,e8cda2c754670850ec722799640c6cb42dfb8199,13837b79abf1b29813f05888c04194c950bd2bd5,-0.0685853511095047
2092,e8cda2c754670850ec722799640c6cb42dfb8199,198e49f57131a586b3e9494b0c46960d143e6201,-0.07523118704557419
2093,04e4034344bda5c97015ea634e6eb1b65ef3a898,b58b3a1dd84fe44f91510df00905a1ed33c1525c,0.5626167058944702
2094,04e4034344bda5c97015ea634e6eb1b65ef3a898,d7b9dde9a7d304b378079049a0c2af40454a13bb,0.5861422419548035
2095,04e4034344bda5c97015ea634e6eb1b65ef3a898,0ee47ca8e90f3dd2107b6791c0da42357c56f5bc,0.5830797553062439
2096,04e4034344bda5c97015ea634e6eb1b65ef3a898,64290c658d2f1c47ad4fd8757a87ac6c9a708f89,0.49748694896698
2097,04e4034344bda5c97015ea634e6eb1b65ef3a898,a023f6d6c383f4a3839036f07b1ea0aa04da9cbb,0.3864520192146301
2098,04e4034344bda5c97015ea634e6eb1b65ef3a898,00f51b60ef3929097ada76a16ff71badc2277165,0.37851452827453613
2099,04e4034344bda5c97015ea634e6eb1b65ef3a898,12f3f9a5bbcaa3ab09eff325bd4554924ac1356d,0.2613183856010437
2100,04e4034344bda5c97015ea634e6eb1b65ef3a898,424f92289a632f85f6ba9a611614d145c7d3393a,0.3060505986213684
2101,04e4034344bda5c97015ea634e6eb1b65ef3a898,cbd8a90e809151b684e73fb3e31c2731874570c4,0.17784389853477478
2102,04e4034344bda5c97015ea634e6eb1b65ef3a898,7b143616c637734d6c89f28723e2ceb7aabc0389,0.21074578166007996
2103,04e4034344bda5c97015ea634e6eb1b65ef3a898,906dc85636c056408f13f0d24b6d6f92ffb63113,0.07065241038799286
2104,04e4034344bda5c97015ea634e6eb1b65ef3a898,3df4b372489e734beeb70b320666354e53eb23c4,0.12178128212690353
2105,04e4034344bda5c97015ea634e6eb1b65ef3a898,a864fbfd34426c98b2832a3c2aa9fbc7df8bb910,0.07595813274383545
2106,04e4034344bda5c97015ea634e6eb1b65ef3a898,31cc80ffb56d7f82dcc44e78fbdea95bffe5028e,0.034956589341163635
2107,04e4034344bda5c97015ea634e6eb1b65ef3a898,427a03a0746f398340e8a7f95d56316dacd8d70c,0.05659724026918411
2108,04e4034344bda5c97015ea634e6eb1b65ef3a898,16deaf3986d996a7bf5f6188d39607c2e406a1f8,0.03267940133810043
2109,04e4034344bda5c97015ea634e6eb1b65ef3a898,2d633db75b177aad6045c0469ba0696b905f314f,0.0296991728246212
2110,04e4034344bda5c97015ea634e6eb1b65ef3a898,7ba0aa88b813b8e7e47d5999cf4802bb9b30b86a,0.058144062757492065
2111,04e4034344bda5c97015ea634e6eb1b65ef3a898,f3da8e33c90dc19a33d91a1b6b2ec4430f3b0315,0.016830328851938248
2112,04e4034344bda5c97015ea634e6eb1b65ef3a898,98997f81cc77f53ee84e9b6df1edc253f9f9d5f9,-0.01190059445798397
2113,04e4034344bda5c97015ea634e6eb1b65ef3a898,26433d86b9c215b5a6871c70197ff4081d63054a,0.013361379504203796
2114,04e4034344bda5c97015ea634e6eb1b65ef3a898,516f412a76911a13c9128aac827b52b27b98fad9,0.008218567818403244
2115,04e4034344bda5c97015ea634e6eb1b65ef3a898,1ae9b720b3b3e497ef6a2a3e97079c0acb8570f1,-0.02785608544945717
2116,04e4034344bda5c97015ea634e6eb1b65ef3a898,6847de10b11501b26f6d35405d1b6436ef17c0b4,-0.04787997156381607
2117,04e4034344bda5c97015ea634e6eb1b65ef3a898,58c87d2d678aab8bccd5cb20d04bc867682b07f2,-0.08073740452528
2118,04e4034344bda5c97015ea634e6eb1b65ef3a898,f4b98dbd75c87a86a8bf0d7e09e3ebbb63d14954,-0.029339410364627838
2119,04e4034344bda5c97015ea634e6eb1b65ef3a898,4ca6307c991f8f4c28ebdd45a08239dfb9da1c0c,-0.018362246453762054
2120,04e4034344bda5c97015ea634e6eb1b65ef3a898,626a38a32e2255e5bef98880ebbddf6994840e9e,-0.05915277823805809
2121,04e4034344bda5c97015ea634e6eb1b65ef3a898,57a809faecdeb6c97160be4cab0d0b2f42ed3c6f,-0.05283864587545395
2122,04e4034344bda5c97015ea634e6eb1b65ef3a898,404574efdb5193dc6b69ffcfbf2190212ebfa43f,-0.07322070002555847
2123,93f6dd2c761fdeac0af6d2253d57834439d7794f,ad5974c04b316f4f379191e4dbea836fd766f47c,0.6913686990737915
2124,93f6dd2c761fdeac0af6d2253d57834439d7794f,1bdc66bf35f7443cea550eb82a691966761f1111,0.5890172123908997
2125,93f6dd2c761fdeac0af6d2253d57834439d7794f,12644d51a8ccbdc092ea322907989c098bd16813,0.5291868448257446
2126,93f6dd2c761fdeac0af6d2253d57834439d7794f,216dcb818763ed3493536d44b0a9e4c8e16738b1,0.4941813349723816
2127,93f6dd2c761fdeac0af6d2253d57834439d7794f,0c739b915d633cc3c162e4ef1e57b796c2dc2217,0.4704667031764984
2128,93f6dd2c761fdeac0af6d2253d57834439d7794f,6cb45af3db1de2ba5466aedcb698deb6c4bb4678,0.3935089707374573
2129,93f6dd2c761fdeac0af6d2253d57834439d7794f,55d87169355378ab5bded7488c899dc0069219dd,0.38921570777893066
2130,93f6dd2c761fdeac0af6d2253d57834439d7794f,48c26d5edecb484ec1c34c2b148a1c843ab24327,0.40457576513290405
2131,93f6dd2c761fdeac0af6d2253d57834439d7794f,3fa2b1ea36597f2b3055844dcf505bacd884f437,0.387512743473053
2132,93f6dd2c761fdeac0af6d2253d57834439d7794f,5bc7ddd557b655eb1115a354550254dfd0b0d826,0.3219118118286133
2133,93f6dd2c761fdeac0af6d2253d57834439d7794f,2cf3b8d8865fdeab8e251ef803ecde1ddbf6f6a3,0.26463133096694946
2134,93f6dd2c761fdeac0af6d2253d57834439d7794f,4478fb662060be76cefacbcd2b1f7529824245a8,0.26878035068511963
2135,93f6dd2c761fdeac0af6d2253d57834439d7794f,8dbac520e4a89916cab47be23aab46793f39bb28,0.2286757230758667
2136,93f6dd2c761fdeac0af6d2253d57834439d7794f,3e832919bf4156dd2c7c191acbbc714535f1d8c2,0.18743544816970825
2137,93f6dd2c761fdeac0af6d2253d57834439d7794f,83a281e049de09f5b2e667786125da378fd7a14c,0.2112032175064087
2138,93f6dd2c761fdeac0af6d2253d57834439d7794f,bbeacfbe469913de3549a8839abed0cb4415675e,0.14225879311561584
2139,93f6dd2c761fdeac0af6d2253d57834439d7794f,8552f6e3f73db564a2e625cceb1d1348d70b598c,0.19859033823013306
2140,93f6dd2c761fdeac0af6d2253d57834439d7794f,211855f1de279c452858177331860cbc326351ab,0.16999021172523499
2141,93f6dd2c761fdeac0af6d2253d57834439d7794f,25e2a24478c8c8c1b26482fa06d3a4fb445303e5,0.14965152740478516
2142,93f6dd2c761fdeac0af6d2253d57834439d7794f,ab200f31fe7c50f8b468cb3ed9274883140167d9,0.10394048690795898
2143,93f6dd2c761fdeac0af6d2253d57834439d7794f,11ad7734bbb81e901f2e59b73456324b299d8980,0.11782464385032654
2144,93f6dd2c761fdeac0af6d2253d57834439d7794f,b91f7fe7a54159663946e5a88937af4e268edbb4,0.14075662195682526
2145,93f6dd2c761fdeac0af6d2253d57834439d7794f,09702e1165eeac3504faf7a32065ea4c08aad467,0.09258372336626053
2146,93f6dd2c761fdeac0af6d2253d57834439d7794f,bf3302bec256bddceabda4d5185ec289ac38ea9f,0.0845106691122055
2147,93f6dd2c761fdeac0af6d2253d57834439d7794f,511c905fcd908e46116c37dbb650e5609d4b3a14,0.06935600936412811
2148,93f6dd2c761fdeac0af6d2253d57834439d7794f,e11d5a4edec55f5d5dc8ea25621ecbf89e9bccb7,0.027979053556919098
2149,93f6dd2c761fdeac0af6d2253d57834439d7794f,b321c6d6059e448d85e8ffb5cb2318cf7f2e9ebc,0.06142951920628548
2150,93f6dd2c761fdeac0af6d2253d57834439d7794f,fd86074685e3da33e31b36914f2d4ccf64821491,-0.052371904253959656
2151,93f6dd2c761fdeac0af6d2253d57834439d7794f,3d29f938094672cb45a119e8b1a08e299672f7b6,-0.006571044214069843
2152,93f6dd2c761fdeac0af6d2253d57834439d7794f,3722384bd171b2245102ad2d99f2d0fd230910c9,-0.05689607188105583
2153,48a01a7d5e01ebec4311495b1e45c1b59151efae,146f6f6ed688c905fb6e346ad02332efd5464616,0.4991653561592102
2154,48a01a7d5e01ebec4311495b1e45c1b59151efae,2cb8497f9214735ffd1bd57db645794459b8ff41,0.47483617067337036
2155,48a01a7d5e01ebec4311495b1e45c1b59151efae,0825788b9b5a18e3dfea5b0af123b5e939a4f564,0.4969134032726288
2156,48a01a7d5e01ebec4311495b1e45c1b59151efae,2abe6b9ea1b13653b7384e9c8ef14b0d87e20cfc,0.44096165895462036
2157,48a01a7d5e01ebec4311495b1e45c1b59151efae,f9023f510ca00a17b678e54af1187d5e5177d784,0.2842549979686737
2158,48a01a7d5e01ebec4311495b1e45c1b59151efae,7da961cb039b1a01cad9b78d93bdfe2a69ed3ccf,0.3077734708786011
2159,48a01a7d5e01ebec4311495b1e45c1b59151efae,24c143f88333bb20bf8b19df97520b21c68829ac,0.24745170772075653
2160,48a01a7d5e01ebec4311495b1e45c1b59151efae,b933c84d4c3bc27cda48eb47d68f3b1c197f2e5b,0.2109900712966919
2161,48a01a7d5e01ebec4311495b1e45c1b59151efae,c94d52a92b1da191f720cc4471d2f176e1d7ef0b,0.09850329160690308
2162,48a01a7d5e01ebec4311495b1e45c1b59151efae,d4be9c65b86315c0801b56183a95e50766ec9c26,0.22508299350738525
2163,48a01a7d5e01ebec4311495b1e45c1b59151efae,1267fe36b5ece49a9d8f913eb67716a040bbcced,0.28103047609329224
2164,48a01a7d5e01ebec4311495b1e45c1b59151efae,c8cc94dd21d78f4f0d07ccb61153bfb798aeef2c,0.1731700450181961
2165,48a01a7d5e01ebec4311495b1e45c1b59151efae,afd3cba292f60b9a76b58ef731b50c812e4c544f,0.21607963740825653
2166,48a01a7d5e01ebec4311495b1e45c1b59151efae,7df4f891caa55917469e27a8da23886d66f9ecca,0.15249697864055634
2167,48a01a7d5e01ebec4311495b1e45c1b59151efae,ac8db14cbc7ad0119d0130e88f98ccb3ec61780f,0.11159296333789825
2168,48a01a7d5e01ebec4311495b1e45c1b59151efae,3e25f645e7806f3184f3572fea764396d1289c49,0.07921050488948822
2169,48a01a7d5e01ebec4311495b1e45c1b59151efae,5c01842e5431bff0a47140c57b3dd5362107afc6,0.07129693031311035
2170,48a01a7d5e01ebec4311495b1e45c1b59151efae,73a9e37e6fe9586982d041f2d5999d41affe9398,0.0812588632106781
2171,48a01a7d5e01ebec4311495b1e45c1b59151efae,7b500392be1d20bb7217d40c27a4d974430e3e31,0.10808232426643372
2172,48a01a7d5e01ebec4311495b1e45c1b59151efae,5c91c11b7fd9847129f36fdc2787c3d6df3a803b,0.09802937507629395
2173,48a01a7d5e01ebec4311495b1e45c1b59151efae,81780a68b394ba15112ba0be043a589a2e8563ab,0.024272266775369644
2174,48a01a7d5e01ebec4311495b1e45c1b59151efae,41545565e1efda90e1c993d4e308ef1a301e505b,0.043982453644275665
2175,48a01a7d5e01ebec4311495b1e45c1b59151efae,b45c69f287a764deda320160e186d3e9b12bcc2c,0.08621524274349213
2176,48a01a7d5e01ebec4311495b1e45c1b59151efae,434553e2a9b6048f1eb7780ec2cd828dc2644013,0.007233526557683945
2177,48a01a7d5e01ebec4311495b1e45c1b59151efae,4189eac6d7104e00323f78a8897167d50c815c80,0.03792792186141014
2178,48a01a7d5e01ebec4311495b1e45c1b59151efae,7a012d0eb6e19e2a40529314f58f4a31f4d5f8ff,-0.03057539463043213
2179,48a01a7d5e01ebec4311495b1e45c1b59151efae,a30a45a56911a9bfa845f9c86f3c9b29e11807b6,-0.028063368052244186
2180,48a01a7d5e01ebec4311495b1e45c1b59151efae,83b01b5f8c127a081b74ff96952a3ec9695d9e50,-0.04857862368226051
2181,48a01a7d5e01ebec4311495b1e45c1b59151efae,19c60ef563531be3d89010f098e12aa90bea2b57,-0.09101931750774384
2182,48a01a7d5e01ebec4311495b1e45c1b59151efae,69d324f27ca4af58737000c11700ddea9fb31508,-0.13901111483573914
2183,208d2d6ae61955d93b13a5a497c10ba8c7086e87,09f2af091f6bf5dfe25700c5a8c82f220fac5631,0.6726203560829163
2184,208d2d6ae61955d93b13a5a497c10ba8c7086e87,22e594d4606c94192743ca6f51ebf15b32a3b72a,0.5465892553329468
2185,208d2d6ae61955d93b13a5a497c10ba8c7086e87,33fad977a6b317cfd6ecd43d978687e0df8a7338,0.4462222456932068
2186,208d2d6ae61955d93b13a5a497c10ba8c7086e87,f77c9bf5beec7c975584e8087aae8d679664a1eb,0.3161316514015198
2187,208d2d6ae61955d93b13a5a497c10ba8c7086e87,23c035073654412a6a9ec486739dd9bd16dd663d,0.2921282649040222
2188,208d2d6ae61955d93b13a5a497c10ba8c7086e87,877d81886b57db2980bd87a0527508232f1f2a24,0.2953258454799652
2189,208d2d6ae61955d93b13a5a497c10ba8c7086e87,adfc2b7dc3eb7bd9811d17fe4abd5d6151e97018,0.261515349149704
2190,208d2d6ae61955d93b13a5a497c10ba8c7086e87,12a97799334e3a455e278f2a995a93a6e0c034bf,0.20198476314544678
2191,208d2d6ae61955d93b13a5a497c10ba8c7086e87,e8d45eee001ef838c7f8f4eef41fae98de5246f4,0.26127010583877563
2192,208d2d6ae61955d93b13a5a497c10ba8c7086e87,2c0a634a71ade1bb8458db124dc1cc9f7e452627,0.17537176609039307
2193,208d2d6ae61955d93b13a5a497c10ba8c7086e87,83f3dc086cb5cafd5b4fbce6062c679b4373e845,0.20477381348609924
2194,208d2d6ae61955d93b13a5a497c10ba8c7086e87,b9e4469ef36e3ce41e1052563e8dbce1d4762368,0.09658995270729065
2195,208d2d6ae61955d93b13a5a497c10ba8c7086e87,8ade5d29ae9eac7b0980bc6bc1b873d0dd12a486,0.3967650532722473
2196,208d2d6ae61955d93b13a5a497c10ba8c7086e87,0672cf615e621624cb4820ea1b4c8c6997d6093b,0.1679563820362091
2197,208d2d6ae61955d93b13a5a497c10ba8c7086e87,1b7189be0287321814c86405181e6951f815e802,0.15376700460910797
2198,208d2d6ae61955d93b13a5a497c10ba8c7086e87,5f0157e8a852fc2b1b548342102405aa53c39eb9,0.08791997283697128
2199,208d2d6ae61955d93b13a5a497c10ba8c7086e87,d468d43eab97ab090aa229108c7b75cb12dd0b18,0.1060766726732254
2200,208d2d6ae61955d93b13a5a497c10ba8c7086e87,bd428c0e44a0743d10e4c0ec5bfe243e2a64f889,0.08141730725765228
2201,208d2d6ae61955d93b13a5a497c10ba8c7086e87,beaed5ff6cae9f8311c2158ba2badb7581710ca7,0.06106187403202057
2202,208d2d6ae61955d93b13a5a497c10ba8c7086e87,c19fc9aa2d5d57139ac75869aa12d113f3e288a2,0.06519472599029541
2203,208d2d6ae61955d93b13a5a497c10ba8c7086e87,342ebf89fb87bd271ae3abc4512129f8db4e258d,0.04841551184654236
2204,208d2d6ae61955d93b13a5a497c10ba8c7086e87,c1e0763f6ce8b8e3464a3bfc16ce3c94f530197b,0.03405900299549103
2205,208d2d6ae61955d93b13a5a497c10ba8c7086e87,3a4643a0c11a866e6902baa43e3bee9e3a68a3c6,0.01610286720097065
2206,208d2d6ae61955d93b13a5a497c10ba8c7086e87,15f6a7e3359f470f0a0f6d5b9144f70ef130ca56,-0.036444030702114105
2207,208d2d6ae61955d93b13a5a497c10ba8c7086e87,5342ed6e2faec80d85aaaccd5ab4db0abcf355ea,-0.06069491058588028
2208,208d2d6ae61955d93b13a5a497c10ba8c7086e87,7e8064a35914d301eb41d2211e770b1d1ad5f9b8,-0.09305143356323242
2209,208d2d6ae61955d93b13a5a497c10ba8c7086e87,51039a6ff686d74a4dec88b3b0e4b85f07222912,-0.08166459947824478
2210,208d2d6ae61955d93b13a5a497c10ba8c7086e87,5c1ab86362dec6f9892a5e4055a256fa5c1772af,-0.08123766630887985
2211,208d2d6ae61955d93b13a5a497c10ba8c7086e87,fe6ade6920b212bd32af011bc6efa94b66107e1f,-0.0933525487780571
2212,208d2d6ae61955d93b13a5a497c10ba8c7086e87,4f564267ba850f58a310b74b228b0f59409f2202,-0.09357353299856186
2213,f22ae66b083183494f2ab0f5c7758fb03d69b05c,5f47dff76174f0a0cda429e2ed0e733b4026ddea,0.6966351270675659
2214,f22ae66b083183494f2ab0f5c7758fb03d69b05c,51853d0e2b9ca6962bd8fa1272c77811e5ad18ab,0.633037805557251
2215,f22ae66b083183494f2ab0f5c7758fb03d69b05c,1406f6b5ed4034b72ed2dccc3fcfa4c5c0810924,0.5046153664588928
2216,f22ae66b083183494f2ab0f5c7758fb03d69b05c,52b5eab895a2d9ae24ea72ca72782974a52f90c4,0.3246670365333557
2217,f22ae66b083183494f2ab0f5c7758fb03d69b05c,d08e416c1fee72adc3f6b4aa6e0e9098dd89f1f3,0.2627178132534027
2218,f22ae66b083183494f2ab0f5c7758fb03d69b05c,97d6b836cf64aa83c0178448b4e634826e3cc4c4,0.2320597767829895
2219,f22ae66b083183494f2ab0f5c7758fb03d69b05c,1d1ebcb8de65575d870ceacf4af613961caa2257,0.2610543370246887
2220,f22ae66b083183494f2ab0f5c7758fb03d69b05c,740f94e0325b67e6ff5efba0f5112c977e21a75a,0.17742405831813812
2221,f22ae66b083183494f2ab0f5c7758fb03d69b05c,c174e7929d52ee9153a2252b1d5e3c370cb919c8,0.21457147598266602
2222,f22ae66b083183494f2ab0f5c7758fb03d69b05c,c9c9b50b51dc677ff83f58f1a5433b2a41321ec3,0.23309588432312012
2223,f22ae66b083183494f2ab0f5c7758fb03d69b05c,05393361e6d9e56ee7dbabb1e5ef6c1c212fc34d,0.16128003597259521
2224,f22ae66b083183494f2ab0f5c7758fb03d69b05c,b9c8819d0238f0463c01de6ad393c89d93266f46,0.17242613434791565
2225,f22ae66b083183494f2ab0f5c7758fb03d69b05c,d7d901a9e311e6c434a8a39566d1ed2845546f5b,0.14422854781150818
2226,f22ae66b083183494f2ab0f5c7758fb03d69b05c,5421d83992eb058505db23b5fb21e762ee466d9f,0.09755468368530273
2227,f22ae66b083183494f2ab0f5c7758fb03d69b05c,4c8e53712f54587d7ae73bede360473007728546,0.11531278491020203
2228,f22ae66b083183494f2ab0f5c7758fb03d69b05c,fb7920c6b16ead15a3c0f62cf54c2af9ff9c550f,0.07680657505989075
2229,f22ae66b083183494f2ab0f5c7758fb03d69b05c,005b12da7075264fb784c9ca1eb8115c4cce196e,0.02628869004547596
2230,f22ae66b083183494f2ab0f5c7758fb03d69b05c,4f6d882467d1a567db604a2f94496e4c70422410,0.08490997552871704
2231,f22ae66b083183494f2ab0f5c7758fb03d69b05c,a31dfa5eb97fced9494dfa1d88578da6827bf78d,0.04973120987415314
2232,f22ae66b083183494f2ab0f5c7758fb03d69b05c,80f74c88376d7553a70808eb59bb110db7c22bdb,0.024855701252818108
2233,f22ae66b083183494f2ab0f5c7758fb03d69b05c,67301c286439a7c24368300ea13e9785bd666aed,0.0027028010226786137
2234,f22ae66b083183494f2ab0f5c7758fb03d69b05c,363c01593f54d2ab08b2580bca0362976ef5dcf4,-0.015019988641142845
2235,f22ae66b083183494f2ab0f5c7758fb03d69b05c,d21617565e2d6e5ff95f94daed8499d235f4a6a4,0.011935464106500149
2236,f22ae66b083183494f2ab0f5c7758fb03d69b05c,75e5418a83c613b0a909bbd89be691594877a50a,0.009698376059532166
2237,f22ae66b083183494f2ab0f5c7758fb03d69b05c,ccab8d39a252c43803d1e3273a48db162811ae5c,-0.024741891771554947
2238,f22ae66b083183494f2ab0f5c7758fb03d69b05c,b328fb4ef092ccdcdad0782d540e8546d1f5c5ec,-0.03641730174422264
2239,f22ae66b083183494f2ab0f5c7758fb03d69b05c,9d4adf5e75cea94b4c7f09c618e4462b543d9c87,-0.05847403407096863
2240,f22ae66b083183494f2ab0f5c7758fb03d69b05c,ec846fbc1d8046afe67d630ca172fa0ea42fdb9a,-0.05914902687072754
2241,f22ae66b083183494f2ab0f5c7758fb03d69b05c,fd26732084b318aee34651c4ccbcb0cf8d7f9d8f,-0.07307123392820358
2242,f22ae66b083183494f2ab0f5c7758fb03d69b05c,96ea8f0927f87ab4be3a7fd5a3b1dd38eeaa2ed6,-0.018012693151831627
2243,64ddfb947878347a30610b6ca2314fe2bac96a4a,e9ffbd29836571e25e0b7f5f0469b0a7e24dbf05,0.6265275478363037
2244,64ddfb947878347a30610b6ca2314fe2bac96a4a,26e6b1675e081a514f4fdc0352d6cb211ba6d9c8,0.4929468035697937
2245,64ddfb947878347a30610b6ca2314fe2bac96a4a,67f5f4cd77c63f6c196f5ced2047ae80145d49cb,0.34533852338790894
2246,64ddfb947878347a30610b6ca2314fe2bac96a4a,e004b2420d872a33aa3bae8e570d33e5e66e2cac,0.296108603477478
2247,64ddfb947878347a30610b6ca2314fe2bac96a4a,858997daac40de2e42b4b9b5c06943749a93aaaf,0.18562744557857513
2248,64ddfb947878347a30610b6ca2314fe2bac96a4a,3bf22713709f58c8a64dd56a69257ceae8532013,0.1617308259010315
2249,64ddfb947878347a30610b6ca2314fe2bac96a4a,e739f103622722c55ecb40151ffc93b88d27b09a,0.13603615760803223
2250,64ddfb947878347a30610b6ca2314fe2bac96a4a,3fa284afe4d429c0805d95a4bd9564a7be0c8de3,0.1410306990146637
2251,64ddfb947878347a30610b6ca2314fe2bac96a4a,89de521e6a64430a31844dd7a9f2f3f8794a0c1d,0.12281192094087601
2252,64ddfb947878347a30610b6ca2314fe2bac96a4a,a4fe464f6b41f844b4fc63a62c5787fccc942cef,0.08137146383523941
2253,64ddfb947878347a30610b6ca2314fe2bac96a4a,5cf1659a7cdeb988ff2e5b57fe9eb5bb7e1a1fbd,0.10238518565893173
2254,64ddfb947878347a30610b6ca2314fe2bac96a4a,2189a35642e8b034f1396403e9890ec30db6db13,0.08868919312953949
2255,64ddfb947878347a30610b6ca2314fe2bac96a4a,88486f10d3bb059725e57391f3e10e0eb851463f,0.07334163784980774
2256,64ddfb947878347a30610b6ca2314fe2bac96a4a,c316c705a2bede33d396447119639eb99faf96c7,0.08475849032402039
2257,64ddfb947878347a30610b6ca2314fe2bac96a4a,b0632c9966294279e03d8cda8c6daa86217f2a1a,0.09653457999229431
2258,64ddfb947878347a30610b6ca2314fe2bac96a4a,cb6a74d15e51fba7835edf4a95ec0ec37f7740b0,0.08066339790821075
2259,64ddfb947878347a30610b6ca2314fe2bac96a4a,a7a43698ce882e74eee010e3927f6215f4ce8f0b,0.03908071294426918
2260,64ddfb947878347a30610b6ca2314fe2bac96a4a,69d685d0cf85dfe70d87c1548b03961366e83663,0.07061530649662018
2261,64ddfb947878347a30610b6ca2314fe2bac96a4a,6b8af92448180d28997499900ebfe33a473cddb7,0.017512325197458267
2262,64ddfb947878347a30610b6ca2314fe2bac96a4a,0f699e2c27f6fffb0c84abb6756fda0ca26db113,0.010350830852985382
2263,64ddfb947878347a30610b6ca2314fe2bac96a4a,51c88134a668cdfaccda2fe5f88919ac122bceda,0.011929094791412354
2264,64ddfb947878347a30610b6ca2314fe2bac96a4a,d96d3ba21785887805b9441e0cc167b0f22ca28c,-0.03597794473171234
2265,64ddfb947878347a30610b6ca2314fe2bac96a4a,b93926b0ad28f8fa71cde3a2734d5c84ee5a0fee,0.00045455247163772583
2266,64ddfb947878347a30610b6ca2314fe2bac96a4a,556803fa8049de309f421a6b6ef27f0cf1cf8c58,-0.05681097134947777
2267,64ddfb947878347a30610b6ca2314fe2bac96a4a,9cd3ba0489f2e7bd95216236d1331208f15923c8,-0.03616790100932121
2268,64ddfb947878347a30610b6ca2314fe2bac96a4a,9d767943a911949158463a4c217d36372ffce9db,-0.02837664633989334
2269,64ddfb947878347a30610b6ca2314fe2bac96a4a,97cb3258a85a447a61e3812846f7a6e72ff3c1e1,-0.06078258156776428
2270,64ddfb947878347a30610b6ca2314fe2bac96a4a,a6eeab584f3554f3f1c9a5d4e1c062eaf588bcba,-0.0833982527256012
2271,64ddfb947878347a30610b6ca2314fe2bac96a4a,e21f23f56c95fce3c2c22f7037ea74208b68bd20,-0.10779676586389542
2272,9767665504e617d6efbf4630046a377a1383a2bd,26dd163ee6a0e75659a7f1485d1d442852d74436,0.45187556743621826
2273,9767665504e617d6efbf4630046a377a1383a2bd,ac4b1536d8e1dd45c7816dd446e7dd890ba00067,0.4195277690887451
2274,9767665504e617d6efbf4630046a377a1383a2bd,175059c67687eefbdb7ea12e38a515db77086af0,0.20336437225341797
2275,9767665504e617d6efbf4630046a377a1383a2bd,fb26a77fb3532da237ef9c372af8e9c46dc4b16c,0.21108633279800415
2276,9767665504e617d6efbf4630046a377a1383a2bd,200c10cbb2eaf70727af4751f0d8e0a5a6661e07,0.18276524543762207
2277,9767665504e617d6efbf4630046a377a1383a2bd,88af62beb2ef314e6d50c750e6ff0a3551fb9f26,0.14330464601516724
2278,9767665504e617d6efbf4630046a377a1383a2bd,b5e3beb791cc17cdaf131d5cca6ceb796226d832,0.11486417055130005
2279,9767665504e617d6efbf4630046a377a1383a2bd,8124e1c470957979625142b876acad033bdbe69f,0.08740901201963425
2280,9767665504e617d6efbf4630046a377a1383a2bd,81c920b0892b7636c127be90ec3775ae4ef8143c,0.142709881067276
2281,9767665504e617d6efbf4630046a377a1383a2bd,16edc3faf625fd437aaca1527e8821d979354fba,0.10432188957929611
2282,9767665504e617d6efbf4630046a377a1383a2bd,66626e65418d696ed913ce3fa75604fb2946a2a1,0.11060503125190735
2283,9767665504e617d6efbf4630046a377a1383a2bd,61060bea27a3410260988540b627ccc5ba131822,0.09680280089378357
2284,9767665504e617d6efbf4630046a377a1383a2bd,03563044af9cb9c84b14e34516c8135fa5165c25,0.07625894993543625
2285,9767665504e617d6efbf4630046a377a1383a2bd,65f797e97cca7463d3889e2f2f9de4c0f8121742,0.019537048414349556
2286,9767665504e617d6efbf4630046a377a1383a2bd,12b8cf6ab20d0b66f975794767ead30e9f11fc49,0.0790449008345604
2287,9767665504e617d6efbf4630046a377a1383a2bd,286381f03a2e30a942f29b8ed649c63e5b668e63,0.06874193996191025
2288,9767665504e617d6efbf4630046a377a1383a2bd,06c75fd841ea83440a9496ecf6d8e3d6341f655a,0.04582180082798004
2289,9767665504e617d6efbf4630046a377a1383a2bd,40e927fdee7517fb7513d03735754af80fb9c7b0,0.08085208386182785
2290,9767665504e617d6efbf4630046a377a1383a2bd,289f1a3a127d0bc22b2abf4b897a03d934aec51b,0.0016163012478500605
2291,9767665504e617d6efbf4630046a377a1383a2bd,e11edb4201007530c3692814a155b22f78a0d659,0.06574805080890656
2292,9767665504e617d6efbf4630046a377a1383a2bd,9151541a84d25e31a1101e82a4b345639223bbd8,0.03921174630522728
2293,9767665504e617d6efbf4630046a377a1383a2bd,397fd411c58b25d04dd6a4c1896e86a78ae51004,-0.040193475782871246
2294,9767665504e617d6efbf4630046a377a1383a2bd,25387000175f1622ddc4b485a91c9fa12bd253a3,0.008284509181976318
2295,9767665504e617d6efbf4630046a377a1383a2bd,9d5d3fa5bc48de89c398042236b85566f433eb5c,-0.014408208429813385
2296,9767665504e617d6efbf4630046a377a1383a2bd,79a928769af7c9b1e2dba81a1eb0247ed34faf55,0.05083289369940758
2297,9767665504e617d6efbf4630046a377a1383a2bd,dedf3eea39a97d606217462638f38adabc7321d1,-0.019427429884672165
2298,9767665504e617d6efbf4630046a377a1383a2bd,79acd526a54ea8508bc80f64f5f4d7ac44f1f53b,-0.0011474285274744034
2299,9767665504e617d6efbf4630046a377a1383a2bd,ac8c2e1fa35e797824958ced835257cd49e1be9c,0.04409194737672806
2300,9767665504e617d6efbf4630046a377a1383a2bd,7f3e1903023fae5ca343db2546d3eebd2b89c827,-0.04294811934232712
2301,9767665504e617d6efbf4630046a377a1383a2bd,b9c4f8f76680070a9d3a41284320bdd9561a6204,-0.08787407726049423
2302,6c42c5d99cd594da9fd18c5fdb67e015455dde6e,0c9ba3329d6ec82ae581cde268614abd0313fdeb,0.735055685043335
2303,6c42c5d99cd594da9fd18c5fdb67e015455dde6e,0638d1f7d37f6bda49f6ec951de37aca0e53b98a,0.767690896987915
2304,6c42c5d99cd594da9fd18c5fdb67e015455dde6e,abe0bd94e134c7ac0b1c78922ed17cf3bec08d5e,0.7295360565185547
2305,6c42c5d99cd594da9fd18c5fdb67e015455dde6e,22ca497e24466737981f9ca1690d6c712b7e1276,0.7005554437637329
2306,6c42c5d99cd594da9fd18c5fdb67e015455dde6e,3913d2e0a51657a5fe11305b1bcc8bf3624471c0,0.37631136178970337
2307,6c42c5d99cd594da9fd18c5fdb67e015455dde6e,3735317a7435296a01ff4b7571d6b08fca98b298,0.3547685444355011
2308,6c42c5d99cd594da9fd18c5fdb67e015455dde6e,dd5b30cbb7c07cbc9643f9dfe124c344b26a03bd,0.28092050552368164
2309,6c42c5d99cd594da9fd18c5fdb67e015455dde6e,ac3306493b0b314b5e355bbc1ac44289bcaf1acd,0.39416250586509705
2310,6c42c5d99cd594da9fd18c5fdb67e015455dde6e,5c8bb027eb65b6d250a22e9b6db22853a552ac81,0.46461808681488037
2311,6c42c5d99cd594da9fd18c5fdb67e015455dde6e,041f167030571f5f156c8407bab2eab3006842e0,0.1655654013156891
2312,6c42c5d99cd594da9fd18c5fdb67e015455dde6e,db9bbebbe0c4dab997583b2a3de2bca6b2217af9,0.20298001170158386
2313,6c42c5d99cd594da9fd18c5fdb67e015455dde6e,64a1e4d18c2fab4904f85b3ee1a9af4263dae348,0.17990469932556152
2314,6c42c5d99cd594da9fd18c5fdb67e015455dde6e,1028b3f1808b5bcc72b018d157db952bb8282205,0.11017376184463501
2315,6c42c5d99cd594da9fd18c5fdb67e015455dde6e,4b0e6f6c63ba66b21ad92e8b14139a8b59e9877e,0.1265731304883957
2316,6c42c5d99cd594da9fd18c5fdb67e015455dde6e,bb3f4ad0d4392689fa1a7e4696579173c443dc58,0.1721174418926239
2317,6c42c5d99cd594da9fd18c5fdb67e015455dde6e,0e27539f23b8ebb0179fcecfeb11167d3f38eeaf,0.0837746188044548
2318,6c42c5d99cd594da9fd18c5fdb67e015455dde6e,3cc515487ff15e7ce57840f87243e7c0748f5d89,0.029811495915055275
2319,6c42c5d99cd594da9fd18c5fdb67e015455dde6e,1605b94e1c2d8a019674c9ee05d88893c7038b27,0.04494336619973183
2320,6c42c5d99cd594da9fd18c5fdb67e015455dde6e,2152e1fda8b19f5480ca094cb08f1ebac1f5ff9b,0.05024055391550064
2321,6c42c5d99cd594da9fd18c5fdb67e015455dde6e,1045aca116f8830e364147de75285e86f9a24474,0.042527101933956146
2322,6c42c5d99cd594da9fd18c5fdb67e015455dde6e,1284e72c31b94a6a1936430a9aaeb84edbc445ed,0.019928043708205223
2323,6c42c5d99cd594da9fd18c5fdb67e015455dde6e,7c331f755de54f5d37d699b6192ca2f2468c8d9b,0.057468101382255554
2324,6c42c5d99cd594da9fd18c5fdb67e015455dde6e,6182186784d792ed09c4129924a46f9e88869407,0.00036928802728652954
2325,6c42c5d99cd594da9fd18c5fdb67e015455dde6e,3bf64462fc3558ab7e9329d084a1af4cf0c87ebf,-0.008128363639116287
2326,6c42c5d99cd594da9fd18c5fdb67e015455dde6e,931bf857a5d9dbf13ff8da107f5d3075d63a925d,-0.016962390393018723
2327,6c42c5d99cd594da9fd18c5fdb67e015455dde6e,6dc4be33a07c277ee68d42c151b4ee866108281f,-0.025711582973599434
2328,6c42c5d99cd594da9fd18c5fdb67e015455dde6e,4a2d7bf9937793a648a43c93029353ade10e64da,0.0019386298954486847
2329,6c42c5d99cd594da9fd18c5fdb67e015455dde6e,f924aae98bc6d0119035712d3a37f388975a55a3,-0.06010892242193222
2330,6c42c5d99cd594da9fd18c5fdb67e015455dde6e,68914d04bf225449408d86536fcbae7f285a0f63,-0.042471595108509064
2331,6c42c5d99cd594da9fd18c5fdb67e015455dde6e,f44a610e28e174f48220cac09579a3aa337e672a,-0.09497401863336563
2332,92a0cf2085013da3fe1fea2090d1bbabcabbf5be,aea427bcea46c83021e62f4fb10178557510ca5d,0.560950756072998
2333,92a0cf2085013da3fe1fea2090d1bbabcabbf5be,cfdef0cd7ec53868c600005ec74a4a34f063a004,0.581254243850708
2334,92a0cf2085013da3fe1fea2090d1bbabcabbf5be,17f5c7411eeeeedf25b0db99a9130aa353aee4ba,0.576261043548584
2335,92a0cf2085013da3fe1fea2090d1bbabcabbf5be,20690b7465e6fef5337f0c9be0a302d33b3c9b3a,0.5138941407203674
2336,92a0cf2085013da3fe1fea2090d1bbabcabbf5be,04ee77ef1143af8b19f71c63b8c5b077c5387855,0.38507112860679626
2337,92a0cf2085013da3fe1fea2090d1bbabcabbf5be,82c98cb965f50600788c2f5b690dd5616fe27668,0.24142315983772278
2338,92a0cf2085013da3fe1fea2090d1bbabcabbf5be,36fb553aa996885017afe3489a8377eceddc08ee,0.2574479579925537
2339,92a0cf2085013da3fe1fea2090d1bbabcabbf5be,da5075fa79da6cd7b81e5d3dc24161217ef86368,0.18791267275810242
2340,92a0cf2085013da3fe1fea2090d1bbabcabbf5be,35e846afa7e247ed7ff5acc2448d4e766d9183dc,0.12690308690071106
2341,92a0cf2085013da3fe1fea2090d1bbabcabbf5be,e6b803d9846bcfacc6c62572faa47655768b85e1,0.09409444034099579
2342,92a0cf2085013da3fe1fea2090d1bbabcabbf5be,88d6f9d4e9461081652a3b6f31560d4350b1c1d1,0.12012225389480591
2343,92a0cf2085013da3fe1fea2090d1bbabcabbf5be,7fe75f121d52d7b6bde5174b03249746c05f633d,0.0809813141822815
2344,92a0cf2085013da3fe1fea2090d1bbabcabbf5be,0c50772e92971458402205097a67a2fd015575fd,0.11865867674350739
2345,92a0cf2085013da3fe1fea2090d1bbabcabbf5be,e49827e5d65953835f2b7c48bdcb0d07e2d801f5,0.1336566060781479
2346,92a0cf2085013da3fe1fea2090d1bbabcabbf5be,8ffe02f01a7a471b5753049762999745bb2a0c65,0.10704585909843445
2347,92a0cf2085013da3fe1fea2090d1bbabcabbf5be,0dbb09d840e91c4054005af999b8c94d6bc987ed,0.08660902082920074
2348,92a0cf2085013da3fe1fea2090d1bbabcabbf5be,2ac6fa8687e186ae65e0775db8d594660ebe8612,0.06117451936006546
2349,92a0cf2085013da3fe1fea2090d1bbabcabbf5be,7a8c9d4c6fd88b305d7d99105d2ec0f52bc476ab,0.05119940638542175
2350,92a0cf2085013da3fe1fea2090d1bbabcabbf5be,bc7e8f56ce46bcef13f07840185461a0d5171bca,0.06063712015748024
2351,92a0cf2085013da3fe1fea2090d1bbabcabbf5be,058f6752d85a517aae298586fdf117acdd7560ea,0.01825907826423645
2352,92a0cf2085013da3fe1fea2090d1bbabcabbf5be,19d56eebdac34f0848e00c8fce6ee96ba8dad362,0.04156561940908432
2353,92a0cf2085013da3fe1fea2090d1bbabcabbf5be,c73bc56353b6194c8604035847a434624a2a18fd,-0.009543344378471375
2354,92a0cf2085013da3fe1fea2090d1bbabcabbf5be,f70f153743dc9586ebc2a6ca9946863c775288cf,-0.014640327543020248
2355,92a0cf2085013da3fe1fea2090d1bbabcabbf5be,e174cb593fb199ddc93d151c66710b6b3df91db4,-0.01650550402700901
2356,92a0cf2085013da3fe1fea2090d1bbabcabbf5be,02d1285ff1cdd96a3064d651ddcf4ae2a9b5b7f9,0.0032741744071245193
2357,92a0cf2085013da3fe1fea2090d1bbabcabbf5be,9d622784f3599d34ed5ede0140272006df341ebb,-0.021840250119566917
2358,92a0cf2085013da3fe1fea2090d1bbabcabbf5be,9c22a8108c96c39ea930a5123ac1f18b6f4bbc60,-0.05792872607707977
2359,92a0cf2085013da3fe1fea2090d1bbabcabbf5be,0e11777dce8074614a10a4d66d874a6fa9c38e82,-0.034101951867341995
2360,92a0cf2085013da3fe1fea2090d1bbabcabbf5be,7760b2869f83ff04e595a39a0070283d2ea31c29,-0.05567985028028488
2361,92a0cf2085013da3fe1fea2090d1bbabcabbf5be,f2ad525c6748bad505371dad125f5f86c5a17163,-0.09918415546417236
2362,1978c3122a0401f6c3309f1ffd2f5baaf55a46d7,6e7dadd63455c194e3472bb181aaf509f89b9166,0.42653390765190125
2363,1978c3122a0401f6c3309f1ffd2f5baaf55a46d7,a6de0d1389e897cb2c7266401a57e6f10beddcf8,0.331529438495636
2364,1978c3122a0401f6c3309f1ffd2f5baaf55a46d7,30f11d456739d8d83d8cbf240dea46a26bca6509,0.4482352137565613
2365,1978c3122a0401f6c3309f1ffd2f5baaf55a46d7,3f4cb985e14b975e2b588c8ebd0685ad1d895c23,0.35824286937713623
2366,1978c3122a0401f6c3309f1ffd2f5baaf55a46d7,a0117ec4cd582974d06159644d12f65862a8daa3,0.4081985354423523
2367,1978c3122a0401f6c3309f1ffd2f5baaf55a46d7,6032773345c73957f87178fd5d0556870299c4e1,0.3980623483657837
2368,1978c3122a0401f6c3309f1ffd2f5baaf55a46d7,573cd4046fd8b899a7753652cd0f4cf6e351c5ae,0.2599043846130371
2369,1978c3122a0401f6c3309f1ffd2f5baaf55a46d7,18ca2837d280a6b2250024b6b0e59345601064a7,0.27316832542419434
2370,1978c3122a0401f6c3309f1ffd2f5baaf55a46d7,940279fe8a2a6e9a2614b8cbe391e56c0fb5ceab,0.22098134458065033
2371,1978c3122a0401f6c3309f1ffd2f5baaf55a46d7,2ffc77e3a847bf5cc08a40cecb107368b494d4b7,0.17365223169326782
2372,1978c3122a0401f6c3309f1ffd2f5baaf55a46d7,2980fd9cc4f599bb93e0a5a11f4bab67364a4dde,0.23382453620433807
2373,1978c3122a0401f6c3309f1ffd2f5baaf55a46d7,0b05900471e6c7599028141836a742c25b84a671,0.20965692400932312
2374,1978c3122a0401f6c3309f1ffd2f5baaf55a46d7,dc2dcde8e068ba9a9073972cd406df873e9dfd93,0.08347837626934052
2375,1978c3122a0401f6c3309f1ffd2f5baaf55a46d7,afe45eea3e954805df2dac45b55726773d221f1b,0.1453762650489807
2376,1978c3122a0401f6c3309f1ffd2f5baaf55a46d7,597edc3174dc9f26badd67c4e81d0e8a58f9dbb3,0.15641683340072632
2377,1978c3122a0401f6c3309f1ffd2f5baaf55a46d7,40768956409dbafee1bb6c89a329bdf17e0efb0f,0.12713667750358582
2378,1978c3122a0401f6c3309f1ffd2f5baaf55a46d7,1a090df137014acab572aa5dc23449b270db64b4,0.3251057267189026
2379,1978c3122a0401f6c3309f1ffd2f5baaf55a46d7,e73b9e7dd4f948553e8de4a0d46c24508b7a00f9,0.10972782969474792
2380,1978c3122a0401f6c3309f1ffd2f5baaf55a46d7,2c92e8f93be31eb7d82f21b64e5b72fec735c169,0.09695089608430862
2381,1978c3122a0401f6c3309f1ffd2f5baaf55a46d7,4a92f809913c9e6d4f50b8ceaaf6bb7a5a43c8f7,0.06857609748840332
2382,1978c3122a0401f6c3309f1ffd2f5baaf55a46d7,274946a974bc2bbbfe89c7f6fd3751396f295625,0.06035064160823822
2383,1978c3122a0401f6c3309f1ffd2f5baaf55a46d7,592885ae6cd235f8c642c2ec8765a857b84fee66,0.07026049494743347
2384,1978c3122a0401f6c3309f1ffd2f5baaf55a46d7,db4bfae21d57a1583effad1b2952f78daece2454,0.05066284164786339
2385,1978c3122a0401f6c3309f1ffd2f5baaf55a46d7,211cd0a2ea0039b459fe3bbd06a2b34cddfb4cfe,0.010291931219398975
2386,1978c3122a0401f6c3309f1ffd2f5baaf55a46d7,cbb866b10674bf7461b768ec154d4b9478e32e82,0.016772013157606125
2387,1978c3122a0401f6c3309f1ffd2f5baaf55a46d7,c1792ff52189bdec1de609cb0d00d64a7d7f128f,-0.008520403876900673
2388,1978c3122a0401f6c3309f1ffd2f5baaf55a46d7,4ee7f38c36959f673937d0504120e829f5e719cd,-0.01593736559152603
2389,1978c3122a0401f6c3309f1ffd2f5baaf55a46d7,45a4fe01625c47f335e12d67602d3a02d713f095,-0.05208408832550049
2390,1978c3122a0401f6c3309f1ffd2f5baaf55a46d7,5c6caa27256bea3190bab5c9e3ffcba271806321,-0.03124384395778179
2391,1978c3122a0401f6c3309f1ffd2f5baaf55a46d7,4891676f862db6800afbfea4503835d957fe2458,-0.07548544555902481
2392,83718b398b9938b433e67376d1c95098a7f8812a,2d8d5c7d02a7a54b99f1dc2499593a9289888831,0.5850383043289185
2393,83718b398b9938b433e67376d1c95098a7f8812a,3bf22713709f58c8a64dd56a69257ceae8532013,0.5052628517150879
2394,83718b398b9938b433e67376d1c95098a7f8812a,154898f34460e95aef932bec5615bbd995824cad,0.47416752576828003
2395,83718b398b9938b433e67376d1c95098a7f8812a,63623c63ffddd08d266d884680d3493e8b7705f1,0.43883734941482544
2396,83718b398b9938b433e67376d1c95098a7f8812a,625c0f0ab987f72262c1dbc2d0b6483c81ec0da8,0.3099316954612732
2397,83718b398b9938b433e67376d1c95098a7f8812a,734e4341a2507c9b6039869aeb4c138bb86ade00,0.2711527943611145
2398,83718b398b9938b433e67376d1c95098a7f8812a,005b965c545ef1d67c462756b77d8ef7d812e944,0.16991348564624786
2399,83718b398b9938b433e67376d1c95098a7f8812a,8bd8b5ee7a38ae0a148d8afa1827f41aba5323cf,0.19701312482357025
2400,83718b398b9938b433e67376d1c95098a7f8812a,5d5385eadf98c38a1b943b1b07bc677d1910d69d,0.17748145759105682
2401,83718b398b9938b433e67376d1c95098a7f8812a,9435022a8d60669468cc58331d09ba0a1c593b7e,0.15715448558330536
2402,83718b398b9938b433e67376d1c95098a7f8812a,ba32db1ab445e123d3be8502f81d65b41a688fad,0.2177106887102127
2403,83718b398b9938b433e67376d1c95098a7f8812a,5b742b999160442216f0936aab36cdd3b2e4c6b2,0.11602012068033218
2404,83718b398b9938b433e67376d1c95098a7f8812a,f2ae900a87eee49169f9dc983e14f5979c5b260e,0.09541751444339752
2405,83718b398b9938b433e67376d1c95098a7f8812a,f5349e656cff0be73e7f8a9fa39c41637e523a7d,0.1361532062292099
2406,83718b398b9938b433e67376d1c95098a7f8812a,ad79a5d7b3faa86da38b459625e6727bc0c80f2a,0.03668251633644104
2407,83718b398b9938b433e67376d1c95098a7f8812a,7deb82243f6f070e58ed4c40a68d24c2aa07c45f,0.07470783591270447
2408,83718b398b9938b433e67376d1c95098a7f8812a,32b456688bf7c9cb8dced7348b981dc24d992f05,0.0430903322994709
2409,83718b398b9938b433e67376d1c95098a7f8812a,706a1740113018e8f5f9ded79a2e5a43ca8407d2,0.03875599801540375
2410,83718b398b9938b433e67376d1c95098a7f8812a,a6c41fd3888e884c0e20663c67bccb9efb802da4,0.015281829051673412
2411,83718b398b9938b433e67376d1c95098a7f8812a,345947186f190649c582204776071ac9a62e8d67,0.03451284021139145
2412,83718b398b9938b433e67376d1c95098a7f8812a,e2a389d1eff87ded82f528368ab64f2571fe563f,0.018803317099809647
2413,83718b398b9938b433e67376d1c95098a7f8812a,70e0660ff33b75b751f8635bb39f5b3299335fb7,0.020866714417934418
2414,83718b398b9938b433e67376d1c95098a7f8812a,59cc3b7cd89a74c26e359ad7063ef4ad940e1124,0.028134042397141457
2415,83718b398b9938b433e67376d1c95098a7f8812a,e63a1fafb12fb7cef9daa4535fee0e9136f0c47d,0.0015238411724567413
2416,83718b398b9938b433e67376d1c95098a7f8812a,36298c797f8f6e55c8b685b9768e30758704a81b,-0.06153782457113266
2417,83718b398b9938b433e67376d1c95098a7f8812a,c129ee744165be49aaf2a6914a623870c474b7bb,-0.05211910605430603
2418,83718b398b9938b433e67376d1c95098a7f8812a,6f20f796bcdc63bdba431e734ec31f02e66f97cc,-0.06721214950084686
2419,83718b398b9938b433e67376d1c95098a7f8812a,98ebbb7ff06d45bc6f8bed1ed24351f510b74a22,-0.03002810664474964
2420,83718b398b9938b433e67376d1c95098a7f8812a,89411367a191c96bc778fa6ba2bfd5eeea4638b6,-0.11974820494651794
2421,83718b398b9938b433e67376d1c95098a7f8812a,f8c3bc760a29b3c3a78d1b051601af7d7150cd26,-0.10358791053295135
2422,29b28c7699a63c02bb3e3c0aaaeb4de6811383b4,5e23ba80d737e3f5aacccd9e32fc3de4887accec,0.4936928451061249
2423,29b28c7699a63c02bb3e3c0aaaeb4de6811383b4,9cd71e490ea9113750a2512a0596c35a261c79dc,0.4981817305088043
2424,29b28c7699a63c02bb3e3c0aaaeb4de6811383b4,17458e303096cb883d33c29a1f9dd646b8c319be,0.3870106339454651
2425,29b28c7699a63c02bb3e3c0aaaeb4de6811383b4,01f187c3f0390123e70e01f824101bf771e76b8f,0.44653624296188354
2426,29b28c7699a63c02bb3e3c0aaaeb4de6811383b4,6521560a99dd3c4abeec8ad9634e949d5a0e77cd,0.28723394870758057
2427,29b28c7699a63c02bb3e3c0aaaeb4de6811383b4,f87fd4e849775c8b1b1caa8432ca80f09c383923,0.2391960322856903
2428,29b28c7699a63c02bb3e3c0aaaeb4de6811383b4,40bc7c8ff3d188cff3b234191d73098ec3dbb1d1,0.19328413903713226
2429,29b28c7699a63c02bb3e3c0aaaeb4de6811383b4,75737d3b6cc483edb9f55c452e661c89ae2ffa60,0.1802418828010559
2430,29b28c7699a63c02bb3e3c0aaaeb4de6811383b4,d1e8250f3306613d39f2fed435a44b0abb4a0936,0.13983643054962158
2431,29b28c7699a63c02bb3e3c0aaaeb4de6811383b4,3611b5f7e169f24a9f9c0915ab21a7cc40009ea9,0.13808640837669373
2432,29b28c7699a63c02bb3e3c0aaaeb4de6811383b4,a84627299366e60f3fa157ed7cfcf02d52b9e21b,0.10484868288040161
2433,29b28c7699a63c02bb3e3c0aaaeb4de6811383b4,4cab37444a947e9f592b0d10a01b61b788808ad1,0.13284215331077576
2434,29b28c7699a63c02bb3e3c0aaaeb4de6811383b4,b510de361f440c2b3234077d7ad78deb4fefa27a,0.0912143737077713
2435,29b28c7699a63c02bb3e3c0aaaeb4de6811383b4,c7aa8436c6c9536d53f2fcd24e79795ce8c6ea12,0.08527098596096039
2436,29b28c7699a63c02bb3e3c0aaaeb4de6811383b4,6162ab446003a91fc5d53c3b82739631c2e66d0f,0.08921287208795547
2437,29b28c7699a63c02bb3e3c0aaaeb4de6811383b4,84ae50626d5315fe5b8bf93548fda4c3a152d885,0.08758842945098877
2438,29b28c7699a63c02bb3e3c0aaaeb4de6811383b4,f3917c8fa5eecb67318bd43c37260560fae531a6,0.010442981496453285
2439,29b28c7699a63c02bb3e3c0aaaeb4de6811383b4,0e7122bd7137fd166b278e34db3422d3174aedc7,-0.0027497857809066772
2440,29b28c7699a63c02bb3e3c0aaaeb4de6811383b4,463227cf41949ab09747fa890e3b05b375fc0b5b,-0.006217397749423981
2441,29b28c7699a63c02bb3e3c0aaaeb4de6811383b4,131b3fa7f7c1f35fb81e2860523650750d6ff10e,0.027414841577410698
2442,29b28c7699a63c02bb3e3c0aaaeb4de6811383b4,e0f73e991514450bb0f14f799878d84adc8601f9,-0.0004496965557336807
2443,29b28c7699a63c02bb3e3c0aaaeb4de6811383b4,4f28c74c0db152862f9c35a0e16bba88e620f7c7,-0.026468344032764435
2444,29b28c7699a63c02bb3e3c0aaaeb4de6811383b4,b1b99af0353c836ac44cc68c43e3918b0b12c5a2,-0.07117433845996857
2445,29b28c7699a63c02bb3e3c0aaaeb4de6811383b4,0302dd22168fb3c22a57a6d5d05ba94ace0c20cf,0.0026851780712604523
2446,29b28c7699a63c02bb3e3c0aaaeb4de6811383b4,9d3836aaf0c74efd5ec9aa3eda16989026ac9030,-0.024976631626486778
2447,29b28c7699a63c02bb3e3c0aaaeb4de6811383b4,453eab87d80e27eedddbf223303a947144655b27,-0.06777244061231613
2448,29b28c7699a63c02bb3e3c0aaaeb4de6811383b4,b20001fb32dc5068afdd212c7a19c80a9d50eb3d,-0.06238076835870743
2449,29b28c7699a63c02bb3e3c0aaaeb4de6811383b4,5b43b58ae00d6746ccca82c16ca39ca34973c167,-0.07018043100833893
2450,29b28c7699a63c02bb3e3c0aaaeb4de6811383b4,022a98d6cfcb29b803ceb47297a26e673af20434,-0.11961571872234344
2451,5157dde17a69f12c51186ffc20a0a6c6847f1a29,db5aa767a0e8ceb09e7202f708e15a37bbc7ca01,0.5361549854278564
2452,5157dde17a69f12c51186ffc20a0a6c6847f1a29,21940188396e1ab4f47db30cf6fd289eee2a930a,0.20602363348007202
2453,5157dde17a69f12c51186ffc20a0a6c6847f1a29,0e3fcfe63b7b6620e3c47e9751fe3456e85cc52f,0.23552486300468445
2454,5157dde17a69f12c51186ffc20a0a6c6847f1a29,f1e2d4d8c7ca6e2b2a25f935501031a4ce3e9912,0.19423815608024597
2455,5157dde17a69f12c51186ffc20a0a6c6847f1a29,2dd2c7602d7f4a0b78494ac23ee1e28ff489be88,0.20240473747253418
2456,5157dde17a69f12c51186ffc20a0a6c6847f1a29,76e91f0c6936b654e0b53afa91e7d455570d4e9d,0.21402163803577423
2457,5157dde17a69f12c51186ffc20a0a6c6847f1a29,034b2b97e6b23061f6f71a5e19c1b03bf4c19ec8,0.24897876381874084
2458,5157dde17a69f12c51186ffc20a0a6c6847f1a29,cbdc32f6bc16cc8271dbba13cc7d6338b2be3d38,0.11730197072029114
2459,5157dde17a69f12c51186ffc20a0a6c6847f1a29,f84070f5ecd2d9be81e09e5a3699a525382309e3,0.22531092166900635
2460,5157dde17a69f12c51186ffc20a0a6c6847f1a29,9133753f7f1c5bddc85e5435478b10f04ae37ac3,0.15137529373168945
2461,5157dde17a69f12c51186ffc20a0a6c6847f1a29,97aa698a422d037ed322ef093371d424244cb131,0.0903332307934761
2462,5157dde17a69f12c51186ffc20a0a6c6847f1a29,614a793cb5d8d05fd259bf2832d76018fb31cb35,0.12975111603736877
2463,5157dde17a69f12c51186ffc20a0a6c6847f1a29,e9302c3fee03abb5dd6e134118207272c1dcf303,0.12453819811344147
2464,5157dde17a69f12c51186ffc20a0a6c6847f1a29,224a55fddd0646269cb12678843ff3d84f38c108,0.06535723060369492
2465,5157dde17a69f12c51186ffc20a0a6c6847f1a29,20f2f3775df4c2f93188311d8d66d6dd8a308c43,0.10779725015163422
2466,5157dde17a69f12c51186ffc20a0a6c6847f1a29,6d96f946aaabc734af7fe3fc4454cf8547fcd5ed,0.2352057546377182
2467,5157dde17a69f12c51186ffc20a0a6c6847f1a29,838a8c607a993b2448636e2a89262eb3490dbdb4,0.1342492401599884
2468,5157dde17a69f12c51186ffc20a0a6c6847f1a29,635268baf38ac5058e0886b8b235e3f98c9f93c1,0.10569654405117035
2469,5157dde17a69f12c51186ffc20a0a6c6847f1a29,0848827ba30956e29d7d126d0a05e51660094ebe,0.04815094918012619
2470,5157dde17a69f12c51186ffc20a0a6c6847f1a29,dbc82e5b8b17faec972e1d09c34ec9f9cd1a33ea,0.056552402675151825
2471,5157dde17a69f12c51186ffc20a0a6c6847f1a29,d48a5454562adfdef47f3ec2e6fdef3ddaf317cb,0.04612576961517334
2472,5157dde17a69f12c51186ffc20a0a6c6847f1a29,1c26786513a0844c3a547118167452bed17abf5d,0.05113901570439339
2473,5157dde17a69f12c51186ffc20a0a6c6847f1a29,2e3fc086ff84d6589dc91200fbfa86903a2d3b76,0.022386640310287476
2474,5157dde17a69f12c51186ffc20a0a6c6847f1a29,886bc30c4709535031a36b390bf5ad8dbca2a916,-0.014780178666114807
2475,5157dde17a69f12c51186ffc20a0a6c6847f1a29,9652745bcecd6f50fb2b8319862bfbf0ea4c0d7a,0.04572341963648796
2476,5157dde17a69f12c51186ffc20a0a6c6847f1a29,7dee8be2a8eccb892253a94d2fcaa0aa9971cc54,-0.029181011021137238
2477,5157dde17a69f12c51186ffc20a0a6c6847f1a29,75f52663f803d5253690442dcd4f9995009af601,-0.05988816171884537
2478,5157dde17a69f12c51186ffc20a0a6c6847f1a29,e070de33e302b7e8270c3ef12ff5a47f5f700194,-0.06889693439006805
2479,5157dde17a69f12c51186ffc20a0a6c6847f1a29,451f72230e607cb59d60f996299c578623a19294,-0.050522614270448685
2480,5157dde17a69f12c51186ffc20a0a6c6847f1a29,289daa2781140eb67e4e7edd548213569c5235c7,-0.08913275599479675
2481,68da903b2237cd500b98f152dd851189cad1b344,c7cd25ee91ee78be8617fbf24ba5535f6b458483,0.6448308229446411
2482,68da903b2237cd500b98f152dd851189cad1b344,5ffcc447c7003b7e7199e18cb0f817821dd2e007,0.37173447012901306
2483,68da903b2237cd500b98f152dd851189cad1b344,105f3fd2054cb63223d9ffbda7b6bd5915c6be6b,0.3179798126220703
2484,68da903b2237cd500b98f152dd851189cad1b344,069c40a8ca5305c9a0734c1f6134eb19a678f4ab,0.2947031855583191
2485,68da903b2237cd500b98f152dd851189cad1b344,12a376e621d690f3e94bce14cd03c2798a626a38,0.32695335149765015
2486,68da903b2237cd500b98f152dd851189cad1b344,29df23cce28f3444cd9cc7d1b7033aec68bc3aed,0.24697840213775635
2487,68da903b2237cd500b98f152dd851189cad1b344,99e536ca8c6c0aac024514348384ccc96b59fed8,0.3360980749130249
2488,68da903b2237cd500b98f152dd851189cad1b344,aa9ebbfa406aca691043ee822f00f358edcf3c3b,0.21820761263370514
2489,68da903b2237cd500b98f152dd851189cad1b344,be49dbac8e395dba3e8f918924ffe4a55dec34ca,0.22738008201122284
2490,68da903b2237cd500b98f152dd851189cad1b344,a73405038fdc0d8bf986539ef755a80ebd341e97,0.12452828139066696
2491,68da903b2237cd500b98f152dd851189cad1b344,6db5404ee214105caf7cefc0c327c47c3ae7f281,0.09540554881095886
2492,68da903b2237cd500b98f152dd851189cad1b344,8b4062e6e905ef805ec5b980e21711bda26c29d1,0.07229800522327423
2493,68da903b2237cd500b98f152dd851189cad1b344,ec8ec2dfd73cf3667f33595fef84c95c42125945,0.023119699209928513
2494,68da903b2237cd500b98f152dd851189cad1b344,23332a035751a2ba468f42501ce55753b6c07079,0.051214657723903656
2495,68da903b2237cd500b98f152dd851189cad1b344,cf226f71615d4f5e780e64f4cc7e370add110dfb,0.06605612486600876
2496,68da903b2237cd500b98f152dd851189cad1b344,7fcd60dd4feceb576f44d138c94a04644eeb5537,0.03834663704037666
2497,68da903b2237cd500b98f152dd851189cad1b344,ca38cc7ebc85034d3dcbc16f2329bd6c4ae010a1,0.058380454778671265
2498,68da903b2237cd500b98f152dd851189cad1b344,9ac8f58fcbe49202515ef915b7cec6083c4b6ef6,0.04327406361699104
2499,68da903b2237cd500b98f152dd851189cad1b344,eb2fd1475397b8cc28b4aaac59f71f9c7420f8b4,-0.0007910653948783875
2500,68da903b2237cd500b98f152dd851189cad1b344,fa27e993f88c12ef3cf5bbc6eb3b0b4f9de15e86,0.007363896816968918
2501,68da903b2237cd500b98f152dd851189cad1b344,e70bd45d7bbf165ccf30954a741cd95d1b67eabf,0.00868268683552742
2502,68da903b2237cd500b98f152dd851189cad1b344,dbcade6e8f05655e55e0f7b9a58088855814cab0,-0.030897870659828186
2503,68da903b2237cd500b98f152dd851189cad1b344,9975d7c94394c9c8af2453ba08432edea7d4c22a,-0.03214959800243378
2504,68da903b2237cd500b98f152dd851189cad1b344,bd2654a03572786c3f3e3f2cca155b6929737027,-0.027783550322055817
2505,68da903b2237cd500b98f152dd851189cad1b344,2c5dba592d9ade79f4a2f55d928d4fc9fc301cfb,-0.047223277390003204
2506,68da903b2237cd500b98f152dd851189cad1b344,a3348ee4cc93e68485df4d06e205e064f12c0239,0.026683198288083076
2507,68da903b2237cd500b98f152dd851189cad1b344,6aeb2602361cb5c080da868180176b99260c7a97,-0.039537958800792694
2508,68da903b2237cd500b98f152dd851189cad1b344,505b0f406a7ea4ec01d338977169ad965151d97a,-0.06642527133226395
2509,68da903b2237cd500b98f152dd851189cad1b344,3a838b4f69798c120e0217494357bc2178524414,-0.10436225682497025
2510,68da903b2237cd500b98f152dd851189cad1b344,ab4241a105268337fefeea6f3eb66c7b4b77cf09,-0.11070305854082108
2511,aaeb99920069fad63f5dbbf37f8c4ebe2b180e95,b10cb04fd45f968d29ce0bdc17c4d29d12e05b67,0.567254364490509
2512,aaeb99920069fad63f5dbbf37f8c4ebe2b180e95,487e6a85d55c3adbffcd3ce8032b150e90a25bf0,0.4627514183521271
2513,aaeb99920069fad63f5dbbf37f8c4ebe2b180e95,226242629f3d21b9e86afe76b1849048148351de,0.500078022480011
2514,aaeb99920069fad63f5dbbf37f8c4ebe2b180e95,0dada24bcee09e1f3d556ecf81f628ecaf4659d1,0.35104572772979736
2515,aaeb99920069fad63f5dbbf37f8c4ebe2b180e95,1f932f0d49a4c56d9718e8506d6177c6a6848831,0.31369972229003906
2516,aaeb99920069fad63f5dbbf37f8c4ebe2b180e95,38315f3ca2fa0b4c528492ae3eb482fb01a834a6,0.2224469780921936
2517,aaeb99920069fad63f5dbbf37f8c4ebe2b180e95,c644a1c742e8d4e092e700aa2f247dbd11cd5e81,0.18833684921264648
2518,aaeb99920069fad63f5dbbf37f8c4ebe2b180e95,1a380e0f2d3e760f0fcf618cd60fcea397ed5349,0.1493547409772873
2519,aaeb99920069fad63f5dbbf37f8c4ebe2b180e95,0f7f9f4aafede27d2575ee0d576ed77977f94e8d,0.14208275079727173
2520,aaeb99920069fad63f5dbbf37f8c4ebe2b180e95,490af69c14ae58a345feffc689cbfe71b76659de,0.12814530730247498
2521,aaeb99920069fad63f5dbbf37f8c4ebe2b180e95,d4964461e8b91534e210b33990aa92d65a687577,0.06794373691082001
2522,aaeb99920069fad63f5dbbf37f8c4ebe2b180e95,34d6ef27c8d335fb5f5e62d365817b02de516fd8,0.06143740564584732
2523,aaeb99920069fad63f5dbbf37f8c4ebe2b180e95,1be498d4bbc30c3bfd0029114c784bc2114d67c0,0.04338458180427551
2524,aaeb99920069fad63f5dbbf37f8c4ebe2b180e95,2e0aba5f061d5ac016e6a88072411571256c4a55,0.04975344240665436
2525,aaeb99920069fad63f5dbbf37f8c4ebe2b180e95,08847df8ea5b22c6a2d6d75352ef6270f53611de,0.03942277282476425
2526,aaeb99920069fad63f5dbbf37f8c4ebe2b180e95,81ad6906a9a78f4db4dbaad641ab0fc952a84532,0.02606714330613613
2527,aaeb99920069fad63f5dbbf37f8c4ebe2b180e95,4634b63d66b7cc54421553da23cd5f3737618c86,0.05107642710208893
2528,aaeb99920069fad63f5dbbf37f8c4ebe2b180e95,4d997d58ada764c91c2c230b72b74bc4c72dd83f,-0.01548556424677372
2529,aaeb99920069fad63f5dbbf37f8c4ebe2b180e95,8a0d229cfea897c43047290f3c2e30e229eb7343,0.031357284635305405
2530,aaeb99920069fad63f5dbbf37f8c4ebe2b180e95,dc4fe639012048e98eb14500e41b04275a43b192,0.0066908784210681915
2531,aaeb99920069fad63f5dbbf37f8c4ebe2b180e95,b7c2f779951041ca918ae580177b6ee1fd0a476c,0.006689207628369331
2532,aaeb99920069fad63f5dbbf37f8c4ebe2b180e95,d058dd4c309feb9c1bfb784afa791ff3a0420237,0.005702264606952667
2533,aaeb99920069fad63f5dbbf37f8c4ebe2b180e95,fa7737e295648d6fc5a1b2ad31a98a2341ffeb91,-0.06576792150735855
2534,aaeb99920069fad63f5dbbf37f8c4ebe2b180e95,4c5cc16b8f890faaa23be30f752fe2a8a935f87f,-0.05546452850103378
2535,aaeb99920069fad63f5dbbf37f8c4ebe2b180e95,f0af0029293dc8f242894f113baf15d68228ec4d,-0.024509303271770477
2536,aaeb99920069fad63f5dbbf37f8c4ebe2b180e95,30804753232e527f89919f5719f9d18918a15480,-0.05558363348245621
2537,aaeb99920069fad63f5dbbf37f8c4ebe2b180e95,9a46b85cd26a8d3b9b1c551e3cbd39a5c269ccb2,-0.07201618701219559
2538,aaeb99920069fad63f5dbbf37f8c4ebe2b180e95,7e084820c195b65e45e9138415f6cac7762f18dc,-0.08414728939533234
2539,aaeb99920069fad63f5dbbf37f8c4ebe2b180e95,1f1de030c6b150fbeafe9e06e4389b277e5f3b6a,-0.12593570351600647
2540,aaeb99920069fad63f5dbbf37f8c4ebe2b180e95,10a9abb4c78f0be5cc85847f248d3e8277b3c810,-0.11923625320196152
2541,51558e488a7a3c0d24eb71604ef7e110f4e5b09f,17f31b10caacbc0f636c78ddaaa3fbd4499c4c96,0.7494134306907654
2542,51558e488a7a3c0d24eb71604ef7e110f4e5b09f,1a02e6ce5f288c3c6a58d825a44e1cae69e35f97,0.7938316464424133
2543,51558e488a7a3c0d24eb71604ef7e110f4e5b09f,225395fd97c4c61b697ccfec911d498038e5d2ee,0.6243818998336792
2544,51558e488a7a3c0d24eb71604ef7e110f4e5b09f,ef8db0f78e035569e4085011fffcb8492f376a43,0.7200767993927002
2545,51558e488a7a3c0d24eb71604ef7e110f4e5b09f,1b0a4e2db47d4788b3792234e467f27a9c2bba4e,0.5534382462501526
2546,51558e488a7a3c0d24eb71604ef7e110f4e5b09f,6831bb247c853b433d7b2b9d47780dc8d84e4762,0.15744048357009888
2547,51558e488a7a3c0d24eb71604ef7e110f4e5b09f,5a014925a0ac9e329a77ed5101cc6949745f6344,0.12442014366388321
2548,51558e488a7a3c0d24eb71604ef7e110f4e5b09f,18a7ff041c4c716fa212632a3a165d45ecbdccb9,0.10500514507293701
2549,51558e488a7a3c0d24eb71604ef7e110f4e5b09f,4dc0a91cc4da1d15c525385bf880cd39aa3d2b71,0.0708935409784317
2550,51558e488a7a3c0d24eb71604ef7e110f4e5b09f,4f19a6383e509feef7b3a1cc8bd45dbb8af6669a,0.06665115058422089
2551,51558e488a7a3c0d24eb71604ef7e110f4e5b09f,ccf3cac7dbdaecfc7a60b5d34e2d5c7cf8843873,0.07864035665988922
2552,51558e488a7a3c0d24eb71604ef7e110f4e5b09f,47079f0718de686ee3ee5c3a4061fd5f01c2aeb2,0.06716376543045044
2553,51558e488a7a3c0d24eb71604ef7e110f4e5b09f,8196b0321d1699937a7444993731ab46aee8c9c8,0.05896914005279541
2554,51558e488a7a3c0d24eb71604ef7e110f4e5b09f,5535bece0fd5e2f0b3eb8b8e2bf07221f85b5cc7,0.05406097322702408
2555,51558e488a7a3c0d24eb71604ef7e110f4e5b09f,cf08bf7bcf3d3ec926d0cedf453e257e21cc398a,0.03969792276620865
2556,51558e488a7a3c0d24eb71604ef7e110f4e5b09f,3bd3cb377f6ba730ae502386dbcb244ca0bcc425,0.06100042536854744
2557,51558e488a7a3c0d24eb71604ef7e110f4e5b09f,0c0bc2dd31ef54f1a89f9bc49694f103249c6605,0.044981539249420166
2558,51558e488a7a3c0d24eb71604ef7e110f4e5b09f,d8de994a13bbebb8d95b14429c5d51798e5187e3,0.03966887295246124
2559,51558e488a7a3c0d24eb71604ef7e110f4e5b09f,c62277e01c6dda0c195f494a424959368a077d60,0.030973132699728012
2560,51558e488a7a3c0d24eb71604ef7e110f4e5b09f,2964577b83daae60e582d357bd7c463c349f57f0,0.020874816924333572
2561,51558e488a7a3c0d24eb71604ef7e110f4e5b09f,167e5b3ff2c2f1fc46fd309957d157b09d047f70,-0.008579349145293236
2562,51558e488a7a3c0d24eb71604ef7e110f4e5b09f,8da15b6042d876e367333cda0e9ce2a15ebf3407,-0.002368457615375519
2563,51558e488a7a3c0d24eb71604ef7e110f4e5b09f,488257dcbc7bcb56836f10a410e69c2c283989e5,-0.035681214183568954
2564,51558e488a7a3c0d24eb71604ef7e110f4e5b09f,8f1fef0241a52edc455959bb00817c629770c7b1,-0.033574506640434265
2565,51558e488a7a3c0d24eb71604ef7e110f4e5b09f,718a9dd7a7e82e891f1fb53b9316897d8cde3794,-0.03346441686153412
2566,51558e488a7a3c0d24eb71604ef7e110f4e5b09f,ad57c05be3d20485d2d9db4e7f5322b1656ac999,-0.02431744709610939
2567,51558e488a7a3c0d24eb71604ef7e110f4e5b09f,dfd5dff7e5652d1472acf081908f1a35c3e7179e,-0.001640512142330408
2568,51558e488a7a3c0d24eb71604ef7e110f4e5b09f,8440f7d0811ada6c3f0a0025b27a8fc3e6675faa,-0.06866690516471863
2569,51558e488a7a3c0d24eb71604ef7e110f4e5b09f,51f885f8e84cd91a641bb10c51b363f62f29dc94,-0.11284273862838745
2570,51558e488a7a3c0d24eb71604ef7e110f4e5b09f,9ac28d20f15539cb3c73a0da8cdffc8fbdd54687,-0.113775834441185
2571,81b14341e3e063d819d032b6ce0bc0be0917c867,07186dd168d2a8add853cc9fdedf1376a77a7ac8,0.5406079292297363
2572,81b14341e3e063d819d032b6ce0bc0be0917c867,75d5a6112f7fd9b2953fb538be331fbea7414ab4,0.396858274936676
2573,81b14341e3e063d819d032b6ce0bc0be0917c867,1c0fb6b1bbfde0f9bab6268f5609cce2bd3bc5bd,0.5484287738800049
2574,81b14341e3e063d819d032b6ce0bc0be0917c867,3075a141f3df551c90155426fb944febd54db8b7,0.23063744604587555
2575,81b14341e3e063d819d032b6ce0bc0be0917c867,f69c83aab19183795af7612c3f224b5e116f242a,0.4879351854324341
2576,81b14341e3e063d819d032b6ce0bc0be0917c867,0fb1b0ce8b93abcfd30a4bb41d4d9b266b1c0f64,0.1722865253686905
2577,81b14341e3e063d819d032b6ce0bc0be0917c867,7c294aec0d2bd03b2838c7bb817dd7b029b1a945,0.12863312661647797
2578,81b14341e3e063d819d032b6ce0bc0be0917c867,c47dd7808e95a9291174302fc782cfc9fbc5c5fe,0.08407086879014969
2579,81b14341e3e063d819d032b6ce0bc0be0917c867,a2cad4e4fd946adf6cc87e483b2ba18579de1264,0.0580647848546505
2580,81b14341e3e063d819d032b6ce0bc0be0917c867,8cbace3d8c06a942f7a429fe8667f4df7f435837,0.055423833429813385
2581,81b14341e3e063d819d032b6ce0bc0be0917c867,37f27f051221833b9f166e0891a893fad925bf7c,0.07694490253925323
2582,81b14341e3e063d819d032b6ce0bc0be0917c867,dffa8baf8e5e203972ae7acdcf7eeb76e959e794,0.028390657156705856
2583,81b14341e3e063d819d032b6ce0bc0be0917c867,fc2c1a9e316fdde0c95a3df6f19d78d0e408fa93,0.04294033348560333
2584,81b14341e3e063d819d032b6ce0bc0be0917c867,3b889bd9c4f04b8419dcf408e3c1941b91c3a252,0.04338189959526062
2585,81b14341e3e063d819d032b6ce0bc0be0917c867,05a420a3a9fd71b391ef5e9dc03e466b80211e78,0.018541580066084862
2586,81b14341e3e063d819d032b6ce0bc0be0917c867,bbfc23a1a426a09a80628f055ec061d2960d3b28,0.06853412836790085
2587,81b14341e3e063d819d032b6ce0bc0be0917c867,5896b9299d100bdd10fee983fe365dc3bcf35a67,0.01339554600417614
2588,81b14341e3e063d819d032b6ce0bc0be0917c867,be3995a8ddd43d1bf5709667f356a39c6e0112a4,-0.007869528606534004
2589,81b14341e3e063d819d032b6ce0bc0be0917c867,3e001ba16eb634a68e2265fbd44c51900c313583,-0.03328888490796089
2590,81b14341e3e063d819d032b6ce0bc0be0917c867,4ce17d8b5235c8f774d243e944ab7277e0da635e,-0.03042636252939701
2591,81b14341e3e063d819d032b6ce0bc0be0917c867,513a3529a94939233989191c5a18d80fdf5dd2d7,-0.025893615558743477
2592,81b14341e3e063d819d032b6ce0bc0be0917c867,622c5da12c87ecc3ea8be91f79192b6e0ee559d2,0.009131805039942265
2593,81b14341e3e063d819d032b6ce0bc0be0917c867,ff9c7f708e7f735a97f20088a561369f079fb657,-0.027097616344690323
2594,81b14341e3e063d819d032b6ce0bc0be0917c867,883459a6879571bcace868f77b4b787718e64917,-0.062146928161382675
2595,81b14341e3e063d819d032b6ce0bc0be0917c867,f163d3971dd7abfe39bdd143a67910543ffdead2,-0.05331379547715187
2596,81b14341e3e063d819d032b6ce0bc0be0917c867,eabc4bd921a9566688fc94a50b9b2aece0d241c1,-0.07529966533184052
2597,81b14341e3e063d819d032b6ce0bc0be0917c867,ae812c869ffc63281673fbed33e86b11b5764189,-0.09596934169530869
2598,81b14341e3e063d819d032b6ce0bc0be0917c867,f2e41debdab3ecd764298e3029321892caf943f4,-0.11855186522006989
2599,81b14341e3e063d819d032b6ce0bc0be0917c867,a82585e8e76ddcb389c6751a6ab7533ade734f62,-0.12216401100158691
2600,81b14341e3e063d819d032b6ce0bc0be0917c867,38d1c08ed452247ca656fcf284ebd47d761ccefb,-0.14498621225357056
2601,8610bc0c41e075688504f5da11477d8b3628a2cf,36cd88ed2c17a596001e9c7d89533ac46c28dec0,0.38275113701820374
2602,8610bc0c41e075688504f5da11477d8b3628a2cf,469f5b07c8927438b79a081efacea82449b338f8,0.3524132966995239
2603,8610bc0c41e075688504f5da11477d8b3628a2cf,9a972b5919264016faf248b6e14ac51194ff45b2,0.346248060464859
2604,8610bc0c41e075688504f5da11477d8b3628a2cf,10d6b12fa07c7c8d6c8c3f42c7f1c061c131d4c5,0.3391757309436798
2605,8610bc0c41e075688504f5da11477d8b3628a2cf,a4803dd805a60c7c161eb7ed60e52ed9a425b65f,0.23434169590473175
2606,8610bc0c41e075688504f5da11477d8b3628a2cf,fb9339830e2d471e8b4c46caf465b39027c73164,0.16680437326431274
2607,8610bc0c41e075688504f5da11477d8b3628a2cf,5a4b1c95e098da013cbcd4149f177174765f4881,0.20861628651618958
2608,8610bc0c41e075688504f5da11477d8b3628a2cf,4a28c3f80d341f9de6a8f2030d70cf11d5f531f2,0.19437356293201447
2609,8610bc0c41e075688504f5da11477d8b3628a2cf,38b0877fa6ac3ebfbb29d74f761fea394ee190f3,0.1905277967453003
2610,8610bc0c41e075688504f5da11477d8b3628a2cf,4e3a22ed94c260b9143eee9fdf6d5d6e892ecd8f,0.43330496549606323
2611,8610bc0c41e075688504f5da11477d8b3628a2cf,601e0049eccf0d5e69c9d246b051f4c290d1e26b,0.12615527212619781
2612,8610bc0c41e075688504f5da11477d8b3628a2cf,3c6bf8d1a83e7c78dc5ff43e0b9e776753ec96ae,0.13251298666000366
2613,8610bc0c41e075688504f5da11477d8b3628a2cf,124a9d3fa4569b2ebda1ca8726166a635f31a36d,0.0747472494840622
2614,8610bc0c41e075688504f5da11477d8b3628a2cf,d2c25b7c43abe6ab9162a01d63ab3bde7572024b,0.10194192826747894
2615,8610bc0c41e075688504f5da11477d8b3628a2cf,ac3f8372b9d893dbdb7e4b9cd3df5ed825ffb548,0.06254749000072479
2616,8610bc0c41e075688504f5da11477d8b3628a2cf,9a423eb7c6f3b8082bfc99ce5811a10416a1daff,0.06317383050918579
2617,8610bc0c41e075688504f5da11477d8b3628a2cf,36203a748889758656f2f8bbdcd1c2cc236f410f,0.09243178367614746
2618,8610bc0c41e075688504f5da11477d8b3628a2cf,548aa59905693f84e95515c6134cd5352a97ca76,0.02581518515944481
2619,8610bc0c41e075688504f5da11477d8b3628a2cf,623dc089f4736e1ddeee35b50f0ae3f6efa15c78,0.08171410858631134
2620,8610bc0c41e075688504f5da11477d8b3628a2cf,904179d733b8ff792586631d50b3bd64f42d6b7d,0.04083806648850441
2621,8610bc0c41e075688504f5da11477d8b3628a2cf,f8c90c6549b97934da4fcdafe0012cea95cc443c,0.07539729028940201
2622,8610bc0c41e075688504f5da11477d8b3628a2cf,5c7efb061bd14cd8e41ed7314967b4e13347bbad,-0.005881841294467449
2623,8610bc0c41e075688504f5da11477d8b3628a2cf,e18fa8c8f402c483b2c3eaaa89192fe99e80abd5,-0.04149429500102997
2624,8610bc0c41e075688504f5da11477d8b3628a2cf,19bd90c739c93ebb5186f6718e0a70dc8f3b01af,0.011073358356952667
2625,8610bc0c41e075688504f5da11477d8b3628a2cf,8d99c0d149046b36a8f1691d9f14775de9927171,-0.004981961101293564
2626,8610bc0c41e075688504f5da11477d8b3628a2cf,9cd69fa7f185ab9be4b452dadd44cbce1e8fe579,-0.005853051319718361
2627,8610bc0c41e075688504f5da11477d8b3628a2cf,4e6cad4d8616c88856792688228a4c52cec9bace,-0.04336853325366974
2628,8610bc0c41e075688504f5da11477d8b3628a2cf,2d4204a473d03ca1cd87e894e3d5772ae0364052,-0.048133958131074905
2629,8610bc0c41e075688504f5da11477d8b3628a2cf,8e27d3a78ea387200405ec026619201dbd8bd5b3,-0.05126160383224487
2630,8610bc0c41e075688504f5da11477d8b3628a2cf,5d2548457d10e5e5072f28fc8b7a6f1638fdef14,-0.07249531149864197
2631,f69885248d17bac47cc3469715fbb93aa7a4aabe,c18a0618ada97eba7e72dd9d4ccfa7b838718ad3,0.6399293541908264
2632,f69885248d17bac47cc3469715fbb93aa7a4aabe,1319bf6218cbcd85ac7512991447ecd9d776577d,0.5587285757064819
2633,f69885248d17bac47cc3469715fbb93aa7a4aabe,494219f151071a752914c51024a307f0e22e9d2c,0.47080010175704956
2634,f69885248d17bac47cc3469715fbb93aa7a4aabe,c0b60d02b2d59123f6b336fe2e287bdb02a2a776,0.46484628319740295
2635,f69885248d17bac47cc3469715fbb93aa7a4aabe,11190a466d1085c09a11e52cc63f112280ddce74,0.5016133785247803
2636,f69885248d17bac47cc3469715fbb93aa7a4aabe,88a6dbdde3e895f9f226d573770e902df22c0a6f,0.29112398624420166
2637,f69885248d17bac47cc3469715fbb93aa7a4aabe,a3a9ac13f2022b98154eb864991e9e6d3d5b39d6,0.25680261850357056
2638,f69885248d17bac47cc3469715fbb93aa7a4aabe,a2700a5942208de1ab1966ee60bf38bf30bbbac5,0.1997796595096588
2639,f69885248d17bac47cc3469715fbb93aa7a4aabe,4f623e3821d14553b3b286e20910db9225fb723f,0.2128099501132965
2640,f69885248d17bac47cc3469715fbb93aa7a4aabe,7812d3528829cd26ab446ca208851db00129f294,0.1410927176475525
2641,f69885248d17bac47cc3469715fbb93aa7a4aabe,cfc4af4c0c96e39ed48584d61ee9ba5ebd2aa60a,0.16650724411010742
2642,f69885248d17bac47cc3469715fbb93aa7a4aabe,484d3f1db7c8f89d6cb5c11c2633a8cc316df009,0.1057426705956459
2643,f69885248d17bac47cc3469715fbb93aa7a4aabe,4a1b842dbb0f4b609d436ca82880cc64e96a546d,0.08851338922977448
2644,f69885248d17bac47cc3469715fbb93aa7a4aabe,0afc9ea9db2d9914b1763ae7b7ca05604de0eb05,0.11867155879735947
2645,f69885248d17bac47cc3469715fbb93aa7a4aabe,d171d1ed68ded30892576c4bfb9c155f7f5f7f48,0.11185373365879059
2646,f69885248d17bac47cc3469715fbb93aa7a4aabe,5eaaee68d0a4b01eeed884d00a58d8064c17ff4e,0.13228285312652588
2647,f69885248d17bac47cc3469715fbb93aa7a4aabe,24be6d5e698e32a72b709cb3eb50f9da0f616027,0.08982484042644501
2648,f69885248d17bac47cc3469715fbb93aa7a4aabe,02df3d50dbd1d15c38db62ff58a5601ebf815d59,0.12464755773544312
2649,f69885248d17bac47cc3469715fbb93aa7a4aabe,7b4df53307a142765b8a60feb0b558c3c4a31c7a,0.05028576776385307
2650,f69885248d17bac47cc3469715fbb93aa7a4aabe,ddf5d0dabf9d7463c306d2969307a9541d96ba66,0.055297669023275375
2651,f69885248d17bac47cc3469715fbb93aa7a4aabe,88a29a406054826fd8ad68b8c23231828d84f3fc,0.039261795580387115
2652,f69885248d17bac47cc3469715fbb93aa7a4aabe,d8a56e64bd74bf19d5a2ad6cdf8132c86eff3767,0.008695892989635468
2653,f69885248d17bac47cc3469715fbb93aa7a4aabe,8080f6bc92f788bd72b25919990d50e069ab96b8,0.029797807335853577
2654,f69885248d17bac47cc3469715fbb93aa7a4aabe,f5027eb3ad922bf6903b080329c02dff6b34ce20,-0.0018838699907064438
2655,f69885248d17bac47cc3469715fbb93aa7a4aabe,2d193bcd49dcc9a9cb67acf622d074d969e1057b,0.02894546650350094
2656,f69885248d17bac47cc3469715fbb93aa7a4aabe,eb7ba7940e2fda0dfd0f5989e3fd0b5291218450,0.01732596382498741
2657,f69885248d17bac47cc3469715fbb93aa7a4aabe,e25767429f6f0d934a972864b70c3f21cf50dac2,-0.07066529989242554
2658,f69885248d17bac47cc3469715fbb93aa7a4aabe,55d20eabc156f954d161c721af2e176f5991ed1d,-0.10495752096176147
2659,f69885248d17bac47cc3469715fbb93aa7a4aabe,e3ed44c657eb450a38538cd7433a7390ab5f0c46,-0.09724513441324234
2660,f69885248d17bac47cc3469715fbb93aa7a4aabe,95176f1ee03e9f460165abd90402e939b7f49fe1,-0.1195804625749588
2661,375dc2acc3f54cb0d386dbc2d969366e32d2839f,14d08c4ec2c56b93da13f7d121e64c52fbe2a341,0.6770480871200562
2662,375dc2acc3f54cb0d386dbc2d969366e32d2839f,5d3158674e1a0fedf69299a905151949fb8b01a5,0.6403772830963135
2663,375dc2acc3f54cb0d386dbc2d969366e32d2839f,09d1a6f5a50a8c3e066fb05a8833bc00663ada0e,0.4943118393421173
2664,375dc2acc3f54cb0d386dbc2d969366e32d2839f,2074898fb3afab00a44439b33defd5d5f9b7a7c3,0.41868311166763306
2665,375dc2acc3f54cb0d386dbc2d969366e32d2839f,29b3fdcdda43e08534d6cae560b08dd2fbe88427,0.39437273144721985
2666,375dc2acc3f54cb0d386dbc2d969366e32d2839f,6db7d4109a61705f658d315787061f6fa8af3595,0.2913829982280731
2667,375dc2acc3f54cb0d386dbc2d969366e32d2839f,2e1c33f55f80cb7e440435deb6f5fdf8bed95f47,0.301054984331131
2668,375dc2acc3f54cb0d386dbc2d969366e32d2839f,344c95903d3efcb8157b74520ec60d4ce55b8585,0.25500059127807617
2669,375dc2acc3f54cb0d386dbc2d969366e32d2839f,5940229d572d7195469d2e7b83eaa63ede2ae452,0.2549489140510559
2670,375dc2acc3f54cb0d386dbc2d969366e32d2839f,ae37774ff871575b7799411bf87f42eb52634390,0.15998528897762299
2671,375dc2acc3f54cb0d386dbc2d969366e32d2839f,4b30c2431b8a27a8480d43996f7bb550e73fb268,0.1360151618719101
2672,375dc2acc3f54cb0d386dbc2d969366e32d2839f,23b5edcb523441e04c48af59e48f2a9e27163f5c,0.1062038466334343
2673,375dc2acc3f54cb0d386dbc2d969366e32d2839f,2c6e8c365ee78cbbb2e6278b5329710063a297ea,0.0963413417339325
2674,375dc2acc3f54cb0d386dbc2d969366e32d2839f,bfa9386e2036fb3c4925455c9cc8d7a6f38ac8a2,0.10897300392389297
2675,375dc2acc3f54cb0d386dbc2d969366e32d2839f,0999fcd42bc502742dbcb25bd41760ff10d15fb0,0.011539068073034286
2676,375dc2acc3f54cb0d386dbc2d969366e32d2839f,72af45375b1a0e29e9b635e4334e9b9ba9d15802,0.12077774852514267
2677,375dc2acc3f54cb0d386dbc2d969366e32d2839f,d5f2bbd11b69186d40fd1a70636d2fa255ad0d91,0.06685616075992584
2678,375dc2acc3f54cb0d386dbc2d969366e32d2839f,b994b872aa88bec1f92d441263892939a21bfbff,0.0404074564576149
2679,375dc2acc3f54cb0d386dbc2d969366e32d2839f,3a3eca7045d42cff3e66ac0395fa5c0f58773e0d,0.05204513669013977
2680,375dc2acc3f54cb0d386dbc2d969366e32d2839f,40048481e1bc23e56b7507575f31cc5255a02e9f,0.041513796895742416
2681,375dc2acc3f54cb0d386dbc2d969366e32d2839f,ef9f29673efd78143410ed4e463f6f6c168d64a5,0.025952056050300598
2682,375dc2acc3f54cb0d386dbc2d969366e32d2839f,478b0c2ffe23cdab8c78420e89d6ef023f1e550f,0.006209414452314377
2683,375dc2acc3f54cb0d386dbc2d969366e32d2839f,cdefa98415b1f072989214b62e51073c82304e33,-0.0021371301263570786
2684,375dc2acc3f54cb0d386dbc2d969366e32d2839f,31cf7b9bbc9199b0432483789ec65d81e64e4ddc,-0.016765344887971878
2685,375dc2acc3f54cb0d386dbc2d969366e32d2839f,5a94ab41593ed7e01fddabc6375f4a78862e1444,0.024907361716032028
2686,375dc2acc3f54cb0d386dbc2d969366e32d2839f,b5ea982d6628f5fabb58a7d4f0c262de3a9b34df,-0.07084542512893677
2687,375dc2acc3f54cb0d386dbc2d969366e32d2839f,13c214313a420af822a00182ee9c6057c8ccde0b,-0.06401528418064117
2688,375dc2acc3f54cb0d386dbc2d969366e32d2839f,33e6ba0eaebf15334d08eba275c626338ef6068f,-0.09169566631317139
2689,375dc2acc3f54cb0d386dbc2d969366e32d2839f,d5279ad0e320dada70bbb598c627af9cf57b8d8f,-0.10188329964876175
2690,375dc2acc3f54cb0d386dbc2d969366e32d2839f,22ab39b0d687837c9119ca6c2818bc14443fc758,-0.10599511861801147
2691,a29afef550bf4edbf3293a50ef3fdb785ff1e5a3,3a043714354fe498752b45e4cf429dbae0fb2558,0.5284214019775391
2692,a29afef550bf4edbf3293a50ef3fdb785ff1e5a3,3a257a87ab5d1e317336a6cefb50fee1958bd84a,0.35268455743789673
2693,a29afef550bf4edbf3293a50ef3fdb785ff1e5a3,71ad31bd506ea571f6c04a293ff298f42fa7b47c,0.38890933990478516
2694,a29afef550bf4edbf3293a50ef3fdb785ff1e5a3,0541d5338adc48276b3b8cd3a141d799e2d40150,0.29594337940216064
2695,a29afef550bf4edbf3293a50ef3fdb785ff1e5a3,0831a5baf38c9b3d43c755319a602b15fc01c52d,0.2904946208000183
2696,a29afef550bf4edbf3293a50ef3fdb785ff1e5a3,646d86fb543133b597c786d33994cf387eb6356e,0.21567031741142273
2697,a29afef550bf4edbf3293a50ef3fdb785ff1e5a3,d03b77a5f76764819315ce2daf22bb59d39b7832,0.17475321888923645
2698,a29afef550bf4edbf3293a50ef3fdb785ff1e5a3,7dfce578644bc101ae4ffcd0184d2227c6d07809,0.13125544786453247
2699,a29afef550bf4edbf3293a50ef3fdb785ff1e5a3,831e1bd33a97478d0a24548ce68eb9f809d9b968,0.16959428787231445
2700,a29afef550bf4edbf3293a50ef3fdb785ff1e5a3,2a9fdd7f8ba315135c16335e19751c655ff09f1b,0.12740318477153778
2701,a29afef550bf4edbf3293a50ef3fdb785ff1e5a3,8d7053c21f626df572c56561b6fb87ae62f2612b,0.13124015927314758
2702,a29afef550bf4edbf3293a50ef3fdb785ff1e5a3,588b9fae704c1964d639a5f87c3793a1ad354e69,0.12879517674446106
2703,a29afef550bf4edbf3293a50ef3fdb785ff1e5a3,3701bdb05b6764b09a5735cdc3cb9c40736d9765,0.06471787393093109
2704,a29afef550bf4edbf3293a50ef3fdb785ff1e5a3,47729d2dcaf76092364bd207a8ccd53e4959b5a5,0.07716017216444016
2705,a29afef550bf4edbf3293a50ef3fdb785ff1e5a3,71aea2ba81ca21dc38e4a36a8fc10052266abcf2,0.048495031893253326
2706,a29afef550bf4edbf3293a50ef3fdb785ff1e5a3,a9acb57442845180ec31be5ea2b068e0a4feb756,0.056837763637304306
2707,a29afef550bf4edbf3293a50ef3fdb785ff1e5a3,4f04b0432fa6f96544cb1bce4eb8e7e964afee38,0.03521423041820526
2708,a29afef550bf4edbf3293a50ef3fdb785ff1e5a3,26f686da522f76d0108d5518ee490c8a4344dc64,0.04497210681438446
2709,a29afef550bf4edbf3293a50ef3fdb785ff1e5a3,0f9c08653e801764fc431f3d5f02c1f1286cc1ab,0.11204227060079575
2710,a29afef550bf4edbf3293a50ef3fdb785ff1e5a3,92478ad8a5f36ac8fe4a55b2ad7ebdea75053e60,0.04528312012553215
2711,a29afef550bf4edbf3293a50ef3fdb785ff1e5a3,0c17001c83d97a1c18a52f3818b616a71c3457b3,-0.0007477798499166965
2712,a29afef550bf4edbf3293a50ef3fdb785ff1e5a3,2df5f73ca5daafa60e41f80417731d1555af5c25,0.030135933309793472
2713,a29afef550bf4edbf3293a50ef3fdb785ff1e5a3,3fb9d25025f4db4218b84ba340a7916af75377e3,0.09621237218379974
2714,a29afef550bf4edbf3293a50ef3fdb785ff1e5a3,faca93d1fa9044cb250e1ed9195c94c1b5bc75da,-0.0314481146633625
2715,a29afef550bf4edbf3293a50ef3fdb785ff1e5a3,fd3d94fac6a282414406716040b10c1746634ecd,-0.011870559304952621
2716,a29afef550bf4edbf3293a50ef3fdb785ff1e5a3,8206e427d56419589a2eddaf9d64eecbbc6d3c59,-0.01792767643928528
2717,a29afef550bf4edbf3293a50ef3fdb785ff1e5a3,f5f527d7870fc7698be16145674a08ed4d0c8a13,-0.019807228818535805
2718,a29afef550bf4edbf3293a50ef3fdb785ff1e5a3,83bfb38f5370c6744240b21d12f7f1b0fddb0d33,-0.01692674681544304
2719,a29afef550bf4edbf3293a50ef3fdb785ff1e5a3,718c4a116678c9295e01631154385b01f4d7afda,-0.06002167984843254
2720,a29afef550bf4edbf3293a50ef3fdb785ff1e5a3,fe6645c5c9f91f3dfacbbc1e7ce995aa4ab8d963,-0.03805141896009445
2721,3f42c32316c50b4a03de8c4597159c68a8d07776,004888621a4e4cee56b6633338a89aa036cf5ae5,0.4580268859863281
2722,3f42c32316c50b4a03de8c4597159c68a8d07776,0e78b20b27d27261f9ae088eb13201f2d5b185bd,0.4497404098510742
2723,3f42c32316c50b4a03de8c4597159c68a8d07776,51182c66098d97061b9ac2e4d8ccf86cef22f76d,0.23744536936283112
2724,3f42c32316c50b4a03de8c4597159c68a8d07776,59fc3d8a65d23466858a5238939a40bfce1a5942,0.19127881526947021
2725,3f42c32316c50b4a03de8c4597159c68a8d07776,04f39720b9b20f8ab990228ae3fe4f473e750fe3,0.24309468269348145
2726,3f42c32316c50b4a03de8c4597159c68a8d07776,0c668ee24d58ecca165f788d40765e79ed615471,0.32690390944480896
2727,3f42c32316c50b4a03de8c4597159c68a8d07776,808f852f6101c674e10cae264df4bc6ef55fe7dc,0.23425503075122833
2728,3f42c32316c50b4a03de8c4597159c68a8d07776,1b65af0b2847cf6edb1461eda659f08be27bc76d,0.29257333278656006
2729,3f42c32316c50b4a03de8c4597159c68a8d07776,45061dddc7973a6a78cb2b555dd05953f38e06d3,0.12656252086162567
2730,3f42c32316c50b4a03de8c4597159c68a8d07776,8d3fe0ba28864ac905fcdc58ed268bc21a91582c,0.15960532426834106
2731,3f42c32316c50b4a03de8c4597159c68a8d07776,2e3cde02fad19f48269c3cc3ba7ee7483d98bc1e,0.16762444376945496
2732,3f42c32316c50b4a03de8c4597159c68a8d07776,61ef28caf5f2f72a2f66d27e5710f94653e13d9c,0.17810100317001343
2733,3f42c32316c50b4a03de8c4597159c68a8d07776,3a498f33da76cc9eccca1463528b0a3f8c4b25b7,0.1753329038619995
2734,3f42c32316c50b4a03de8c4597159c68a8d07776,641ed032fc5b69eb14cdd462410ebe05f9dcbfc7,0.09028491377830505
2735,3f42c32316c50b4a03de8c4597159c68a8d07776,c2a730c06522395378b655038bab293042b4435d,0.1648096740245819
2736,3f42c32316c50b4a03de8c4597159c68a8d07776,2dbe5601ef0e74a51fa3eab18d68ea753501a0df,0.1603754460811615
2737,3f42c32316c50b4a03de8c4597159c68a8d07776,d4528c8ebd5d4b9dab591b8e2288a0a8784b9949,0.11153557896614075
2738,3f42c32316c50b4a03de8c4597159c68a8d07776,c89e5e22704c6df3f516b5483edaf667aae0e718,0.08860668540000916
2739,3f42c32316c50b4a03de8c4597159c68a8d07776,08c30bbfb9ff90884f9d1f873a1eeb6bb616e761,0.10955292731523514
2740,3f42c32316c50b4a03de8c4597159c68a8d07776,508eb5a6156b8fa1b4547b611e85969438116fa2,0.11061906814575195
2741,3f42c32316c50b4a03de8c4597159c68a8d07776,f9f5cb17cf072874e438dc8e1d5f03f7b505a356,0.0567159466445446
2742,3f42c32316c50b4a03de8c4597159c68a8d07776,8bcd9f8c4e75a64576d8592713c2aa6b5f1ad2d9,0.08167393505573273
2743,3f42c32316c50b4a03de8c4597159c68a8d07776,6494c8b6281f44d0c893e40a61f1da8e5206353a,0.08516840636730194
2744,3f42c32316c50b4a03de8c4597159c68a8d07776,a2bfc30fd47584ba6cb1743d51c0c00b7430dfae,0.03517571836709976
2745,3f42c32316c50b4a03de8c4597159c68a8d07776,6b2456d4570cf8f8344c46c9315229669578fc3b,0.10470983386039734
2746,3f42c32316c50b4a03de8c4597159c68a8d07776,d70a334b4af474038264e59c227f946cd908a391,0.004227032884955406
2747,3f42c32316c50b4a03de8c4597159c68a8d07776,c12f1c55f8b8cca2dec1cf7cca2ae4408eda2b32,0.02468620240688324
2748,3f42c32316c50b4a03de8c4597159c68a8d07776,7a6f802c089c339256dcbff9d3039abbe60ea076,-0.002062148181721568
2749,3f42c32316c50b4a03de8c4597159c68a8d07776,3895b68df599bda93c3dc2e3aca3205bf6ab0783,-0.004372261464595795
2750,3f42c32316c50b4a03de8c4597159c68a8d07776,549867419710842621c14779307b1c7a5debddd6,-0.07720910012722015
2751,6c88fd5d06ea6e0a2b1ad38b038655f405bc0613,befad8e606dcf37e5e0883367d2d7d6fac81513c,0.5100563764572144
2752,6c88fd5d06ea6e0a2b1ad38b038655f405bc0613,0aba945c25c1f71413746f550aa81587db37c42a,0.4212843179702759
2753,6c88fd5d06ea6e0a2b1ad38b038655f405bc0613,13dd25c5e7df2b23ec9a168a233598702c2afc97,0.36756742000579834
2754,6c88fd5d06ea6e0a2b1ad38b038655f405bc0613,5f0d86c9c5b7d37b4408843aa95119bf7771533a,0.32368385791778564
2755,6c88fd5d06ea6e0a2b1ad38b038655f405bc0613,0af7d6ed75ec9436426edfb75c0aeb774df5607a,0.23189017176628113
2756,6c88fd5d06ea6e0a2b1ad38b038655f405bc0613,30c3e410f689516983efcd780b9bea02531c387d,0.2777087986469269
2757,6c88fd5d06ea6e0a2b1ad38b038655f405bc0613,90520ec673a792634f1c7765fb93372c288f4816,0.23922480642795563
2758,6c88fd5d06ea6e0a2b1ad38b038655f405bc0613,c90c3c10cba3c4700298ab2883c2bfecd7401fae,0.15119531750679016
2759,6c88fd5d06ea6e0a2b1ad38b038655f405bc0613,9457b48cf5932d9528a32f36e23ab003b54e17ac,0.1919100135564804
2760,6c88fd5d06ea6e0a2b1ad38b038655f405bc0613,e28935d4570b8e3c67b16080fc533bceffff4548,0.15422537922859192
2761,6c88fd5d06ea6e0a2b1ad38b038655f405bc0613,3fc840191f8358def2aa745cca1c0425cf2c5938,0.15364249050617218
2762,6c88fd5d06ea6e0a2b1ad38b038655f405bc0613,ada5876e216130cdd7ad6e44539849049dd2de39,0.11305984854698181
2763,6c88fd5d06ea6e0a2b1ad38b038655f405bc0613,195c63fd6b6c9e7f1b5f6920da5a8de4de896f4a,0.10912434756755829
2764,6c88fd5d06ea6e0a2b1ad38b038655f405bc0613,dca9e15cde7665415b88486ae182c77ce8806b26,0.12382884323596954
2765,6c88fd5d06ea6e0a2b1ad38b038655f405bc0613,60036886e7a44d2c254fb50f8b8aa480d6659ee0,0.11308569461107254
2766,6c88fd5d06ea6e0a2b1ad38b038655f405bc0613,35c473bae9d146072625cc3d452c8f6b84c8cc47,0.0747527927160263
2767,6c88fd5d06ea6e0a2b1ad38b038655f405bc0613,524dd11ce1249bae235bf06de89621c59c18286e,0.07010186463594437
2768,6c88fd5d06ea6e0a2b1ad38b038655f405bc0613,36445111c9f9eb6763fedab5294aca792519f925,0.055253949016332626
2769,6c88fd5d06ea6e0a2b1ad38b038655f405bc0613,b3e3fc76e4f0a73de2562d88a64d864d0236ba26,0.04022863879799843
2770,6c88fd5d06ea6e0a2b1ad38b038655f405bc0613,39373d7c6d85f6189dd798e3c419d9aac3ad04db,-0.012607768177986145
2771,6c88fd5d06ea6e0a2b1ad38b038655f405bc0613,449b47c55dac9cae588086dde9249caa230e01b1,0.03892730548977852
2772,6c88fd5d06ea6e0a2b1ad38b038655f405bc0613,bae7025af534d5f8b75de243b03311af4645bc48,-0.046978164464235306
2773,6c88fd5d06ea6e0a2b1ad38b038655f405bc0613,396514fb219879a4a18762cddfae2a6a607f439f,0.018259257078170776
2774,6c88fd5d06ea6e0a2b1ad38b038655f405bc0613,108520cc4be3b7558fc22b8287999f921f01b34d,-0.006741316989064217
2775,6c88fd5d06ea6e0a2b1ad38b038655f405bc0613,d05507aec2e217a1f3ba35153153a64e135fb42c,-0.03308936581015587
2776,6c88fd5d06ea6e0a2b1ad38b038655f405bc0613,e7830a70f9170eccc088b5e70523b4aa1cc03b6a,-0.07037407904863358
2777,6c88fd5d06ea6e0a2b1ad38b038655f405bc0613,8a6ab194c992f33b7066f6866f5339e57fcfd31a,-0.08250584453344345
2778,6c88fd5d06ea6e0a2b1ad38b038655f405bc0613,ac3a287c972b9fda317e918c864bb3b738ed4566,-0.08421746641397476
2779,6c88fd5d06ea6e0a2b1ad38b038655f405bc0613,860d51e4bcaf1b6519d36772ccf645861dded118,-0.06224945932626724
2780,6c88fd5d06ea6e0a2b1ad38b038655f405bc0613,242a3f4c68e6153debf889560390cd4c75900924,-0.11662854254245758
2781,0b40af1ad2b9781fa14e999db2d7d3270b6d2862,10a7b139435977094d230414372a82cdfec6d8db,0.6491631865501404
2782,0b40af1ad2b9781fa14e999db2d7d3270b6d2862,1bdce9eaa77acbe547f7407a4ca376e1c9779d7a,0.6168135404586792
2783,0b40af1ad2b9781fa14e999db2d7d3270b6d2862,62a4f42da8a6151fac124d2b40e28f41f8ba9eea,0.49240583181381226
2784,0b40af1ad2b9781fa14e999db2d7d3270b6d2862,29f5ecc324e934d21fe8ddde814fca36cfe8eaea,0.3551340699195862
2785,0b40af1ad2b9781fa14e999db2d7d3270b6d2862,d2c2a2fe61dd1477c5cff03582f1521831586f4e,0.27383953332901
2786,0b40af1ad2b9781fa14e999db2d7d3270b6d2862,36278bf6919c6dced7d16dc0c02d725e1ed178f8,0.4333685636520386
2787,0b40af1ad2b9781fa14e999db2d7d3270b6d2862,8a8ccfb17f393972df62c140d8268c7dc03fe7ee,0.32438164949417114
2788,0b40af1ad2b9781fa14e999db2d7d3270b6d2862,1525f96aac727000272ca034947aeb83af40d7c3,0.3286474645137787
2789,0b40af1ad2b9781fa14e999db2d7d3270b6d2862,2d33c06612b8e85ba1b36cb42ef7d26ca22091f3,0.2611008584499359
2790,0b40af1ad2b9781fa14e999db2d7d3270b6d2862,af50e745422eda4f880943c614fd17f2428061ba,0.21113716065883636
2791,0b40af1ad2b9781fa14e999db2d7d3270b6d2862,09286005d0c0253995c970387dd222ae4acbc8f1,0.20715853571891785
2792,0b40af1ad2b9781fa14e999db2d7d3270b6d2862,221ffeb8cea8b706fb44b3164e1aa22dd560141e,0.21822097897529602
2793,0b40af1ad2b9781fa14e999db2d7d3270b6d2862,631ef4eb378626f61b691086a6100d1e02f05dcc,0.17175114154815674
2794,0b40af1ad2b9781fa14e999db2d7d3270b6d2862,b05da56351393b3069082f59d03085a8066b1bdc,0.25459766387939453
2795,0b40af1ad2b9781fa14e999db2d7d3270b6d2862,2cc8d5f093697e191eadb9d83f3023afee00666c,0.22507049143314362
2796,0b40af1ad2b9781fa14e999db2d7d3270b6d2862,80b9df54d0c2a56325186ca88e01ba830ec93b74,0.14555537700653076
2797,0b40af1ad2b9781fa14e999db2d7d3270b6d2862,6439b436b7ddb13bf87677df311d7a59ff135559,0.1330048143863678
2798,0b40af1ad2b9781fa14e999db2d7d3270b6d2862,7ca3f9400049a860ded736840e345da3cd8ce150,0.16920125484466553
2799,0b40af1ad2b9781fa14e999db2d7d3270b6d2862,31d15e69389efeda5e21adfa888dffa8018523c0,0.12705285847187042
2800,0b40af1ad2b9781fa14e999db2d7d3270b6d2862,6ba2b0a92408789eec23c008a9beb1b574b42470,0.16006439924240112
2801,0b40af1ad2b9781fa14e999db2d7d3270b6d2862,a427a81f3c5dab2e59cd9787bb858f7924f8f1f1,0.10018128156661987
2802,0b40af1ad2b9781fa14e999db2d7d3270b6d2862,241a013f74c0493b5f54cb3a7b8a0e5e0f12a78f,0.08307328820228577
2803,0b40af1ad2b9781fa14e999db2d7d3270b6d2862,03583e58838ca97cca1526082bd059080bfbcf16,0.1465243399143219
2804,0b40af1ad2b9781fa14e999db2d7d3270b6d2862,898d6ecfc547639011ce31e76c88fe69f5a544d1,0.1168585941195488
2805,0b40af1ad2b9781fa14e999db2d7d3270b6d2862,c7fc0a2883f4d8c5e8dedb83ddd340b21f85ad1d,0.08252263069152832
2806,0b40af1ad2b9781fa14e999db2d7d3270b6d2862,3e0bb060dee3123c7cf6758d3aa1db53432ffaf9,0.027382545173168182
2807,0b40af1ad2b9781fa14e999db2d7d3270b6d2862,eca7e43b4baa8feccefe4d8d2b55cb3fae5f2287,0.061311326920986176
2808,0b40af1ad2b9781fa14e999db2d7d3270b6d2862,620c1821f67fd39051fe0863567ac702ce27a72a,-0.01787707954645157
2809,0b40af1ad2b9781fa14e999db2d7d3270b6d2862,cac200f811dffb2e007bcd271d9a6654d6490825,-0.05076570808887482
2810,0b40af1ad2b9781fa14e999db2d7d3270b6d2862,bbad8eb4fd80411f99b08a5b2aa11eaed6b6f51a,-0.0583689883351326
2811,c3dafc91e315d27933b6420be2a77f5639881213,65e90d9f6754d32db464f635e7fdec672fad9ccf,0.7704470157623291
2812,c3dafc91e315d27933b6420be2a77f5639881213,51c88cf10b75ed1a5445660cc64cee3d1c6fd8c5,0.6681226491928101
2813,c3dafc91e315d27933b6420be2a77f5639881213,0e2795b1329b25ba3709584b96fd5cb4c96f6f22,0.49876517057418823
2814,c3dafc91e315d27933b6420be2a77f5639881213,9703efad5e36e1ef3ab2292144c1a796515e5f6a,0.4720137119293213
2815,c3dafc91e315d27933b6420be2a77f5639881213,11aedb8f95a007363017dae311fc525f67bd7876,0.4534410834312439
2816,c3dafc91e315d27933b6420be2a77f5639881213,9516b08a55ff710271104d70b9f12ce9c2eb9d4e,0.2635596692562103
2817,c3dafc91e315d27933b6420be2a77f5639881213,aba441e7a7ff828bfdae69b8683bab2d75de125d,0.2983558773994446
2818,c3dafc91e315d27933b6420be2a77f5639881213,0a182d0e685bc23f2edf8a4b221b1567f8773272,0.2045798897743225
2819,c3dafc91e315d27933b6420be2a77f5639881213,1cdb7114285246f48b395810a116a9d64c24eb46,0.12500852346420288
2820,c3dafc91e315d27933b6420be2a77f5639881213,a12613a49398ee4c2d159175f91e47d269c3826d,0.11949426680803299
2821,c3dafc91e315d27933b6420be2a77f5639881213,5f1e8d265b1d3301c0472f92e097e4c3b9298d80,0.11025799810886383
2822,c3dafc91e315d27933b6420be2a77f5639881213,90e994a802a0038f24c8e3735d7619ebb40e6e93,0.07982432842254639
2823,c3dafc91e315d27933b6420be2a77f5639881213,770ee5d2536f5a3e753950ad00494d6c6d982565,0.10889113694429398
2824,c3dafc91e315d27933b6420be2a77f5639881213,f748311d212786bfe6b6c6878d633db04bbe4e9a,0.05384727194905281
2825,c3dafc91e315d27933b6420be2a77f5639881213,e41c295d1888428b067589413bd5dd0a8469b546,0.07462691515684128
2826,c3dafc91e315d27933b6420be2a77f5639881213,926a3da3c64ac0c9097c5f2fdc175b74035c6ec5,0.07772639393806458
2827,c3dafc91e315d27933b6420be2a77f5639881213,2c0a239caa3c2c590e4d6f23ad01c1f77adfc7a0,-0.03067510575056076
2828,c3dafc91e315d27933b6420be2a77f5639881213,c002ab1190262167d8072442eb7565d1eb204a6f,0.07431478798389435
2829,c3dafc91e315d27933b6420be2a77f5639881213,47f3011e1e3fc22b75cbd3b0a132a69a9f999d38,0.02945135533809662
2830,c3dafc91e315d27933b6420be2a77f5639881213,40f94c7e8dbce2c0fd0edc29d4ba94f52266acdd,1.8835067749023438e-05
2831,c3dafc91e315d27933b6420be2a77f5639881213,1d737920e815b2eed4ff8f90d0c615c269fab3cf,0.02034105360507965
2832,c3dafc91e315d27933b6420be2a77f5639881213,ea03a5ea291bff200be74a40aa71a7254012d018,0.03262990340590477
2833,c3dafc91e315d27933b6420be2a77f5639881213,841bc100c482f068509a45cf9b380258ae13bf20,-0.006134824827313423
2834,c3dafc91e315d27933b6420be2a77f5639881213,db5b6be0eee4b4d70c0f589b9a124f183007f0bb,-0.023818470537662506
2835,c3dafc91e315d27933b6420be2a77f5639881213,e2e92ed915d5e12e5c5a6c2ecf9dac313751426f,-0.02937389351427555
2836,c3dafc91e315d27933b6420be2a77f5639881213,4655d0eb4fdb6b4a70bbc6e4ee3dfaae5c92fd4e,-0.0062821973115205765
2837,c3dafc91e315d27933b6420be2a77f5639881213,c33126aa1ac7cc87828b2f37c8c561c3b98a53a3,-0.04229491204023361
2838,c3dafc91e315d27933b6420be2a77f5639881213,a171737aa2517cf16f63cacfae6bae05c4f1067a,-0.08870697021484375
2839,c3dafc91e315d27933b6420be2a77f5639881213,26f52b2558c2bee9440f54e18b1cb05c1bb4c44a,-0.1082739382982254
2840,c3dafc91e315d27933b6420be2a77f5639881213,5b41a00a2fe665ad7353570c9ceabadd453e58e7,-0.09533961862325668
2841,314d65679c866483277fcc209ad89e7abab20126,4a209112ba6bf2b0ce867ac3e236412b2674f835,0.3137177526950836
2842,314d65679c866483277fcc209ad89e7abab20126,6340677599a6ab56a6b3c37a197391468bb9a074,0.2615181505680084
2843,314d65679c866483277fcc209ad89e7abab20126,421c305a0d2773d1132d9539e42d1f1337f1600a,0.19771267473697662
2844,314d65679c866483277fcc209ad89e7abab20126,0bc06d66d4dbad49b888b25f8b1a6ab08e347511,0.21515461802482605
2845,314d65679c866483277fcc209ad89e7abab20126,04109164cad9a03575aea5e0394d177101a4e4f6,0.23176619410514832
2846,314d65679c866483277fcc209ad89e7abab20126,0ee47ca8e90f3dd2107b6791c0da42357c56f5bc,0.16422414779663086
2847,314d65679c866483277fcc209ad89e7abab20126,3bfdb525fc85eed9c8b383c84fc9298e713cd590,0.14071907103061676
2848,314d65679c866483277fcc209ad89e7abab20126,66feb6d2ae909c4eb96c78ef5f6fe60fce8b5a97,0.07985183596611023
2849,314d65679c866483277fcc209ad89e7abab20126,7ebbdaaa3b5c1be5e0fb17247e792272463f1fcf,0.026047227904200554
2850,314d65679c866483277fcc209ad89e7abab20126,eef951da16097e70b7acc91015544ce31d6dfc74,0.035619013011455536
2851,314d65679c866483277fcc209ad89e7abab20126,66b2e77e2ba21a7bdcc1f816616c7b9b214ec17a,0.05714517831802368
2852,314d65679c866483277fcc209ad89e7abab20126,21753be26268473ffc863fb56d5ebc6af025bdc3,0.05959000810980797
2853,314d65679c866483277fcc209ad89e7abab20126,98b6d704dda8f39df9c04235e7dbf13b18e4c95f,0.029267605394124985
2854,314d65679c866483277fcc209ad89e7abab20126,21cd3b6a12862b3a355b2c0260fcbcac6a01a233,0.03583729267120361
2855,314d65679c866483277fcc209ad89e7abab20126,4155ecb89086261704bae0040abcf326c41c21f8,0.040674302726984024
2856,314d65679c866483277fcc209ad89e7abab20126,b9059384edc6b80f5155288941ff6f5528771d13,0.010935921221971512
2857,314d65679c866483277fcc209ad89e7abab20126,61c05d7cab4448a1585596cc7e00ab271c442c2e,0.027389731258153915
2858,314d65679c866483277fcc209ad89e7abab20126,c1fcf93dd84a9b9d58603b7f177b3a8a77925c3d,-0.0012025251053273678
2859,314d65679c866483277fcc209ad89e7abab20126,b69badabc3fddc9710faa44c530473397303b0b9,0.015100216493010521
2860,314d65679c866483277fcc209ad89e7abab20126,982913e050c7fa0e92a991abea4b18d9c6a1d164,-0.003166433423757553
2861,314d65679c866483277fcc209ad89e7abab20126,fdd1548f7e5570e3b1a29334bde5c5311cb3430f,-0.007065862417221069
2862,314d65679c866483277fcc209ad89e7abab20126,1a6c9d9165fe77b3b8b974f57ca1e11d0326903a,-0.0012350622564554214
2863,314d65679c866483277fcc209ad89e7abab20126,4df059f2cf563a5e7c1acbb393a8debf96d77567,-0.021589014679193497
2864,314d65679c866483277fcc209ad89e7abab20126,403be1b4e5ac775d46700814b76eedce4be8441a,0.008282408118247986
2865,314d65679c866483277fcc209ad89e7abab20126,323ccf0d893e153f68d20eec437b801e2aa01b19,-0.03156650811433792
2866,314d65679c866483277fcc209ad89e7abab20126,8a09c5270cd5f9a592cfb91b5ea9924c104f996c,-0.027756720781326294
2867,314d65679c866483277fcc209ad89e7abab20126,cba45a87fc6cf12b3b0b6f57ba1a5282ef7fee7a,-0.03784457966685295
2868,314d65679c866483277fcc209ad89e7abab20126,56bc9dd03848c1d96598897eb10d3ff7dc23836c,-0.07566331326961517
2869,314d65679c866483277fcc209ad89e7abab20126,a94f69271082f677e2f1b04a8919983dda3025f0,-0.05557400733232498
2870,314d65679c866483277fcc209ad89e7abab20126,33b99b2e287516a76c787fc4cced2471ddaccbbe,-0.09978895634412766
2871,25dbf9b12475454585d5050c5cf446e1c4f6dd27,2258e01865367018ed6f4262c880df85b94959f8,0.6551750898361206
2872,25dbf9b12475454585d5050c5cf446e1c4f6dd27,5981e6479c3fd4e31644db35d236bfb84ae46514,0.5919584035873413
2873,25dbf9b12475454585d5050c5cf446e1c4f6dd27,53b35519e09772fb7ec470fdec51c6edb43c4f13,0.45813044905662537
2874,25dbf9b12475454585d5050c5cf446e1c4f6dd27,075bfb99ce2dbaa2005500dff90f893b7caa68c2,0.4938831329345703
2875,25dbf9b12475454585d5050c5cf446e1c4f6dd27,4f623e3821d14553b3b286e20910db9225fb723f,0.41454648971557617
2876,25dbf9b12475454585d5050c5cf446e1c4f6dd27,65484334a5cd4cabf6e5f7a17f606f07e2acf625,0.3198868930339813
2877,25dbf9b12475454585d5050c5cf446e1c4f6dd27,22bebedc1a5f3556cb4f577bdbe032299a2865e8,0.1972709596157074
2878,25dbf9b12475454585d5050c5cf446e1c4f6dd27,27a918a368e971a15b545abf63353e269a8ce8a2,0.17167788743972778
2879,25dbf9b12475454585d5050c5cf446e1c4f6dd27,056e13d5045e7d594489705f78834cfaf6642c36,0.25959545373916626
2880,25dbf9b12475454585d5050c5cf446e1c4f6dd27,ffb4d26b0f632cda0417b2f00d314bb765a847b4,0.10170464217662811
2881,25dbf9b12475454585d5050c5cf446e1c4f6dd27,57b12f411702fd135cbb553443c8de7718f07095,0.10583731532096863
2882,25dbf9b12475454585d5050c5cf446e1c4f6dd27,8ea1d82cadadab86e7d2236a8864881cc6b65c5c,0.10032752901315689
2883,25dbf9b12475454585d5050c5cf446e1c4f6dd27,5b31789d3e85f3dd10af6b5df5cfc72b23835434,0.1283935010433197
2884,25dbf9b12475454585d5050c5cf446e1c4f6dd27,9f675dbc30a6cb282e40f9929bd3defa96189de6,0.0654628723859787
2885,25dbf9b12475454585d5050c5cf446e1c4f6dd27,94c852f5ac537123054d72f17bd1507d38db4f8e,0.06141914054751396
2886,25dbf9b12475454585d5050c5cf446e1c4f6dd27,39dc0cb50cb6b26582691f8d2a883f1e1059575a,0.034642256796360016
2887,25dbf9b12475454585d5050c5cf446e1c4f6dd27,3666f19a9dac92f525893b8597af5c21855bf85b,0.035404954105615616
2888,25dbf9b12475454585d5050c5cf446e1c4f6dd27,225929a1fdde2412b8283c15dbd767cde7d74b0b,-0.03510512039065361
2889,25dbf9b12475454585d5050c5cf446e1c4f6dd27,36347d4ad8d5b8170d9bba6b39d3becc2eff8c4b,-0.008069905452430248
2890,25dbf9b12475454585d5050c5cf446e1c4f6dd27,5292d1a44c5f5e8db853c024b5d05e907887f499,0.013929806649684906
2891,25dbf9b12475454585d5050c5cf446e1c4f6dd27,0ca1e465dd85b8254bcdd7053032d7eab6e2d4b4,0.024621527642011642
2892,25dbf9b12475454585d5050c5cf446e1c4f6dd27,37a1e8411669e29cf8fbf48ec920c97c0066ac7e,0.005464322865009308
2893,25dbf9b12475454585d5050c5cf446e1c4f6dd27,f08d52220420b8008262d786dd98845ec1080f97,-0.04739825427532196
2894,25dbf9b12475454585d5050c5cf446e1c4f6dd27,5d7316f5e074d39cbf19e24a87ac1f8e26cc33fa,0.021314863115549088
2895,25dbf9b12475454585d5050c5cf446e1c4f6dd27,f1898d80af8968c49b2300dc214da703f28377cc,-0.03901092708110809
2896,25dbf9b12475454585d5050c5cf446e1c4f6dd27,6193882b7ea731501771fc37899c41c7517bc893,-0.05400179326534271
2897,25dbf9b12475454585d5050c5cf446e1c4f6dd27,57a0213df9dd8b10f2dcd644905de23efead02e0,-0.049142029136419296
2898,25dbf9b12475454585d5050c5cf446e1c4f6dd27,40276d2551c3b38a02ff5804901044c692bf0267,-0.07846281677484512
2899,25dbf9b12475454585d5050c5cf446e1c4f6dd27,dedecb86e01007eb183b78dc0a214955ad694250,-0.09944579750299454
2900,25dbf9b12475454585d5050c5cf446e1c4f6dd27,480f39011679ef64f34f2ec225410c08c9402b79,-0.10778893530368805
2901,d6be438df373dedf06d6c062596d4e40f59b022c,46a7464a8926241c8ed78b243ca0bf24253f8786,0.6054984331130981
2902,d6be438df373dedf06d6c062596d4e40f59b022c,3215a900e4fb9499c8904bfe662c59de042da67d,0.6228756904602051
2903,d6be438df373dedf06d6c062596d4e40f59b022c,a9f1838de25c17a38fae9738d137d7c7644b3be1,0.35190349817276
2904,d6be438df373dedf06d6c062596d4e40f59b022c,105a0b3826710356e218685f87b20fe39c64c706,0.3538993000984192
2905,d6be438df373dedf06d6c062596d4e40f59b022c,6d74c216d8246c2a356b00426af715102af2a172,0.26222914457321167
2906,d6be438df373dedf06d6c062596d4e40f59b022c,38d76b64705d193ee8017993f7fc4c6e8d4bdbc8,0.28280460834503174
2907,d6be438df373dedf06d6c062596d4e40f59b022c,ea5fdb7f6c2e94d1a67bff622c566ddc66be19ab,0.2667311131954193
2908,d6be438df373dedf06d6c062596d4e40f59b022c,dcfae19ad20ee57b3f68891d8b21570ab2601613,0.2471245378255844
2909,d6be438df373dedf06d6c062596d4e40f59b022c,280cd4a04cf7ecc36f84a7172483916a41403f5e,0.25410953164100647
2910,d6be438df373dedf06d6c062596d4e40f59b022c,0d21449cba8735032af2f6dfc46e18641e6fa3d3,0.22065052390098572
2911,d6be438df373dedf06d6c062596d4e40f59b022c,5906297bd4108376a032cb4c610d3e2926750d47,0.24471133947372437
2912,d6be438df373dedf06d6c062596d4e40f59b022c,2d81296e2894baaade499d9f1ed163f339943ddc,0.17243057489395142
2913,d6be438df373dedf06d6c062596d4e40f59b022c,4e71af17f3b0ec59aa3a1c7ea3f2680a1c9d9f6f,0.1405794322490692
2914,d6be438df373dedf06d6c062596d4e40f59b022c,ecb4d6621662f6c8eecfe9aab366d36146f0a6da,0.09467893838882446
2915,d6be438df373dedf06d6c062596d4e40f59b022c,0c668ee24d58ecca165f788d40765e79ed615471,0.3648815155029297
2916,d6be438df373dedf06d6c062596d4e40f59b022c,6cc4a3d0d8a278d30e05418afeaf6b8e5d04d3d0,0.13887852430343628
2917,d6be438df373dedf06d6c062596d4e40f59b022c,6ee9fcef938389c4cc48fd3b1875d680161ffe0a,0.06577707827091217
2918,d6be438df373dedf06d6c062596d4e40f59b022c,8eb62f0e3528f39e93f4073226c044235b45dce8,0.0974959209561348
2919,d6be438df373dedf06d6c062596d4e40f59b022c,f3396763e2c3ec1e0c80fddad8b08177960ce34d,0.08019591122865677
2920,d6be438df373dedf06d6c062596d4e40f59b022c,5fecf8411f1063a08af028effae9d3d208ef1101,0.08553484082221985
2921,d6be438df373dedf06d6c062596d4e40f59b022c,ab71da348979c50d33700bc2f6ddcf25b4c8cfd0,-0.17409956455230713
2922,d6be438df373dedf06d6c062596d4e40f59b022c,45e3d69e23bf3b3583a8a71022a8e161a37e9571,0.06288094818592072
2923,d6be438df373dedf06d6c062596d4e40f59b022c,ab81be51a3a96237ea24375d7b4fd0c244e5ffa8,0.03932297229766846
2924,d6be438df373dedf06d6c062596d4e40f59b022c,a2eb1abd58e1554dc6bac5a8ea2f9876e9f4d36b,0.04549194499850273
2925,d6be438df373dedf06d6c062596d4e40f59b022c,488fc01e8663d67de2cb76b33167a60906b81eba,0.03171366825699806
2926,d6be438df373dedf06d6c062596d4e40f59b022c,cbf4040cb14a019ff3556fad5c455e99737f169f,-0.05990204960107803
2927,d6be438df373dedf06d6c062596d4e40f59b022c,638867fba638d4088b83e58215ac7682f1c55699,-0.016296178102493286
2928,d6be438df373dedf06d6c062596d4e40f59b022c,2172134ed38d28fb910879b39a13832c5fb7998b,-0.06476084142923355
2929,d6be438df373dedf06d6c062596d4e40f59b022c,2050e3ecf3919b05aacf53ab6bed8c004c2b6872,-0.06805311143398285
2930,d6be438df373dedf06d6c062596d4e40f59b022c,85d31ba076c2620fbea3c86595fb0ff6c44b1efa,-0.11266204714775085
2931,866b1a9819f662ac2499be231965ded8e0323c7f,b5e7f5284f11b27b8d7de0ee2b304604377ef8e0,0.48379331827163696
2932,866b1a9819f662ac2499be231965ded8e0323c7f,97ae7cfd5583f9282dbc3083c6d0b3f01400cd1a,0.4072847068309784
2933,866b1a9819f662ac2499be231965ded8e0323c7f,dd88a853f8f13602c98dec3150709998e831308a,0.37954843044281006
2934,866b1a9819f662ac2499be231965ded8e0323c7f,7f90d5bdbc4caa78d1cec17326e417b98b07b399,0.21053609251976013
2935,866b1a9819f662ac2499be231965ded8e0323c7f,0e400ee7aa7e53777596eaae63c4062a657d60f5,0.39312899112701416
2936,866b1a9819f662ac2499be231965ded8e0323c7f,b79676abcd5c7c2009e07a569d76538d1f3947bd,0.1574968695640564
2937,866b1a9819f662ac2499be231965ded8e0323c7f,31b8f64435ae710c364b21b4c7ff3543f0189feb,0.2000892460346222
2938,866b1a9819f662ac2499be231965ded8e0323c7f,ac532b0476f06afa6c2772f130c70740debe4f35,0.11284692585468292
2939,866b1a9819f662ac2499be231965ded8e0323c7f,f8af6bcfc71614d762d7f724a90677abc46b67c0,0.14620712399482727
2940,866b1a9819f662ac2499be231965ded8e0323c7f,c1169df27b21cc39e1f032f142f28ef6cc8ce883,0.1130145862698555
2941,866b1a9819f662ac2499be231965ded8e0323c7f,330008af4074ef0e2b21787677783827d6a15056,0.11107906699180603
2942,866b1a9819f662ac2499be231965ded8e0323c7f,d0ba8b60980b940446f581ba87f871a325cf3cca,0.10787227749824524
2943,866b1a9819f662ac2499be231965ded8e0323c7f,58a34752553d41133f807ee37a6796c5193233f2,0.0856989175081253
2944,866b1a9819f662ac2499be231965ded8e0323c7f,f1130c28890ddcf147d1ed3476ebb06b4ea2b494,0.06446951627731323
2945,866b1a9819f662ac2499be231965ded8e0323c7f,4ad35158e11f8def2ba3c389df526f5664ab5d65,0.41660037636756897
2946,866b1a9819f662ac2499be231965ded8e0323c7f,165179ea85512f3d879b973393676e08861241dc,0.10156271606683731
2947,866b1a9819f662ac2499be231965ded8e0323c7f,ca8cc908698f1e215f73cf892bd2dd7ad420e787,0.08433675765991211
2948,866b1a9819f662ac2499be231965ded8e0323c7f,cb7102a4d53f964db3e1fe11d6218cd09b21abb4,0.06235971674323082
2949,866b1a9819f662ac2499be231965ded8e0323c7f,80e15425716b76920b5c1278953fb2ea615aae54,0.06009728088974953
2950,866b1a9819f662ac2499be231965ded8e0323c7f,53c173cdaff795114faa2aebc080c2cec6d2c9a2,0.088100865483284
2951,866b1a9819f662ac2499be231965ded8e0323c7f,70912aecc5e4edd517263b7092eaf8d73e16f116,0.08661478757858276
2952,866b1a9819f662ac2499be231965ded8e0323c7f,c6f152deb9e2204c5eedc4904b6371a3f15b7e3d,0.033863820135593414
2953,866b1a9819f662ac2499be231965ded8e0323c7f,a6459c7ad0491655158cd7e05a15feeedbea58fb,0.014552850276231766
2954,866b1a9819f662ac2499be231965ded8e0323c7f,2be709dc223d12c88b68ba53d4c949577b65c76e,0.027401531115174294
2955,866b1a9819f662ac2499be231965ded8e0323c7f,6a131d921a6633699d050ca25c93e6e94ab95cf7,0.010928341187536716
2956,866b1a9819f662ac2499be231965ded8e0323c7f,ae5470e3bccfa343f0c6de40e144db6109f377dc,0.0062018223106861115
2957,866b1a9819f662ac2499be231965ded8e0323c7f,9608a11dce79321d1b5fd8ccc1343c9bb2481a31,0.002960219979286194
2958,866b1a9819f662ac2499be231965ded8e0323c7f,8b4919ca7362e575dfa760cdf5d54b713be8fbc4,-0.011903507634997368
2959,866b1a9819f662ac2499be231965ded8e0323c7f,3df916713a73c726aa6fc30e135df69eb616be05,-0.03784007579088211
2960,866b1a9819f662ac2499be231965ded8e0323c7f,d71d5e4869bee1816907a0aa528abc533f600b79,-0.11607365310192108
2961,02c9fe33a5d8cb94373cea20a53f01e0a0e70f7f,197c43315bdcec6785cb9834638140d9878ec131,0.553737998008728
2962,02c9fe33a5d8cb94373cea20a53f01e0a0e70f7f,3087289229146fc344560478aac366e4977749c0,0.4319348931312561
2963,02c9fe33a5d8cb94373cea20a53f01e0a0e70f7f,108652cc6c3cdfd754ac8622794d85e945996b3c,0.3099449574947357
2964,02c9fe33a5d8cb94373cea20a53f01e0a0e70f7f,33b53abdf2824b2cb0ee083c284000df4343a33e,0.24731969833374023
2965,02c9fe33a5d8cb94373cea20a53f01e0a0e70f7f,50e3b09c870dc93920f2e4ad5853e590c7b85ed7,0.246169775724411
2966,02c9fe33a5d8cb94373cea20a53f01e0a0e70f7f,407de9da58871cae7a6ded2f3a6162b9dc371f38,0.2757461667060852
2967,02c9fe33a5d8cb94373cea20a53f01e0a0e70f7f,4a017a4b92d76b1706f156a42fde89a37762a067,0.21270036697387695
2968,02c9fe33a5d8cb94373cea20a53f01e0a0e70f7f,97d7a5321ded1563f07d233a874193a3c2e1ed01,0.24804899096488953
2969,02c9fe33a5d8cb94373cea20a53f01e0a0e70f7f,0cd2285d00cc1337cc95ab120e558707b197862a,0.28579628467559814
2970,02c9fe33a5d8cb94373cea20a53f01e0a0e70f7f,5b09c1880b6eca96b86a06d6a941a70c36623a23,0.19277611374855042
2971,02c9fe33a5d8cb94373cea20a53f01e0a0e70f7f,541ff4c3fe4ca6bd9acf6b714e065c38d2584e53,0.22225086390972137
2972,02c9fe33a5d8cb94373cea20a53f01e0a0e70f7f,642c1b4a9da95ea4239708afc5929a5007a1870d,0.2246001958847046
2973,02c9fe33a5d8cb94373cea20a53f01e0a0e70f7f,e37f60b230a6e7b6f4949cea85b4113aadaf4e0c,0.21775101125240326
2974,02c9fe33a5d8cb94373cea20a53f01e0a0e70f7f,55ab2b325da10b4d46b69a7673e32823a9706a32,0.16966098546981812
2975,02c9fe33a5d8cb94373cea20a53f01e0a0e70f7f,35e83667966d56389f7d69cf1d434a14d566bf84,0.12137050181627274
2976,02c9fe33a5d8cb94373cea20a53f01e0a0e70f7f,517fa38cea1da39375b97ed1d6ab2f5398299fbd,0.07992702722549438
2977,02c9fe33a5d8cb94373cea20a53f01e0a0e70f7f,dbc7401e3e75c40d3c720e7db3c906d48bd742d7,0.06407373398542404
2978,02c9fe33a5d8cb94373cea20a53f01e0a0e70f7f,f7a6be26eff0698df6fcb6fdaad79715699fc8cd,0.11936094611883163
2979,02c9fe33a5d8cb94373cea20a53f01e0a0e70f7f,254ded254065f2d26ca24ec024cefd7604bd74e7,0.1233375072479248
2980,02c9fe33a5d8cb94373cea20a53f01e0a0e70f7f,f6fec61221604359e65ccacc98030d900c5b3496,0.074375219643116
2981,02c9fe33a5d8cb94373cea20a53f01e0a0e70f7f,1370b7ec6cb56b0ff25f512bd673acbab214708c,0.06895725429058075
2982,02c9fe33a5d8cb94373cea20a53f01e0a0e70f7f,d247b14fef93a2d6e87a555b0b992a41996a387f,0.032824307680130005
2983,02c9fe33a5d8cb94373cea20a53f01e0a0e70f7f,021472c712d51f88b4175b7e2906ab11b7e28bb8,0.027981020510196686
2984,02c9fe33a5d8cb94373cea20a53f01e0a0e70f7f,721054a766693d567ebebe36258eb7882540fc7e,0.003939177840948105
2985,02c9fe33a5d8cb94373cea20a53f01e0a0e70f7f,cc0493c758e49c8bebeade01e3e685e2d370d90c,0.04215127229690552
2986,02c9fe33a5d8cb94373cea20a53f01e0a0e70f7f,30b41155d8c4dc7abc8eb557fd391d2a87640ac5,0.039659447968006134
2987,02c9fe33a5d8cb94373cea20a53f01e0a0e70f7f,64305508a53cc99e62e6ff73592016d0b994afd4,-0.018495529890060425
2988,02c9fe33a5d8cb94373cea20a53f01e0a0e70f7f,12de03e2691c11d29a82f1c3fc7e97121c07cb5b,-0.006578173488378525
2989,02c9fe33a5d8cb94373cea20a53f01e0a0e70f7f,09d2f9f868a70e59d06fcf7bf721fbc9d62ccd06,-0.0025665070861577988
2990,02c9fe33a5d8cb94373cea20a53f01e0a0e70f7f,af82c83495c50c1603ff868c5335743fe286d144,-0.057915542274713516
2991,3ae52be664a249f695988575f8affc1f466c1c87,211fd281ccff3de319bab296ae760c80d9d32066,0.18908140063285828
2992,3ae52be664a249f695988575f8affc1f466c1c87,1aa0522b561b2732e5a206dfa37ccdd62c3890c5,0.21882492303848267
2993,3ae52be664a249f695988575f8affc1f466c1c87,0e9a674280b2dabe36e540c20ce5a7a9e10361f7,0.13393481075763702
2994,3ae52be664a249f695988575f8affc1f466c1c87,e28935d4570b8e3c67b16080fc533bceffff4548,0.13792166113853455
2995,3ae52be664a249f695988575f8affc1f466c1c87,2c7bfc8d75dab44aeab34b1bf5243b192112f502,0.07854027301073074
2996,3ae52be664a249f695988575f8affc1f466c1c87,8563b6545a8ff8d17a74da1f70f57c4a7d9a38bc,0.10689686238765717
2997,3ae52be664a249f695988575f8affc1f466c1c87,4964f9a7437070858337393a1111032efc1c2039,0.11807085573673248
2998,3ae52be664a249f695988575f8affc1f466c1c87,5c2e8ef6835ca92476fa6d703e7cc8b1955f108f,0.08806763589382172
2999,3ae52be664a249f695988575f8affc1f466c1c87,16524adee515692a50dd67a170b8e605e4b00b29,0.09823833405971527
3000,3ae52be664a249f695988575f8affc1f466c1c87,a0495616ea12b3306e3e6d25093d6dc7642e7410,0.05963842570781708
3001,3ae52be664a249f695988575f8affc1f466c1c87,4b4edd81ae68c42c1a570bee7fd1a1956532320a,0.04294147342443466
3002,3ae52be664a249f695988575f8affc1f466c1c87,c4df7d84eb47e416af043dc20d053d3cb45e9571,0.06972900032997131
3003,3ae52be664a249f695988575f8affc1f466c1c87,0c5043108eda7d2fa467fe91e3c47d4ba08e0b48,0.05239694565534592
3004,3ae52be664a249f695988575f8affc1f466c1c87,751f61473d563f9018fbfac57cba5619cd39de4c,0.027156559750437737
3005,3ae52be664a249f695988575f8affc1f466c1c87,21ed4912935c2ce77515791acbccce527e7266ff,0.02172549068927765
3006,3ae52be664a249f695988575f8affc1f466c1c87,befc714b8b0611d5582960ce3d8573db0cc35f52,0.029251515865325928
3007,3ae52be664a249f695988575f8affc1f466c1c87,384ac22ddf645108d085f6f9ec6d359813776a80,0.00011964328587055206
3008,3ae52be664a249f695988575f8affc1f466c1c87,85947d646623ef7ed96dfa8b0eb705d53ccb4efe,-0.025308584794402122
3009,3ae52be664a249f695988575f8affc1f466c1c87,37ac5eaad66955ded22bbb50603f9d1a4f15f3d6,-0.01960352621972561
3010,3ae52be664a249f695988575f8affc1f466c1c87,7c70c29644ff1d6dd75a8a4dd0556fb8cb13549b,-0.006075102835893631
3011,3ae52be664a249f695988575f8affc1f466c1c87,aafef584b6c5b3e3275e42902c75ee6dfdf20942,-0.035792529582977295
3012,3ae52be664a249f695988575f8affc1f466c1c87,bdb6d9baefb2a972f4ed094ae40f04e55a850f2b,-0.033592402935028076
3013,3ae52be664a249f695988575f8affc1f466c1c87,abbb5854f5583703fc41112d40d7fe13742de81d,-0.025881031528115273
3014,3ae52be664a249f695988575f8affc1f466c1c87,225c570344c8230b9d3e8be3a5d8fd3d3a9ba267,-0.054998114705085754
3015,3ae52be664a249f695988575f8affc1f466c1c87,f62b9c6ef565e820d21dfa64e4aed00323a50417,-0.06361091136932373
3016,3ae52be664a249f695988575f8affc1f466c1c87,0b44fcbeea9415d400c5f5789d6b892b6f98daff,-0.016156960278749466
3017,3ae52be664a249f695988575f8affc1f466c1c87,4c18d626c7200957a36df64a5baefb8c9f8cda5a,-0.08468790352344513
3018,3ae52be664a249f695988575f8affc1f466c1c87,3832b8446bf3256148868ce62d84546e48c0a7be,-0.06256933510303497
3019,3ae52be664a249f695988575f8affc1f466c1c87,90541ff36e8e9592614224276b69e057c2c03c22,-0.0628807470202446
3020,3ae52be664a249f695988575f8affc1f466c1c87,7f4773a3edd05f27e543b89986f8bfd34ed29bfa,-0.10439518839120865
3021,36279b9053b8b28759a94eaa428d5e0b6dec4246,51f2804e45e9135006923a18da75b6a937335c31,0.5608644485473633
3022,36279b9053b8b28759a94eaa428d5e0b6dec4246,6388a1a8789c2fa7664471476afcc7b9473694fc,0.5028674602508545
3023,36279b9053b8b28759a94eaa428d5e0b6dec4246,3ba6dbd4b8dd913be895118601760772f9b18c2d,0.5379868745803833
3024,36279b9053b8b28759a94eaa428d5e0b6dec4246,45e68bcc151cada00809bcf99bf8928f832aa806,0.47768330574035645
3025,36279b9053b8b28759a94eaa428d5e0b6dec4246,9e5b3e79483b496156cd94d5731a83cc0f5d8ebc,0.44085508584976196
3026,36279b9053b8b28759a94eaa428d5e0b6dec4246,0df6ad955ff43a6aebec23a709e7b2bacec6b695,0.2590087056159973
3027,36279b9053b8b28759a94eaa428d5e0b6dec4246,7227252f30c6fcb9c943f67a6fa93997aaece172,0.2334575057029724
3028,36279b9053b8b28759a94eaa428d5e0b6dec4246,c9ce75202d567acb309f2f54b7c8e08070a35618,0.159432053565979
3029,36279b9053b8b28759a94eaa428d5e0b6dec4246,6ee423ad2fdce31fcce5885fb35475d9299e272c,0.14597785472869873
3030,36279b9053b8b28759a94eaa428d5e0b6dec4246,e940ba0e50107359993402541932e0145603bb70,0.15168625116348267
3031,36279b9053b8b28759a94eaa428d5e0b6dec4246,32d776a191dd6e51cc35c3a5566dd2fdb30aff8a,0.11157552897930145
3032,36279b9053b8b28759a94eaa428d5e0b6dec4246,2e6381f85437ac703e7d1739d20525c55a4f2abc,0.046333398669958115
3033,36279b9053b8b28759a94eaa428d5e0b6dec4246,aa11849871fe719f02c75051c2ff0f9bd3134de1,0.08956729620695114
3034,36279b9053b8b28759a94eaa428d5e0b6dec4246,a72c5cc3075d02f50d9fafcc51f202f168f1dd58,0.060616813600063324
3035,36279b9053b8b28759a94eaa428d5e0b6dec4246,f20fbad0632fdd7092529907230f69801c382c0f,0.031754687428474426
3036,36279b9053b8b28759a94eaa428d5e0b6dec4246,4b9b7eed30feee37db3452b74503d0db9f163074,0.059217147529125214
3037,36279b9053b8b28759a94eaa428d5e0b6dec4246,bb90fdd8ae078250baec5ffb7c1b458055a40d21,0.05083562806248665
3038,36279b9053b8b28759a94eaa428d5e0b6dec4246,2e8ddf1924da822408925988570c11ad663f8874,0.06812340021133423
3039,36279b9053b8b28759a94eaa428d5e0b6dec4246,430ddd5f2ed668e4c77b529607afa378453e11be,0.03524131327867508
3040,36279b9053b8b28759a94eaa428d5e0b6dec4246,688909988657a21632ded9b2225997f22a664307,0.031504884362220764
3041,36279b9053b8b28759a94eaa428d5e0b6dec4246,2a06f64857023c92c33c98682dc6b79bddf2b990,0.0403241328895092
3042,36279b9053b8b28759a94eaa428d5e0b6dec4246,46ebcc73d6f90f1b60869d212f3d0a80ef2a8673,0.007403118535876274
3043,36279b9053b8b28759a94eaa428d5e0b6dec4246,25b7f1b06e60a39113ebc25049e13b58f84fec1b,0.016265809535980225
3044,36279b9053b8b28759a94eaa428d5e0b6dec4246,0fbec54268f444ee7d884c09a4819a94677b2734,-0.007391843944787979
3045,36279b9053b8b28759a94eaa428d5e0b6dec4246,85aa1c6883d6b51171a80c57d82370207d4f1b89,0.05152870714664459
3046,36279b9053b8b28759a94eaa428d5e0b6dec4246,2c38ef0c12c0a3dabb7015c77638d171609654f5,-0.017822785302996635
3047,36279b9053b8b28759a94eaa428d5e0b6dec4246,2586dd5514cb203f42292f25238f1537ea5e4b8c,0.11458952724933624
3048,36279b9053b8b28759a94eaa428d5e0b6dec4246,1391d7b9739db12ff3bb23659430df13d71a44fc,-0.054377857595682144
3049,36279b9053b8b28759a94eaa428d5e0b6dec4246,89ac6035c01eb6234fe45601809e0097c4096d4a,-0.09957375377416611
3050,36279b9053b8b28759a94eaa428d5e0b6dec4246,e0893701ac08f8a949e61234364004e901793b3d,-0.10628700256347656
3051,ffaa313b8da3695627cd9915ca46b8bed24a9f4a,5ee0d8aeb2cb01ef4d8a858d234e72a7400c03ac,0.6260992288589478
3052,ffaa313b8da3695627cd9915ca46b8bed24a9f4a,33a31332ebd3de605a886546cf0576ad556bfed8,0.5141539573669434
3053,ffaa313b8da3695627cd9915ca46b8bed24a9f4a,16c3eaad79a51a9e1a408d768a5096ca7675d4fd,0.41261598467826843
3054,ffaa313b8da3695627cd9915ca46b8bed24a9f4a,0704bb7b7918cd512b5e66ea4b4993e50b8ae92f,0.47896599769592285
3055,ffaa313b8da3695627cd9915ca46b8bed24a9f4a,1c17f6ab76a32648cd84c8eef2e47045e8379310,0.3251802921295166
3056,ffaa313b8da3695627cd9915ca46b8bed24a9f4a,a310091e1c3688a6e922711ee5c5796aa614b36e,0.24662932753562927
3057,ffaa313b8da3695627cd9915ca46b8bed24a9f4a,5c9b4e652e47a168fd73e6e53410678194cd6b03,0.3050711750984192
3058,ffaa313b8da3695627cd9915ca46b8bed24a9f4a,0b48e2d88382c9ed27ba2d6fb1b61834d261122b,0.28079673647880554
3059,ffaa313b8da3695627cd9915ca46b8bed24a9f4a,63213d080a43660ac59ea12e3c35e6953f6d7ce8,0.16116110980510712
3060,ffaa313b8da3695627cd9915ca46b8bed24a9f4a,f8fdf353ff6fa428b1e1f6a451d8d25cacc93de7,0.11015252023935318
3061,ffaa313b8da3695627cd9915ca46b8bed24a9f4a,a0bca6dbb9232bc2a868f27b7d07acd08d0a1622,0.17440234124660492
3062,ffaa313b8da3695627cd9915ca46b8bed24a9f4a,9fa05d7a03de28f94596f0fa5e8f107cfe4d38d7,0.10638078302145004
3063,ffaa313b8da3695627cd9915ca46b8bed24a9f4a,30dbd52334d49d95fb0d0cb48b95e9588bceca0b,0.1246395856142044
3064,ffaa313b8da3695627cd9915ca46b8bed24a9f4a,af9e6c190d3928336d9975d7af332653cf68445c,0.06391117721796036
3065,ffaa313b8da3695627cd9915ca46b8bed24a9f4a,fe4b0925b52c89ec04a9d29e41eae98e0c98df78,0.08881795406341553
3066,ffaa313b8da3695627cd9915ca46b8bed24a9f4a,528a8ef7277d81d337c8b4c4fe0a9df483031773,0.057337213307619095
3067,ffaa313b8da3695627cd9915ca46b8bed24a9f4a,11efa6998c2cfd3de59cf0ec0321a9e17418915d,0.08767755329608917
3068,ffaa313b8da3695627cd9915ca46b8bed24a9f4a,2a61ff2716b68672cbfeddb3ecd166dc856afe96,0.08076987415552139
3069,ffaa313b8da3695627cd9915ca46b8bed24a9f4a,2e5f2b57f4c476dd69dc22ccdf547e48f40a994c,0.16807939112186432
3070,ffaa313b8da3695627cd9915ca46b8bed24a9f4a,a105f7448fcdd88d19e4603d94bd6e7b5c20143f,0.07089251279830933
3071,ffaa313b8da3695627cd9915ca46b8bed24a9f4a,147b029e07d952cc5dcd250129d78f2e171a605d,-0.009430430829524994
3072,ffaa313b8da3695627cd9915ca46b8bed24a9f4a,4606add11d6c6c24cf91f0800e4fe99392599613,0.015491394326090813
3073,ffaa313b8da3695627cd9915ca46b8bed24a9f4a,577a1ae723c8e151fc009c1e34cd34a499227175,-0.009299904108047485
3074,ffaa313b8da3695627cd9915ca46b8bed24a9f4a,692f807eb4a65179918a0df871c6339a6b7377f1,0.013573218137025833
3075,ffaa313b8da3695627cd9915ca46b8bed24a9f4a,7f9ac85a5ec08aa078018d0a498cea2380bc20e7,-0.031885791569948196
3076,ffaa313b8da3695627cd9915ca46b8bed24a9f4a,7d2196f89d0054f4665a124fd92d88d7a06894ba,-0.03810489550232887
3077,ffaa313b8da3695627cd9915ca46b8bed24a9f4a,29d865556ae25f08d5da963cd5df4c7798fe8fab,-0.035123564302921295
3078,ffaa313b8da3695627cd9915ca46b8bed24a9f4a,6858fd932670d15009a9253b1baf1b180cd807d4,-0.03312675654888153
3079,ffaa313b8da3695627cd9915ca46b8bed24a9f4a,b2e83112b2956483c6cc5982b56f5987788dd973,-0.04143689572811127
3080,ffaa313b8da3695627cd9915ca46b8bed24a9f4a,db5f395ad6cf9d911e448f2689b2c4d1b9d72f92,-0.05494139343500137
3081,2dd5f1d69e0e8a95a10f3f07f2c0c7fa172994b3,23fc83c8cfff14a16df7ca497661264fc54ed746,0.7495807409286499
3082,2dd5f1d69e0e8a95a10f3f07f2c0c7fa172994b3,6be461dd5869d00fc09975a8f8e31eb5f86be402,0.6777212619781494
3083,2dd5f1d69e0e8a95a10f3f07f2c0c7fa172994b3,0be360a2964c4bb91aaad0cc6d1baa6639746028,0.6447102427482605
3084,2dd5f1d69e0e8a95a10f3f07f2c0c7fa172994b3,1dff919e51c262c22630955972968f38ba385d8a,0.6286369562149048
3085,2dd5f1d69e0e8a95a10f3f07f2c0c7fa172994b3,70969a9322e4dec2ae1ff4c945d94ae707bccd25,0.2924177944660187
3086,2dd5f1d69e0e8a95a10f3f07f2c0c7fa172994b3,3d838b7e02ecfafdd1ed81ac0f70d9996b4bdf20,0.36644431948661804
3087,2dd5f1d69e0e8a95a10f3f07f2c0c7fa172994b3,4ac5145d2be39a6f7541ee7cb38d388790b6d1d1,0.16811001300811768
3088,2dd5f1d69e0e8a95a10f3f07f2c0c7fa172994b3,7f1b0539bec01e52c4ffa5543c5ed55880dead55,0.21478009223937988
3089,2dd5f1d69e0e8a95a10f3f07f2c0c7fa172994b3,81f83f0f353d2a7ca639cc16ecaad6b3abdd6cf1,0.17844170331954956
3090,2dd5f1d69e0e8a95a10f3f07f2c0c7fa172994b3,f51820619ca42c5799f3c5acc3855671b905419c,0.19433653354644775
3091,2dd5f1d69e0e8a95a10f3f07f2c0c7fa172994b3,9cab068f133e37b834b27bdc73f0823709b6d43e,0.17680220305919647
3092,2dd5f1d69e0e8a95a10f3f07f2c0c7fa172994b3,6ff2796ff8c6a4b2f7e3855b9dae6766ce177e4f,0.16572120785713196
3093,2dd5f1d69e0e8a95a10f3f07f2c0c7fa172994b3,f13902eb6429629179419c95234ddbd555eb2bb6,0.10789404064416885
3094,2dd5f1d69e0e8a95a10f3f07f2c0c7fa172994b3,318d7da35307221267b6ce6ead995cc812245abb,0.0971699208021164
3095,2dd5f1d69e0e8a95a10f3f07f2c0c7fa172994b3,b8813ca58d0fe6940e6d86f7ec8efc7d204cc8c8,0.0736277624964714
3096,2dd5f1d69e0e8a95a10f3f07f2c0c7fa172994b3,56b596c0762224d612a2cbf9b873423a12ff5b6b,0.11111380904912949
3097,2dd5f1d69e0e8a95a10f3f07f2c0c7fa172994b3,e45cf13bd9c0520e9efcc48dcf2e579cfca9490f,0.16952520608901978
3098,2dd5f1d69e0e8a95a10f3f07f2c0c7fa172994b3,281c3f3ba4d566775c67a99ce8eed1d68c046b07,0.10556156188249588
3099,2dd5f1d69e0e8a95a10f3f07f2c0c7fa172994b3,5499bdc807ec2d040e0b8b215cb234ccdfe45251,0.10506422072649002
3100,2dd5f1d69e0e8a95a10f3f07f2c0c7fa172994b3,2175d3d22066a58914554ba1a776e2e617e30469,0.07502108812332153
3101,2dd5f1d69e0e8a95a10f3f07f2c0c7fa172994b3,0432c63daa8356a7916d8475c854b6c774f31a55,0.021668419241905212
3102,2dd5f1d69e0e8a95a10f3f07f2c0c7fa172994b3,29d16b420ff3ac0f3df6640fbf0d0f814a03de1b,0.04352419823408127
3103,2dd5f1d69e0e8a95a10f3f07f2c0c7fa172994b3,072f49e07e02edc2a7f5b89b980a691248a5290e,0.012079213745892048
3104,2dd5f1d69e0e8a95a10f3f07f2c0c7fa172994b3,2b97d99ac4c00fe972aa114a9c453a457e894418,0.019053898751735687
3105,2dd5f1d69e0e8a95a10f3f07f2c0c7fa172994b3,8ad18a6f9bad5b9a68cf03623044c69335edc0a3,-0.016578596085309982
3106,2dd5f1d69e0e8a95a10f3f07f2c0c7fa172994b3,fbe829a9ee818b9fe919bad521f0502c6770df89,0.0035442672669887543
3107,2dd5f1d69e0e8a95a10f3f07f2c0c7fa172994b3,72c62348d76db34d507695db5dcc774a0ff402f4,-0.022440776228904724
3108,2dd5f1d69e0e8a95a10f3f07f2c0c7fa172994b3,15f932d189b13786ca54b1dc684902301d34ef65,-0.020123742520809174
3109,2dd5f1d69e0e8a95a10f3f07f2c0c7fa172994b3,952e6fba33b3a5e525a59cb922307f61395ed450,-0.09070869535207748
3110,2dd5f1d69e0e8a95a10f3f07f2c0c7fa172994b3,f09442e47cd2ff1383151325c0cb5f2e39f2d789,-0.11694731563329697
3111,0bdb616e15d3d6f17b90e2e5c588bfecac13768a,c5ee2621e5a0692677890df9a10963293ab14fc2,0.31048762798309326
3112,0bdb616e15d3d6f17b90e2e5c588bfecac13768a,29c6a8fd6201200bc83b54bad6a10d0c023b9928,0.37414923310279846
3113,0bdb616e15d3d6f17b90e2e5c588bfecac13768a,1ac3a1c91c982666ad63d082ffd3646b09817908,0.38319581747055054
3114,0bdb616e15d3d6f17b90e2e5c588bfecac13768a,2b5aadb2586707433beb21121677289d196e6144,0.3474280834197998
3115,0bdb616e15d3d6f17b90e2e5c588bfecac13768a,13eba30632154428725983fcd8343f3f1b3f0695,0.30240100622177124
3116,0bdb616e15d3d6f17b90e2e5c588bfecac13768a,eea31cf3deea85d456423470da215ba50c97146a,0.2487972229719162
3117,0bdb616e15d3d6f17b90e2e5c588bfecac13768a,14c146d457bbd201f3a117ee9c848300d341e5d0,0.296233594417572
3118,0bdb616e15d3d6f17b90e2e5c588bfecac13768a,e6fdef12057818aeeab41015eb885c42d799ba3a,0.21993161737918854
3119,0bdb616e15d3d6f17b90e2e5c588bfecac13768a,2bddc10b0bf0f2f17c57ecd9285d9e76bcb56c74,0.20619387924671173
3120,0bdb616e15d3d6f17b90e2e5c588bfecac13768a,b4f608ec910e9d8949c883257cda0ee0028b7fbb,0.19475308060646057
3121,0bdb616e15d3d6f17b90e2e5c588bfecac13768a,cf8c0e56c22836be4c80440e0def07b79c107c6d,0.22990119457244873
3122,0bdb616e15d3d6f17b90e2e5c588bfecac13768a,3d2868ed26c83fba3385b903750e4637179b9c5f,0.16923010349273682
3123,0bdb616e15d3d6f17b90e2e5c588bfecac13768a,4672aea3dfa891e6d5752b9b81f773f8ce15993a,0.24569085240364075
3124,0bdb616e15d3d6f17b90e2e5c588bfecac13768a,967972821567b8a34dc058c9fbf60c4054dc3b69,0.3432854413986206
3125,0bdb616e15d3d6f17b90e2e5c588bfecac13768a,c22f9e2f3cc1c2296f7edb4cf780c6503e244a49,0.20184963941574097
3126,0bdb616e15d3d6f17b90e2e5c588bfecac13768a,eed80bb1e6a0da9fd112cd89f236cb9d0421bb3b,0.11783705651760101
3127,0bdb616e15d3d6f17b90e2e5c588bfecac13768a,e63e6a8b2d8a3f94ef6d830a0240fc6aad28eb22,0.1634436994791031
3128,0bdb616e15d3d6f17b90e2e5c588bfecac13768a,664025aae372a2dc5d8f06e877b721b1461c4214,0.06471400707960129
3129,0bdb616e15d3d6f17b90e2e5c588bfecac13768a,87ba68678a1ae983cee474e4bfdd27257e45ca3d,0.09408120810985565
3130,0bdb616e15d3d6f17b90e2e5c588bfecac13768a,31d3d17a7de5013e5e810e257a707db5e0e64cc1,0.039090678095817566
3131,0bdb616e15d3d6f17b90e2e5c588bfecac13768a,85206fe2439bd23e6e452870b2c9da7f233b6956,0.024938305839896202
3132,0bdb616e15d3d6f17b90e2e5c588bfecac13768a,aca8059854b85bef137ac4ded96f743a6b097d2d,0.0044938623905181885
3133,0bdb616e15d3d6f17b90e2e5c588bfecac13768a,76365e761078ce82463988df59a8a0bce0d8d4d3,0.04121412709355354
3134,0bdb616e15d3d6f17b90e2e5c588bfecac13768a,b222eddf83d5ff8e772e8fcb8eb9c290cad1a056,-0.058993421494960785
3135,0bdb616e15d3d6f17b90e2e5c588bfecac13768a,39c715c182cb74dd3ad29e549218f45a4edfbcba,-0.030170518904924393
3136,0bdb616e15d3d6f17b90e2e5c588bfecac13768a,4fc2bbaa1f0502b5412e3d56acce2c9aa08bb586,-0.022475864738225937
3137,0bdb616e15d3d6f17b90e2e5c588bfecac13768a,91e6696dc746580177550571486bcec3fcd73d1b,-0.09270408004522324
3138,0bdb616e15d3d6f17b90e2e5c588bfecac13768a,7c43d01dd667723787392fb299b826a596882425,-0.05248218774795532
3139,0bdb616e15d3d6f17b90e2e5c588bfecac13768a,132c24f524c66d380ea948e432fbdbc95a08b1d4,-0.09248290956020355
3140,0bdb616e15d3d6f17b90e2e5c588bfecac13768a,0dbf801def1dd27800f3e0ab9cbf4d36c38a1250,-0.12068579345941544
3141,7aa39159fa794181ee07e4c6aab3990f358d08f1,37fd2fc9ae5baebe2f7ddb5456bc68f993d7bd66,0.6951594352722168
3142,7aa39159fa794181ee07e4c6aab3990f358d08f1,f2c4082faeff5d63b0144ef371c8964621ee33bf,0.570035994052887
3143,7aa39159fa794181ee07e4c6aab3990f358d08f1,714ed82f4f3d38677f823cafb1f037b10d32cc3d,0.6134803295135498
3144,7aa39159fa794181ee07e4c6aab3990f358d08f1,cc54251f84c8577ca862fec41a1766c9a0d4a7b8,0.43978559970855713
3145,7aa39159fa794181ee07e4c6aab3990f358d08f1,13a8c7c30ca67cb88b4c5b78d3109d1c5a0f6025,0.3737916052341461
3146,7aa39159fa794181ee07e4c6aab3990f358d08f1,35b79fa3cc3dad9defdb8cf5aeab5da57413530b,0.17185252904891968
3147,7aa39159fa794181ee07e4c6aab3990f358d08f1,394a3253849bacf24a8e1d98376540b8c9055b6c,0.11374711990356445
3148,7aa39159fa794181ee07e4c6aab3990f358d08f1,b452a829d69fb1e265cf9277ff669bbc2fa8859b,0.14150917530059814
3149,7aa39159fa794181ee07e4c6aab3990f358d08f1,3074acc23b66b9c2a53321a0b2dc4b7f9673890d,0.11055534332990646
3150,7aa39159fa794181ee07e4c6aab3990f358d08f1,7f1a80fd27f0e09fdb9982ec345745f9959892f5,0.11597912013530731
3151,7aa39159fa794181ee07e4c6aab3990f358d08f1,a12cd3d9ae5530a90302a6e4af477e6e24fa0f95,0.09154830127954483
3152,7aa39159fa794181ee07e4c6aab3990f358d08f1,e5ae82aa115f19e84a428e8377fac46aa0b3148e,0.09673430025577545
3153,7aa39159fa794181ee07e4c6aab3990f358d08f1,1d9bd24e65345258259ee24332141e371c6e4868,0.06721913814544678
3154,7aa39159fa794181ee07e4c6aab3990f358d08f1,27464a00725c941d7ec910e4a7b5240fc2d299d7,0.131210595369339
3155,7aa39159fa794181ee07e4c6aab3990f358d08f1,8dc4025cfa05e6aab60ce578f9c9b55e356aeb79,0.10770437866449356
3156,7aa39159fa794181ee07e4c6aab3990f358d08f1,7ec432f17555c345988b16cf076bfabaabb0dabf,0.07320190221071243
3157,7aa39159fa794181ee07e4c6aab3990f358d08f1,1125e6304da5bb15746807aad75d5208267070b2,0.07628262042999268
3158,7aa39159fa794181ee07e4c6aab3990f358d08f1,9d5de7d9c54f3c815350bcd00847ea25e34341cc,0.043124258518218994
3159,7aa39159fa794181ee07e4c6aab3990f358d08f1,2645a136bb1f0af81a526f04a1c9eb2b28dccb1b,0.03600555658340454
3160,7aa39159fa794181ee07e4c6aab3990f358d08f1,7862f646d640cbf9f88e5ba94a7d642e2a552ec9,0.023150403052568436
3161,7aa39159fa794181ee07e4c6aab3990f358d08f1,9e538e389d7805d297f66be47cfae47796ef9123,0.06863577663898468
3162,7aa39159fa794181ee07e4c6aab3990f358d08f1,29b756ebab9a00e65dcc8e0cc77544dbec5d4531,0.051568493247032166
3163,7aa39159fa794181ee07e4c6aab3990f358d08f1,1e08547a5eb97c4d1f29b14de0703e40f8e4fd67,0.02263656072318554
3164,7aa39159fa794181ee07e4c6aab3990f358d08f1,9b1b350dc58def7b7d7b147b779aa0b534b5b335,0.0021910984069108963
3165,7aa39159fa794181ee07e4c6aab3990f358d08f1,4da2d4a57d41e53eb3ea9e841b7c007820c6d8ff,-0.006429931148886681
3166,7aa39159fa794181ee07e4c6aab3990f358d08f1,641549e1867d66515002ccfe218149af6e38ddcc,-0.026994861662387848
3167,7aa39159fa794181ee07e4c6aab3990f358d08f1,519ca7401f2346d8e31916b17b0466f5f77b7ad6,-0.01895730569958687
3168,7aa39159fa794181ee07e4c6aab3990f358d08f1,674221c1fbd95e2505ca0921e16d00bb81c81c0e,-0.023344863206148148
3169,7aa39159fa794181ee07e4c6aab3990f358d08f1,289daa2781140eb67e4e7edd548213569c5235c7,-0.10021094232797623
3170,7aa39159fa794181ee07e4c6aab3990f358d08f1,0f2069063f35553917aca882cddfb6cd6e361c3f,-0.07638394087553024
3171,d6649d1eeace7fc7c020b047b22ba79c7481c324,8cbef23c9ee2ae7c35cc691a0c1d713a6377c9f2,0.7180147171020508
3172,d6649d1eeace7fc7c020b047b22ba79c7481c324,928f9dccb806a3278d20d82cc53781c5f44e2bb1,0.5634450912475586
3173,d6649d1eeace7fc7c020b047b22ba79c7481c324,562c09c112df56c5696c010d90a815d6018a86c8,0.5586597919464111
3174,d6649d1eeace7fc7c020b047b22ba79c7481c324,3729a9a140aa13b3b26210d333fd19659fc21471,0.5659559965133667
3175,d6649d1eeace7fc7c020b047b22ba79c7481c324,916ac71109a4c59640ba2de167acab7276d33429,0.5699552297592163
3176,d6649d1eeace7fc7c020b047b22ba79c7481c324,8645a7ff78dc321e08dea6576c04f02a3ce158f9,0.25864118337631226
3177,d6649d1eeace7fc7c020b047b22ba79c7481c324,6723dda58e5e09089ec78ba42827b65859f030e2,0.38340163230895996
3178,d6649d1eeace7fc7c020b047b22ba79c7481c324,80dd62d02e1b0766859382c00309ca4e21fee6d9,0.32302170991897583
3179,d6649d1eeace7fc7c020b047b22ba79c7481c324,c64f1bd3a1bd7f7fe4cadc469b4b94c45ad12b5d,0.4058913588523865
3180,d6649d1eeace7fc7c020b047b22ba79c7481c324,182a48ae7deb6e78bcb206414b56be6a52609c42,0.2622144818305969
3181,d6649d1eeace7fc7c020b047b22ba79c7481c324,25406e6733a698bfc4ac836f8e74f458e75dad4f,0.25376570224761963
3182,d6649d1eeace7fc7c020b047b22ba79c7481c324,e02010ed24b9a1aea265ac84c3e5d103c071dfe2,0.16506579518318176
3183,d6649d1eeace7fc7c020b047b22ba79c7481c324,27e13389203b2f8f6138afed867965a3a38cbd8e,0.1632840633392334
3184,d6649d1eeace7fc7c020b047b22ba79c7481c324,e291622a815c6af3c00e06171f6d8ae72021893c,0.11775486916303635
3185,d6649d1eeace7fc7c020b047b22ba79c7481c324,125e8c9e923442ebdf6a9f90267089b571caecd5,0.05855458974838257
3186,d6649d1eeace7fc7c020b047b22ba79c7481c324,daa3b94cdc7b52b3381a7c7e21022a7a8c005f84,0.011277790181338787
3187,d6649d1eeace7fc7c020b047b22ba79c7481c324,41d47de1571a6e495cde9f88e514d34dc95d3216,-0.002335626631975174
3188,d6649d1eeace7fc7c020b047b22ba79c7481c324,c131f2b65169e3162e2d6430019bad81c7919ed5,0.02060732990503311
3189,d6649d1eeace7fc7c020b047b22ba79c7481c324,233866c68491176ea2cf15c8a72e8f2c3090004b,0.010479466989636421
3190,d6649d1eeace7fc7c020b047b22ba79c7481c324,6bd17ab8f24f6c117cf842773aec99e9c3b5fa8b,0.006904629059135914
3191,d6649d1eeace7fc7c020b047b22ba79c7481c324,7e0d8c44695523e009748eb5f9709579162a183d,-0.0010392144322395325
3192,d6649d1eeace7fc7c020b047b22ba79c7481c324,66ea9389b7ecd7f8070cddc8c6c3ecbf301e3577,0.06139463186264038
3193,d6649d1eeace7fc7c020b047b22ba79c7481c324,8534c9b03ea00647e7bb3cb85133e1897d913d23,-0.04457920044660568
3194,d6649d1eeace7fc7c020b047b22ba79c7481c324,74aa24a6b41363c37ee1d4a4c57b138af7e5be54,-0.016587283462285995
3195,d6649d1eeace7fc7c020b047b22ba79c7481c324,c08549d77b291b720e66392378ff9917d5a1a498,-0.026577014476060867
3196,d6649d1eeace7fc7c020b047b22ba79c7481c324,07deac012e4cc97cbc4ef0cb96cbe7e9fc76926e,-0.047001659870147705
3197,d6649d1eeace7fc7c020b047b22ba79c7481c324,199a71f02c63b4b84a00e9b73fd538d28ed92362,-0.03442147374153137
3198,d6649d1eeace7fc7c020b047b22ba79c7481c324,77febaeb483dc8d145a2c897f743ee46b11266ad,-0.06995146721601486
3199,d6649d1eeace7fc7c020b047b22ba79c7481c324,fe9fcaaeaf1fbd97b219e854b3f025a3e19238d1,-0.08913865685462952
3200,d6649d1eeace7fc7c020b047b22ba79c7481c324,11f3421ee2e0fe35aca0b7b8ad3379eb4675d50f,-0.09974613785743713
3201,ccdc79b2aec687beef2cd3526cf47dd79b9ec220,922a324c99e97c511477637f3cfe16c7f06ce382,0.7032387852668762
3202,ccdc79b2aec687beef2cd3526cf47dd79b9ec220,e5ad332e2b23727ae842875674b60a99f490fed8,0.694138765335083
3203,ccdc79b2aec687beef2cd3526cf47dd79b9ec220,41289566ac0176dced2312f813328ad4c0552618,0.6571484804153442
3204,ccdc79b2aec687beef2cd3526cf47dd79b9ec220,365859840ba0b560a6e82e0e808ee26a7734af51,0.6601696610450745
3205,ccdc79b2aec687beef2cd3526cf47dd79b9ec220,052b1d8ce63b07fec3de9dbb583772d860b7c769,0.3335827887058258
3206,ccdc79b2aec687beef2cd3526cf47dd79b9ec220,6da4f296950456023105b62f285983c81df69b04,0.27487266063690186
3207,ccdc79b2aec687beef2cd3526cf47dd79b9ec220,6df3dc585e32f3b1cb49228d94a5469c30d79d2b,0.15316921472549438
3208,ccdc79b2aec687beef2cd3526cf47dd79b9ec220,109f6c2ea18058cca7b9cc734b30dea6dd64cac0,0.23862454295158386
3209,ccdc79b2aec687beef2cd3526cf47dd79b9ec220,6b4081a0b5d775172269854c07dadb0c07977806,0.20716801285743713
3210,ccdc79b2aec687beef2cd3526cf47dd79b9ec220,8130cefaab7dc16ad84220ea74fcb133a4266c05,0.15160740911960602
3211,ccdc79b2aec687beef2cd3526cf47dd79b9ec220,c83bfb21bbff0d46595eab2c979bc40d4fd8c851,0.11703893542289734
3212,ccdc79b2aec687beef2cd3526cf47dd79b9ec220,a205303bb8e66cf8588b1f8c555f1ffcefbed107,0.14749610424041748
3213,ccdc79b2aec687beef2cd3526cf47dd79b9ec220,bdc7f9989d33004b79cbfe66cc5317c7d70b19e2,0.09463680535554886
3214,ccdc79b2aec687beef2cd3526cf47dd79b9ec220,d203f5734f5ee9d49c0adff31805ed93034ca60e,0.1534380316734314
3215,ccdc79b2aec687beef2cd3526cf47dd79b9ec220,5726690fc48158f4806ca25b207130544ecee95d,0.033240191638469696
3216,ccdc79b2aec687beef2cd3526cf47dd79b9ec220,0ea4e3d8cc656aaee6e4cb6c3ef8366facdba9b5,0.06700244545936584
3217,ccdc79b2aec687beef2cd3526cf47dd79b9ec220,6dc8b7fd326a4e2037bb002b3420a3af45e20947,0.1017225980758667
3218,ccdc79b2aec687beef2cd3526cf47dd79b9ec220,5910f05c7f938c70181253031afe541a1434bf95,0.04001137241721153
3219,ccdc79b2aec687beef2cd3526cf47dd79b9ec220,18493175642909909196e99b90a6af0bf3ef803b,0.06207713484764099
3220,ccdc79b2aec687beef2cd3526cf47dd79b9ec220,c404992349e537bf6100a4835fec8fb2ebbe25cb,-0.0012759994715452194
3221,ccdc79b2aec687beef2cd3526cf47dd79b9ec220,e0c1c27c369d1c1f1b76f0ae8fded19a0b3a8de4,-0.002185910940170288
3222,ccdc79b2aec687beef2cd3526cf47dd79b9ec220,2924e3afe0a0c07bd1f02fbe1089dcb8b4516212,-0.009160518646240234
3223,ccdc79b2aec687beef2cd3526cf47dd79b9ec220,8228b780429acc22ffb48e64147f58b4dea291f1,0.025076737627387047
3224,ccdc79b2aec687beef2cd3526cf47dd79b9ec220,6c316c08a7912f6427c27edbfbd2f53cbbad50a5,-0.03691738843917847
3225,ccdc79b2aec687beef2cd3526cf47dd79b9ec220,a4714774f451eef9755ef3914dc87d488607982e,-0.000218147411942482
3226,ccdc79b2aec687beef2cd3526cf47dd79b9ec220,790709abb93c0de4e02576993ab94d4f3b7143a5,-0.0948796346783638
3227,ccdc79b2aec687beef2cd3526cf47dd79b9ec220,6e176436c677af3f6c95edb329b4b5e015d695ed,-0.09023395925760269
3228,ccdc79b2aec687beef2cd3526cf47dd79b9ec220,f34b673052bfb29391b493cb00408e4d00f39604,-0.046792082488536835
3229,ccdc79b2aec687beef2cd3526cf47dd79b9ec220,c6e3df7ea9e28e25e048f840f59088a34bed8322,-0.07486088573932648
3230,ccdc79b2aec687beef2cd3526cf47dd79b9ec220,28a2addad0adc8523490105c17d36a96cc55c5a9,-0.0743425115942955
3231,2a6300ea9db239f190cb3d8cba4e45a7c0b1c710,5b659bff5c423749af541b3d743158ee117ad94e,0.6765441298484802
3232,2a6300ea9db239f190cb3d8cba4e45a7c0b1c710,a6f1dfcc44277d4cfd8507284d994c9283dc3a2f,0.4346529245376587
3233,2a6300ea9db239f190cb3d8cba4e45a7c0b1c710,0015fa48e4ab633985df789920ef1e0c75d4b7a8,0.4284147322177887
3234,2a6300ea9db239f190cb3d8cba4e45a7c0b1c710,0d94a0a51cdecbdec81c97d2040ed28d3e9c96de,0.42396384477615356
3235,2a6300ea9db239f190cb3d8cba4e45a7c0b1c710,4ae8a49a272d985878d7f5d20440840dcff9d3af,0.29557764530181885
3236,2a6300ea9db239f190cb3d8cba4e45a7c0b1c710,82a46a91665af46f6251005e11c3d64589e5edd1,0.34423860907554626
3237,2a6300ea9db239f190cb3d8cba4e45a7c0b1c710,1ba9363080a3014a5d793aa9455e8db32478b7cc,0.2838677763938904
3238,2a6300ea9db239f190cb3d8cba4e45a7c0b1c710,05f0c711c4788e14d1be3ca0e6d3c5ae8ad05cc1,0.2869214713573456
3239,2a6300ea9db239f190cb3d8cba4e45a7c0b1c710,52e8b1cb5c4f6b43b13db9c322861ad53aaa28e9,0.2745625972747803
3240,2a6300ea9db239f190cb3d8cba4e45a7c0b1c710,ed73dcf31265f02ad99693da562d02bbb8ee55f9,0.26708346605300903
3241,2a6300ea9db239f190cb3d8cba4e45a7c0b1c710,34abbfb70b22be3dabb54760d6a2f5a3eb3ab1e8,0.33920615911483765
3242,2a6300ea9db239f190cb3d8cba4e45a7c0b1c710,65d1cb55c861bd5ac67c443aa6a0185de4f03324,0.2800862789154053
3243,2a6300ea9db239f190cb3d8cba4e45a7c0b1c710,162fb818aa65132f3a425c2e8539e9633bbc1fa0,0.2156982570886612
3244,2a6300ea9db239f190cb3d8cba4e45a7c0b1c710,f1d498d4a7c58b4189da12786b29510341171a14,0.23496200144290924
3245,2a6300ea9db239f190cb3d8cba4e45a7c0b1c710,cc98decd850a4fe0d054b0d9bb661b082951e427,0.205892875790596
3246,2a6300ea9db239f190cb3d8cba4e45a7c0b1c710,6883a910d49afa95e7e21078bb8e6aa37ea4ef63,0.16308723390102386
3247,2a6300ea9db239f190cb3d8cba4e45a7c0b1c710,5badb3cf19a724327f62991e8616772b0222858b,0.1170220673084259
3248,2a6300ea9db239f190cb3d8cba4e45a7c0b1c710,202d24310e30333391d966b5979358d5bee713c5,0.08119603991508484
3249,2a6300ea9db239f190cb3d8cba4e45a7c0b1c710,3958ae8784db5b44a1f3d0b59d049f9414b1b0bd,0.10334478318691254
3250,2a6300ea9db239f190cb3d8cba4e45a7c0b1c710,cbe8b5a1f88660373d63c31a81c505e13cd4dfa6,0.10183364897966385
3251,2a6300ea9db239f190cb3d8cba4e45a7c0b1c710,72869ab0aaadfbb380872330db4129f92e521c6a,0.08895795047283173
3252,2a6300ea9db239f190cb3d8cba4e45a7c0b1c710,1512f584ef8572d998968b732476999a74a9146d,0.12652598321437836
3253,2a6300ea9db239f190cb3d8cba4e45a7c0b1c710,156bf09e393bde29351f2f7375db68467e7c325b,0.09537295997142792
3254,2a6300ea9db239f190cb3d8cba4e45a7c0b1c710,b974e5db6acf996079adac89395286c1e96b5b97,0.027733689174056053
3255,2a6300ea9db239f190cb3d8cba4e45a7c0b1c710,b7bceac24ca6ec76c50d42602e8566efa671cb76,0.04444791376590729
3256,2a6300ea9db239f190cb3d8cba4e45a7c0b1c710,2275762a28582716db92df6d525ed2481c7d7f14,0.03679751977324486
3257,2a6300ea9db239f190cb3d8cba4e45a7c0b1c710,6bed44cc1bed40a23f598d1a6c6a2b3ebb72bdc9,0.016312608495354652
3258,2a6300ea9db239f190cb3d8cba4e45a7c0b1c710,85147a6c93ce64cfe9871f480eef555e2c7d5a4e,-0.0072817131876945496
3259,2a6300ea9db239f190cb3d8cba4e45a7c0b1c710,921cd09d4483812e3ae434d37ad98d76ac87b32d,-0.0719599574804306
3260,2a6300ea9db239f190cb3d8cba4e45a7c0b1c710,27b2b7b1c70ece4fbdf6c9746cdddb9e616ab841,-0.10396309942007065
3261,994ca78751ecfc571cb7ce05c4343c12b9677b71,5b62860a9eb3492c5c2d7fb42fd023cae891df45,0.7326005101203918
3262,994ca78751ecfc571cb7ce05c4343c12b9677b71,2dfae0e14aea9cc7fae04aa8662765e6227439ae,0.5412205457687378
3263,994ca78751ecfc571cb7ce05c4343c12b9677b71,4dc881bf2fb04ffe71bed7a9e0612cb93a9baccf,0.39173924922943115
3264,994ca78751ecfc571cb7ce05c4343c12b9677b71,125d7bd51c44907e166d82469aa4a7ba1fb9b77f,0.4622672200202942
3265,994ca78751ecfc571cb7ce05c4343c12b9677b71,1d9dece252de9457f504c8e79efe50fda73a2199,0.4209330081939697
3266,994ca78751ecfc571cb7ce05c4343c12b9677b71,b97cdc4bd0b021caefe7921c8c637b76f8a8114b,0.2708616852760315
3267,994ca78751ecfc571cb7ce05c4343c12b9677b71,0e62a123913b0dca9e1697a3cbf978d69dd9284d,0.20674172043800354
3268,994ca78751ecfc571cb7ce05c4343c12b9677b71,ddc334306f269968451ca720b3d804e9b0911765,0.1769496649503708
3269,994ca78751ecfc571cb7ce05c4343c12b9677b71,f212f69199a4ca3ca7c5b59cd6325d06686c1956,0.15106235444545746
3270,994ca78751ecfc571cb7ce05c4343c12b9677b71,22c33a890c0bf4fc2a2d354d48ee9e00bffcc9a6,0.15152320265769958
3271,994ca78751ecfc571cb7ce05c4343c12b9677b71,4c1b6d34c0c35e41fb0b0e76794f04d1d871d34b,0.12847650051116943
3272,994ca78751ecfc571cb7ce05c4343c12b9677b71,0d11248c42d5a57bb28b00d64e21a32d31bcd760,0.12050546705722809
3273,994ca78751ecfc571cb7ce05c4343c12b9677b71,b0de31324518f5281c769b8047fae7c2cba0de5c,0.111058808863163
3274,994ca78751ecfc571cb7ce05c4343c12b9677b71,3e832919bf4156dd2c7c191acbbc714535f1d8c2,0.07754696905612946
3275,994ca78751ecfc571cb7ce05c4343c12b9677b71,dd41010faa2c848729bc79614f1846a2267f1904,0.018943065777420998
3276,994ca78751ecfc571cb7ce05c4343c12b9677b71,bd58d8547ca844e6dc67f41c953bf133ce11d9b7,0.06281039118766785
3277,994ca78751ecfc571cb7ce05c4343c12b9677b71,017f511734b7094c360ac7854d39f2fa063e8c9c,0.049289271235466
3278,994ca78751ecfc571cb7ce05c4343c12b9677b71,0cea7a2f9e0d156af3ce6ff3ebf9b07fbd98a90d,0.0642545223236084
3279,994ca78751ecfc571cb7ce05c4343c12b9677b71,4cb04f57941ed2a5335cdb82e3db9bdd5079bd87,0.05309164524078369
3280,994ca78751ecfc571cb7ce05c4343c12b9677b71,317d42ec9d872445d7ea8373cf97c11e512d56d6,0.024553440511226654
3281,994ca78751ecfc571cb7ce05c4343c12b9677b71,6af807ff627e9fff8742e6d9196d8cbe79007f85,0.06084130331873894
3282,994ca78751ecfc571cb7ce05c4343c12b9677b71,5d1730136d23d5f1a6d0fea50a2203d8df6eb3db,0.02215399220585823
3283,994ca78751ecfc571cb7ce05c4343c12b9677b71,1f9b31e0fc44e9cfce34b43ff681aea42e4c0d96,0.03461979702115059
3284,994ca78751ecfc571cb7ce05c4343c12b9677b71,417f12cd8dc5eec846b5f0f11ce5c58f5591c306,0.014806214720010757
3285,994ca78751ecfc571cb7ce05c4343c12b9677b71,ec3cd5873b32221677df219fb7a06876fdd1de49,-0.005337901413440704
3286,994ca78751ecfc571cb7ce05c4343c12b9677b71,71b090c082cd80ca82d5e8170cc08f13e2e85837,-0.017591465264558792
3287,994ca78751ecfc571cb7ce05c4343c12b9677b71,d2f4fb27454bb92f63446e4a059f59b35f4c2508,-0.001323595643043518
3288,994ca78751ecfc571cb7ce05c4343c12b9677b71,92319b104fe2e8979e8237a587bdf455bc7fbc83,-0.025522734969854355
3289,994ca78751ecfc571cb7ce05c4343c12b9677b71,144ea690592d0dce193cbbaac94266a0c3c6f85d,-0.0431528203189373
3290,994ca78751ecfc571cb7ce05c4343c12b9677b71,60686a80b91ce9518428e00dea95dfafadadd93c,-0.09588892757892609
3291,3cfa669b42a1e0e87bf3aca4d491039495ef87f8,2b00e526490d65f2ec00107fb7bcce0ace5960c7,0.5867181420326233
3292,3cfa669b42a1e0e87bf3aca4d491039495ef87f8,7ea0ea01f47f49028802aa1126582d2d8a80dd59,0.35798966884613037
3293,3cfa669b42a1e0e87bf3aca4d491039495ef87f8,1883204b8dbb419fcfa8adf86d61baf62283c667,0.362140417098999
3294,3cfa669b42a1e0e87bf3aca4d491039495ef87f8,1d6889c44e11141cc82ef28bba1afe07f3c0a2b4,0.3969084620475769
3295,3cfa669b42a1e0e87bf3aca4d491039495ef87f8,95b6f903dc5bb3a6ede84ea2cf7cd48ab7e8e06b,0.19906869530677795
3296,3cfa669b42a1e0e87bf3aca4d491039495ef87f8,50d90e75b14fc1527dcc99c06edb3577924e37b6,0.20460538566112518
3297,3cfa669b42a1e0e87bf3aca4d491039495ef87f8,132b3bd259bf10a41c00330a49de701c4e59a7ca,0.14697358012199402
3298,3cfa669b42a1e0e87bf3aca4d491039495ef87f8,fd6918d4c9ac32028f5bfb53ba8b9f9caca71370,0.15254628658294678
3299,3cfa669b42a1e0e87bf3aca4d491039495ef87f8,faae3d1d38cd8c899d610bec0a18931b5da78ab3,0.11617855727672577
3300,3cfa669b42a1e0e87bf3aca4d491039495ef87f8,8619cf157a41aae1a2080f1689fcaedb0e47eb4d,0.08551079034805298
3301,3cfa669b42a1e0e87bf3aca4d491039495ef87f8,b02771eb27df3f69d721cfd64e13e338acbc3336,0.08970910310745239
3302,3cfa669b42a1e0e87bf3aca4d491039495ef87f8,f8f91f477ffdb979f54da0f762d107bef6b9bc86,0.06279069185256958
3303,3cfa669b42a1e0e87bf3aca4d491039495ef87f8,faaa47b2545922a3615c1744e8f4f11c77f1985a,0.05902998521924019
3304,3cfa669b42a1e0e87bf3aca4d491039495ef87f8,49565dd40c89680fdf9d6958f721eabcdfb89c22,0.10555660724639893
3305,3cfa669b42a1e0e87bf3aca4d491039495ef87f8,06e04fd496cd805bca69eea2c1977f90afeeef83,0.08512011915445328
3306,3cfa669b42a1e0e87bf3aca4d491039495ef87f8,4f4a9ec008ee88f1eabc7d490b2475bf97913fbb,0.044292908161878586
3307,3cfa669b42a1e0e87bf3aca4d491039495ef87f8,2f2dbb88c9266356dfda696ed907067c1e42902c,0.05223840847611427
3308,3cfa669b42a1e0e87bf3aca4d491039495ef87f8,79e18d73de9ff62ef19277655d330e514e849462,0.0732884630560875
3309,3cfa669b42a1e0e87bf3aca4d491039495ef87f8,4526ae7cd03dfc5d624e0285e3134d38b8640cdd,0.008000929839909077
3310,3cfa669b42a1e0e87bf3aca4d491039495ef87f8,5dfb49cd8cc0568e2cc8204de7fa4aca30ff0ca7,0.04436062276363373
3311,3cfa669b42a1e0e87bf3aca4d491039495ef87f8,403c0f91fba1399e9b7a15c5fbea60ce5f28eabb,0.002028114628046751
3312,3cfa669b42a1e0e87bf3aca4d491039495ef87f8,a66fe50037d1a4c3798fb0aadb6e9b7c5c8b6319,0.013469822704792023
3313,3cfa669b42a1e0e87bf3aca4d491039495ef87f8,7274c36c94c71d10ba687418ff5f68aafad40402,-0.00539214164018631
3314,3cfa669b42a1e0e87bf3aca4d491039495ef87f8,839a69a55d862563fe75528ec5d763fb01c09c61,-0.01283281296491623
3315,3cfa669b42a1e0e87bf3aca4d491039495ef87f8,170fa6c08c7d13e0b128ce108adc8d0c8d247674,-0.02494920790195465
3316,3cfa669b42a1e0e87bf3aca4d491039495ef87f8,efaf2ddf50575ae79c458b7c4974620d2a740ac7,0.007072855718433857
3317,3cfa669b42a1e0e87bf3aca4d491039495ef87f8,6949c82155c51eb3990e4e961449a1a631fe37d9,-0.025357836857438087
3318,3cfa669b42a1e0e87bf3aca4d491039495ef87f8,8b0feafa8faddf7f4ca1aaf41e0cd19512385914,-0.06956170499324799
3319,3cfa669b42a1e0e87bf3aca4d491039495ef87f8,baff7613deb1c84d2570bee2212ebb2391261727,-0.07492406666278839
3320,3cfa669b42a1e0e87bf3aca4d491039495ef87f8,a306754e556446a5199e258f464fd6e26be547fe,-0.03827907145023346
3321,c62c07de196e95eaaf614fb150a4fa4ce49588b4,28d99dc2d673d62118658f8375b414e5192eac6f,0.525863766670227
3322,c62c07de196e95eaaf614fb150a4fa4ce49588b4,fdb15e965c4d0c7a667b37651f63aef10b376d7e,0.3318920135498047
3323,c62c07de196e95eaaf614fb150a4fa4ce49588b4,743c18a2c7abca292b3e6060ecd4e4464cf66bcc,0.2461778223514557
3324,c62c07de196e95eaaf614fb150a4fa4ce49588b4,ba60b642a558858325f50d38a345b6bb85114ce1,0.2264087200164795
3325,c62c07de196e95eaaf614fb150a4fa4ce49588b4,061356704ec86334dbbc073985375fe13cd39088,0.2534562349319458
3326,c62c07de196e95eaaf614fb150a4fa4ce49588b4,dfba505f7e15d53318e5edb74a7f0547f5c683de,0.18446119129657745
3327,c62c07de196e95eaaf614fb150a4fa4ce49588b4,6d5faca2dc2613067d0399451c0a91c05ed5f5bd,0.20748892426490784
3328,c62c07de196e95eaaf614fb150a4fa4ce49588b4,0122e063ca5f0f9fb9d144d44d41421503252010,0.23426000773906708
3329,c62c07de196e95eaaf614fb150a4fa4ce49588b4,dea9b9619936bb00cf845cdf4478435da5363057,0.19815006852149963
3330,c62c07de196e95eaaf614fb150a4fa4ce49588b4,25128668964e006fcea3f0ff5061c5fdd755c2e3,0.1808823049068451
3331,c62c07de196e95eaaf614fb150a4fa4ce49588b4,11cb21527a463cad75c2334f0829532ec14b51cb,0.15252873301506042
3332,c62c07de196e95eaaf614fb150a4fa4ce49588b4,c40174aeb1be3998a2f8faae28d6689611bb7aad,0.12657594680786133
3333,c62c07de196e95eaaf614fb150a4fa4ce49588b4,28a2166112318413647605a87d5baae5badf5c3a,0.1394175887107849
3334,c62c07de196e95eaaf614fb150a4fa4ce49588b4,8fbfe4cf21d2e28e29d5e0d99b58cdc99208dc85,0.06852000206708908
3335,c62c07de196e95eaaf614fb150a4fa4ce49588b4,981fef7155742608b8b6673f4a9566158b76cd67,0.31634092330932617
3336,c62c07de196e95eaaf614fb150a4fa4ce49588b4,5642eb6d333ca0d9e3772ca007f020f6e533c46c,0.08244310319423676
3337,c62c07de196e95eaaf614fb150a4fa4ce49588b4,1a090df137014acab572aa5dc23449b270db64b4,0.2915499210357666
3338,c62c07de196e95eaaf614fb150a4fa4ce49588b4,d940d19edf0e7b9257dbf42966b14acd6191288e,0.10723505169153214
3339,c62c07de196e95eaaf614fb150a4fa4ce49588b4,ba1637705ac683f77a10c8112ed9b44449bd859e,0.025981228798627853
3340,c62c07de196e95eaaf614fb150a4fa4ce49588b4,b5e04a538ecb428c4cfef9784fe1f7d1c193cd1a,0.06355518102645874
3341,c62c07de196e95eaaf614fb150a4fa4ce49588b4,92fc1ee8cf89106a3ed76cff4875edabd159f686,0.03426527976989746
3342,c62c07de196e95eaaf614fb150a4fa4ce49588b4,1b4a45c05620fa7ee4b8e8a9a2c4583f02a02a9c,0.03398590534925461
3343,c62c07de196e95eaaf614fb150a4fa4ce49588b4,2490306ed749acb8976155e8ba8b1fc3461b6c9c,0.04863221198320389
3344,c62c07de196e95eaaf614fb150a4fa4ce49588b4,49472d1bd25a3cf8426ea86aac29d8159a825728,0.011975802481174469
3345,c62c07de196e95eaaf614fb150a4fa4ce49588b4,449f0be722c178f3d0a3ee4454c4d1cb0fe31b73,0.0012741908431053162
3346,c62c07de196e95eaaf614fb150a4fa4ce49588b4,27dc15a7f2370d45a2aa4084b69dbfb0c9a74569,-0.022411450743675232
3347,c62c07de196e95eaaf614fb150a4fa4ce49588b4,b661882fefc9d9e59f26417d2e134e15e57bbccd,-0.016540465876460075
3348,c62c07de196e95eaaf614fb150a4fa4ce49588b4,ea949df68de667b25adfd68caebde203a4d48b01,-0.025683704763650894
3349,c62c07de196e95eaaf614fb150a4fa4ce49588b4,360256f07d4239964d929dcd3d8df0415cf3fbf7,-0.013348013162612915
3350,c62c07de196e95eaaf614fb150a4fa4ce49588b4,998a18da106d8065ba4765e7ba381555d4016fd4,-0.03076392225921154
3351,903e066a3d1024b3355e167e1307b70ac2f034e1,0a482d33dc0c7ca08cc333158c5c0e82d4c04560,0.5403829216957092
3352,903e066a3d1024b3355e167e1307b70ac2f034e1,84073be75980a6a8aabc11a00b4017f681362c08,0.5194573998451233
3353,903e066a3d1024b3355e167e1307b70ac2f034e1,4eb943bf999ce49e5ebb629d7d0ffee44becff94,0.4719730019569397
3354,903e066a3d1024b3355e167e1307b70ac2f034e1,0b3cfbf79d50dae4a16584533227bb728e3522aa,0.4670705199241638
3355,903e066a3d1024b3355e167e1307b70ac2f034e1,2be13dc3d2e27bea5b5008a164e8ddac5ff4dcdd,0.4393611550331116
3356,903e066a3d1024b3355e167e1307b70ac2f034e1,ecc5492d00b1c53ed30d830136c300d381ca2770,0.21066433191299438
3357,903e066a3d1024b3355e167e1307b70ac2f034e1,9c3b6fe16fcf417ee8f87bd2810fa9e0a9896bd4,0.2299349457025528
3358,903e066a3d1024b3355e167e1307b70ac2f034e1,31b179cc445f2cf2b82b0112b309a8cf10abfde6,0.16187766194343567
3359,903e066a3d1024b3355e167e1307b70ac2f034e1,4e7abdcafcfb593c2db9a69d65b479333cf22961,0.10961759835481644
3360,903e066a3d1024b3355e167e1307b70ac2f034e1,084dd226a724608d29a70101f793ed4e81dddfd7,0.1364392340183258
3361,903e066a3d1024b3355e167e1307b70ac2f034e1,b418c47489e0e51504540f6ac46e530822e759a8,0.10859081894159317
3362,903e066a3d1024b3355e167e1307b70ac2f034e1,5c695f1810951ad1bbdf7da5f736790dca240e5b,0.06781941652297974
3363,903e066a3d1024b3355e167e1307b70ac2f034e1,74d369ac9d945959b6afe5e7cb7147ece2f3aceb,0.10406921803951263
3364,903e066a3d1024b3355e167e1307b70ac2f034e1,65bf178effbf3abe806926899c79924a80502f8c,0.054963063448667526
3365,903e066a3d1024b3355e167e1307b70ac2f034e1,060d1b412dc3fb7d5f5d952adc8a4a8ecc4bd3fa,0.10595569014549255
3366,903e066a3d1024b3355e167e1307b70ac2f034e1,da3e09593812d0d4022a05737f870625dd13e661,0.055873289704322815
3367,903e066a3d1024b3355e167e1307b70ac2f034e1,42b9487dc0ce33f9ebf83930d709ed73f45399ad,0.07091180980205536
3368,903e066a3d1024b3355e167e1307b70ac2f034e1,55686516b40a94165aa9bda3aa0d0d4cda8992fb,0.03913641721010208
3369,903e066a3d1024b3355e167e1307b70ac2f034e1,099089dd8cc7a2cba74ac56664e43313b47c7bf3,0.05200916528701782
3370,903e066a3d1024b3355e167e1307b70ac2f034e1,ef9ecdfa98eba6827ba0140981fd0c259a72c877,0.02264482155442238
3371,903e066a3d1024b3355e167e1307b70ac2f034e1,c144214851af20f95642f394195d4671fed258a7,-0.009721142239868641
3372,903e066a3d1024b3355e167e1307b70ac2f034e1,a90d4559e7d4fb07b1ae495f5062aa83ce84ef4f,0.03449144959449768
3373,903e066a3d1024b3355e167e1307b70ac2f034e1,a17a069a093dba710582e6e3a25abe67e7d74da7,0.05313939228653908
3374,903e066a3d1024b3355e167e1307b70ac2f034e1,454c99488333b2720299e1c49c6ded14e1ceb108,-0.006571575067937374
3375,903e066a3d1024b3355e167e1307b70ac2f034e1,83fbcac3e5d959923397aaa07317a14c852b4948,-0.0008174646645784378
3376,903e066a3d1024b3355e167e1307b70ac2f034e1,38d309e86c2bcb00bfe9b7f9c6740f061f4ef27c,-0.025023717433214188
3377,903e066a3d1024b3355e167e1307b70ac2f034e1,07c00639d498de8b3aa0c3ee50dd939cd03fce7d,0.021292220801115036
3378,903e066a3d1024b3355e167e1307b70ac2f034e1,46cf123a28b30921ac904672fbba9073885fa9dc,-0.024055244401097298
3379,903e066a3d1024b3355e167e1307b70ac2f034e1,95a6d057b441396420ee46eca84dea47e4bf11e7,-0.0429370254278183
3380,903e066a3d1024b3355e167e1307b70ac2f034e1,cdd34f54a5a719c9474a7c167642fac89bef9893,-0.0828949585556984
3381,df0ef17f63582603dafb1ac5c489dec1416ecbf4,fdddcec753050d624a72d3de6f23c5b560f1cb25,0.588168203830719
3382,df0ef17f63582603dafb1ac5c489dec1416ecbf4,a7ab6fe31ee11a6b59e4d0c15de9f81661ef0d58,0.5438061952590942
3383,df0ef17f63582603dafb1ac5c489dec1416ecbf4,a5d0083902cdd74a4e22805a01688b07e3d01883,0.31533384323120117
3384,df0ef17f63582603dafb1ac5c489dec1416ecbf4,1827de6fa9c9c1b3d647a9d707042e89cf94abf0,0.30926257371902466
3385,df0ef17f63582603dafb1ac5c489dec1416ecbf4,061356704ec86334dbbc073985375fe13cd39088,0.2749367654323578
3386,df0ef17f63582603dafb1ac5c489dec1416ecbf4,b8c3586b0db6ab4a520e038fd04379944a93e328,0.20295082032680511
3387,df0ef17f63582603dafb1ac5c489dec1416ecbf4,14318685b5959b51d0f1e3db34643eb2855dc6d9,0.2644365429878235
3388,df0ef17f63582603dafb1ac5c489dec1416ecbf4,a520c83130857a8892a8233a3d8a1381a65d6ae3,0.2085939645767212
3389,df0ef17f63582603dafb1ac5c489dec1416ecbf4,fcf9086047002a6a04385a80e3f4cf25aa1d59a5,0.1537417471408844
3390,df0ef17f63582603dafb1ac5c489dec1416ecbf4,598552f19aa38e7d7921e074885aba9d18d22aa2,0.24006137251853943
3391,df0ef17f63582603dafb1ac5c489dec1416ecbf4,12dc84ff8f98d6cb4b3ea0c1d4b444900d4bbb5c,0.15671925246715546
3392,df0ef17f63582603dafb1ac5c489dec1416ecbf4,741fd80f0a31fe77f91b1cce3d91c544d6d5b1b2,0.2105432152748108
3393,df0ef17f63582603dafb1ac5c489dec1416ecbf4,2059e79de003a1a177405cee9d8cdb8b555d91e8,0.10160668194293976
3394,df0ef17f63582603dafb1ac5c489dec1416ecbf4,32595517f623429cd323e6552a063b99ddb78766,0.07448865473270416
3395,df0ef17f63582603dafb1ac5c489dec1416ecbf4,8415d972023133d0f3f731ec7d070663ba878624,0.09906303882598877
3396,df0ef17f63582603dafb1ac5c489dec1416ecbf4,7c461664d3be5328d2b82b62f254513a8cfc3f69,0.0922468826174736
3397,df0ef17f63582603dafb1ac5c489dec1416ecbf4,90ff0f5eaed1ebb42a50da451f15cf39de53b681,0.10480241477489471
3398,df0ef17f63582603dafb1ac5c489dec1416ecbf4,6e80768219b2ab5a3247444cfb280e8d33d369f0,0.05424392223358154
3399,df0ef17f63582603dafb1ac5c489dec1416ecbf4,79e78623f550a14fec5a05fcb31e641f347ccccd,0.04926518350839615
3400,df0ef17f63582603dafb1ac5c489dec1416ecbf4,b58ac39705ba8b6df6c87e7f662d4041eeb032b6,0.04220082238316536
3401,df0ef17f63582603dafb1ac5c489dec1416ecbf4,0295f6b715b6ed73fb9fbb0da528220004eb892e,0.03634578734636307
3402,df0ef17f63582603dafb1ac5c489dec1416ecbf4,48593450966066cd97cf5e1ad11dfd2c29ab13bc,0.018343737348914146
3403,df0ef17f63582603dafb1ac5c489dec1416ecbf4,5baade37a1a5ff966fc1ffe3099056fae491a2c6,-0.017178112640976906
3404,df0ef17f63582603dafb1ac5c489dec1416ecbf4,4e08d766f6f81501aba9a026db4b3d0b634ea535,-0.04318862408399582
3405,df0ef17f63582603dafb1ac5c489dec1416ecbf4,5424a7cd6a6393ceb8759494ee6a7f7f16a0a179,-0.05077861249446869
3406,df0ef17f63582603dafb1ac5c489dec1416ecbf4,dd58d7c7083c1ee6e281fd2a5293653d4aecca5d,-0.07308577001094818
3407,df0ef17f63582603dafb1ac5c489dec1416ecbf4,e5ff81282457006da54e230dcff3a7ae45f7c278,-0.07503402233123779
3408,df0ef17f63582603dafb1ac5c489dec1416ecbf4,0e762d93bcce174d13d5d682e702c5e3a28bed20,-0.10390748828649521
3409,df0ef17f63582603dafb1ac5c489dec1416ecbf4,a5786a82cea67a46c45b18525fca9e0bb9254040,-0.10399459302425385
3410,df0ef17f63582603dafb1ac5c489dec1416ecbf4,25f08ef49357067dcb58cc3b8af416e138006737,-0.17439505457878113
3411,ceb688c5ed7cca450dd52442edfb5ca2392a8b74,4942001ded918f11eda28251522031c6e6bc68ae,0.7464133501052856
3412,ceb688c5ed7cca450dd52442edfb5ca2392a8b74,2fe9bd2c1ef121cffcb44924af219dd8505e20c8,0.7310451865196228
3413,ceb688c5ed7cca450dd52442edfb5ca2392a8b74,c7537cde670d395517c60fe251e7722a47c99150,0.4486469626426697
3414,ceb688c5ed7cca450dd52442edfb5ca2392a8b74,105e77b8182b6e591247918f45f04c6a67f9a72f,0.1677984595298767
3415,ceb688c5ed7cca450dd52442edfb5ca2392a8b74,e913e0d75d00fb790d2d3e75d2ea6e2645757b2c,0.14061182737350464
3416,ceb688c5ed7cca450dd52442edfb5ca2392a8b74,b51cdeb74165df0ce32ea3a1a606d28186f03e9d,0.16584987938404083
3417,ceb688c5ed7cca450dd52442edfb5ca2392a8b74,5cfd05faf428bcef6670978adb520564d0d69d32,0.05088390037417412
3418,ceb688c5ed7cca450dd52442edfb5ca2392a8b74,3f5e13e951b58c1725250cb60afc27f08d8bf02c,0.05675835907459259
3419,ceb688c5ed7cca450dd52442edfb5ca2392a8b74,29f94f5a209294554615d925a53c53b3a9649dd1,0.055899567902088165
3420,ceb688c5ed7cca450dd52442edfb5ca2392a8b74,ec5c2c30a4bcc66a97e8d9d20ccc4f7616f5505f,0.045116763561964035
3421,ceb688c5ed7cca450dd52442edfb5ca2392a8b74,af8a5f3b44be82472ed40f14313e7f7ef9fb148c,0.05289027839899063
3422,ceb688c5ed7cca450dd52442edfb5ca2392a8b74,46b2b620e7b26bf6049aaece16c469006a95a2c7,0.019852396100759506
3423,ceb688c5ed7cca450dd52442edfb5ca2392a8b74,f0d401122c35b43ceec1441c548be75d96783673,0.04670257866382599
3424,ceb688c5ed7cca450dd52442edfb5ca2392a8b74,9dcb91c79a70913763091ff1a20c4b7cb46b96fd,0.00840107724070549
3425,ceb688c5ed7cca450dd52442edfb5ca2392a8b74,d2044695b0cc9c01b07e81ecf27b19c4efb9e23c,0.001001466065645218
3426,ceb688c5ed7cca450dd52442edfb5ca2392a8b74,5260a9aa1ba1e46f1acbd4472a2d3bdb175fc67c,-0.004869667813181877
3427,ceb688c5ed7cca450dd52442edfb5ca2392a8b74,2d69249e404fc7aa66eba313e020b721bb4e6c0b,-0.022914553061127663
3428,ceb688c5ed7cca450dd52442edfb5ca2392a8b74,4b65024cd376067156a5ac967899a7748fa31f6f,-0.05222867429256439
3429,ceb688c5ed7cca450dd52442edfb5ca2392a8b74,65f34550cac522b9cd702d2a1bf81de66406ee24,-0.012427140027284622
3430,ceb688c5ed7cca450dd52442edfb5ca2392a8b74,40c3b350008ada8f3f53a758e69992b6db8a8f95,-0.04850531369447708
3431,ceb688c5ed7cca450dd52442edfb5ca2392a8b74,30ee737e5cc4dd048edf48b6f26ceba5d7b9b1cb,-0.053510233759880066
3432,ceb688c5ed7cca450dd52442edfb5ca2392a8b74,5f010dae38b54015adfa6e42b7e042fe923e9d93,-0.04994480311870575
3433,ceb688c5ed7cca450dd52442edfb5ca2392a8b74,6e412334c5cb6e59a1c7dc2e4594b9c0af52bc97,-0.05110807716846466
3434,ceb688c5ed7cca450dd52442edfb5ca2392a8b74,35da44eb2b036f4f34cee38f0cd60f1ce77053f0,-0.03266338258981705
3435,ceb688c5ed7cca450dd52442edfb5ca2392a8b74,f66696ce5c60b8fe71590521718213316fb2ea2f,-0.031536225229501724
3436,ceb688c5ed7cca450dd52442edfb5ca2392a8b74,cb52554f0b28304e8a2de813ac572267ecd7ce46,-0.060078151524066925
3437,ceb688c5ed7cca450dd52442edfb5ca2392a8b74,5757dd57950f6b3c4d90a342a170061c8c535536,-0.0894358903169632
3438,ceb688c5ed7cca450dd52442edfb5ca2392a8b74,762f678d97238c407aa5d63ae5aaaa963e1c4c7e,-0.0988805741071701
3439,ceb688c5ed7cca450dd52442edfb5ca2392a8b74,6babe6becc5e13ae72d19dde27dc7f80a9642d59,-0.08654950559139252
3440,ceb688c5ed7cca450dd52442edfb5ca2392a8b74,b1cfe7f8b8557b03fa38036030f09b448d925041,-0.11347998678684235
3441,7ffd6b7c27558400bfe609161b158d6a34b62f62,920a208d36319b8b5343c66d768693400ad826b7,0.26462268829345703
3442,7ffd6b7c27558400bfe609161b158d6a34b62f62,110ee8ab8f652c16fcc3bb767687e1c695c2500b,0.23102742433547974
3443,7ffd6b7c27558400bfe609161b158d6a34b62f62,04250e037dce3a438d8f49a4400566457190f4e2,0.2549910247325897
3444,7ffd6b7c27558400bfe609161b158d6a34b62f62,138f8fc3e05509eb9d43d0446fcff21a73cf06ae,0.2622624635696411
3445,7ffd6b7c27558400bfe609161b158d6a34b62f62,0fb1b0ce8b93abcfd30a4bb41d4d9b266b1c0f64,0.2523927092552185
3446,7ffd6b7c27558400bfe609161b158d6a34b62f62,89b44921d04692f44a1c6c8730179a3de3df5767,0.1952701210975647
3447,7ffd6b7c27558400bfe609161b158d6a34b62f62,6896b672970b05fd90e245919429dbd379bd050a,0.20378363132476807
3448,7ffd6b7c27558400bfe609161b158d6a34b62f62,391c00495de723dd459e9834c8af0a353fe44b92,0.1553415209054947
3449,7ffd6b7c27558400bfe609161b158d6a34b62f62,16c6a5df8185ca12e5d1a280cea23fb55e27f2f1,0.15686336159706116
3450,7ffd6b7c27558400bfe609161b158d6a34b62f62,04a20cd0199d0a24fea8e6bf0e0cc61b26c1f3ac,0.23541119694709778
3451,7ffd6b7c27558400bfe609161b158d6a34b62f62,04e34e689386604ab37780c48797352321f95102,0.22135427594184875
3452,7ffd6b7c27558400bfe609161b158d6a34b62f62,7dd5e5c8561ba1813ea524907c9a79cceeace95d,0.18302901089191437
3453,7ffd6b7c27558400bfe609161b158d6a34b62f62,78fef6c5072e0d2ecfa710c2bb5bbc2cf54acbca,0.1639106273651123
3454,7ffd6b7c27558400bfe609161b158d6a34b62f62,f48e7c627bf5626511985f07111dcb4e05f5e5ee,0.10292980074882507
3455,7ffd6b7c27558400bfe609161b158d6a34b62f62,4b80f7c6ac8160897dd887ccea40c1a014b27368,0.1341097205877304
3456,7ffd6b7c27558400bfe609161b158d6a34b62f62,49acf191aa9f0c3b7ce996e8cfd1a405e21a11a7,0.20782896876335144
3457,7ffd6b7c27558400bfe609161b158d6a34b62f62,e7d868486a29b74a7e7cc94776a353196bf63a0f,0.122133269906044
3458,7ffd6b7c27558400bfe609161b158d6a34b62f62,41d47de1571a6e495cde9f88e514d34dc95d3216,0.0859047994017601
3459,7ffd6b7c27558400bfe609161b158d6a34b62f62,32a9fb2ec387dfd3d4ca662430a69d5b8f887793,0.09462258219718933
3460,7ffd6b7c27558400bfe609161b158d6a34b62f62,500f88036ad6b05fb5bfad419ec7a6dc10305e2c,0.05623593181371689
3461,7ffd6b7c27558400bfe609161b158d6a34b62f62,3bad812dac5b2db81c464ff80e2db7595bd902be,0.10906124114990234
3462,7ffd6b7c27558400bfe609161b158d6a34b62f62,5b58277bc34d15e345e143720614134945ede942,0.05586104467511177
3463,7ffd6b7c27558400bfe609161b158d6a34b62f62,258e80bbf3c013fda6b3f66d0b459d0da3492044,0.06864424049854279
3464,7ffd6b7c27558400bfe609161b158d6a34b62f62,dc52d1ede1b90bf9d296bc5b34c9310b7eaa99a2,0.14553241431713104
3465,7ffd6b7c27558400bfe609161b158d6a34b62f62,4e381dfece765ba0c9689bd57ea40f9280dc287e,-0.047407228499650955
3466,7ffd6b7c27558400bfe609161b158d6a34b62f62,a4757879a8e4fdda20aa1921f337846127bb7a9c,-0.04713275283575058
3467,7ffd6b7c27558400bfe609161b158d6a34b62f62,d45556175c94541a6502bf43320a9d6dce11433a,-0.07822533696889877
3468,7ffd6b7c27558400bfe609161b158d6a34b62f62,a052348595c07b7da2fc9ef5a0e883f03b6a02b1,-0.0855354517698288
3469,7ffd6b7c27558400bfe609161b158d6a34b62f62,f4e481c143e52cbdabf523bbd28ae0dd79e2aa66,-0.05958179384469986
3470,7ffd6b7c27558400bfe609161b158d6a34b62f62,99d9812c4e769864acbcc57d764a842a52d95c0b,-0.058917805552482605
3471,d15f8891e586a9c19c9fc30fa636e764c9eeaff9,9cd1166aa66b0798bf452f48feab44d7082c1bf6,0.6741573214530945
3472,d15f8891e586a9c19c9fc30fa636e764c9eeaff9,014b191f412f8496813d7c358ddd11d8512f2005,0.5396183729171753
3473,d15f8891e586a9c19c9fc30fa636e764c9eeaff9,ad6d5e4545c60ec559d27a09fbef13fa538172e1,0.5032913684844971
3474,d15f8891e586a9c19c9fc30fa636e764c9eeaff9,2c3eb8bcfe5f0bf7666a8719d89784a60ffa3c33,0.467041552066803
3475,d15f8891e586a9c19c9fc30fa636e764c9eeaff9,783a911805ec8fa146ede0f29c4f8d90e42db509,0.4049050807952881
3476,d15f8891e586a9c19c9fc30fa636e764c9eeaff9,904229ce8b8d53eb7e7a65dd52df887cf739a4ba,0.1458762288093567
3477,d15f8891e586a9c19c9fc30fa636e764c9eeaff9,8f69384b197a424dfbd0f60d7c48c110faf2b982,0.2357618510723114
3478,d15f8891e586a9c19c9fc30fa636e764c9eeaff9,20cf4cf5bdd8db1ebabe8e6de258deff08d9b855,0.11694897711277008
3479,d15f8891e586a9c19c9fc30fa636e764c9eeaff9,86335522e84bd14bb53fc23c265d7fed614f3cc4,0.11128495633602142
3480,d15f8891e586a9c19c9fc30fa636e764c9eeaff9,acec5113c70016d38605bdbd3e70b1209f5fcecd,0.11876946687698364
3481,d15f8891e586a9c19c9fc30fa636e764c9eeaff9,d43d9dfb35e3399b0ef8d842381867a50e7dc349,0.0872841626405716
3482,d15f8891e586a9c19c9fc30fa636e764c9eeaff9,de83aeaea47d40f0838d87637c4843246d1f37c0,0.09562802314758301
3483,d15f8891e586a9c19c9fc30fa636e764c9eeaff9,051f689825d4f118a39a286cf72888d2d1a84438,0.09577229619026184
3484,d15f8891e586a9c19c9fc30fa636e764c9eeaff9,e2ad147ca0342795c853ede7491f5c51ebd1d1a3,0.07953484356403351
3485,d15f8891e586a9c19c9fc30fa636e764c9eeaff9,43216287965da7bfbe56b2e50a552cf0ac3144f0,0.06764981150627136
3486,d15f8891e586a9c19c9fc30fa636e764c9eeaff9,41c52fd45b209a1a72f45fe7b99afddd653c5a12,0.029302451759576797
3487,d15f8891e586a9c19c9fc30fa636e764c9eeaff9,c9412e0fe79b51a9289cf1712a52fd4c7e9cd87b,0.032808635383844376
3488,d15f8891e586a9c19c9fc30fa636e764c9eeaff9,93f5a28d16e04334fcb71cb62d0fd9b1c68883bb,0.013750672340393066
3489,d15f8891e586a9c19c9fc30fa636e764c9eeaff9,5b832f8a5807b66921c151716adfb55fe7fadc15,0.02800283208489418
3490,d15f8891e586a9c19c9fc30fa636e764c9eeaff9,7855705b976b0545067709e5aff54d9d8e2f2c02,0.012773994356393814
3491,d15f8891e586a9c19c9fc30fa636e764c9eeaff9,2966ce6356da4ca4ab9422d9233253dc433b2700,-0.015600738115608692
3492,d15f8891e586a9c19c9fc30fa636e764c9eeaff9,3a09d0f6cd5da2178419d7e6c346ef9f6a82863f,0.02443879470229149
3493,d15f8891e586a9c19c9fc30fa636e764c9eeaff9,5e4f7a53314103efb9b1bae9a3189560839afffb,-0.05563713610172272
3494,d15f8891e586a9c19c9fc30fa636e764c9eeaff9,b6975005a606d58d461eb507cf194c96ad1f05fd,0.023717522621154785
3495,d15f8891e586a9c19c9fc30fa636e764c9eeaff9,5d37014068ec3113d9b403556c1fdf861bec0162,-0.010123451240360737
3496,d15f8891e586a9c19c9fc30fa636e764c9eeaff9,dcbbb4509c7256f20ec2ec3c1450cd09290518f5,-0.03402800112962723
3497,d15f8891e586a9c19c9fc30fa636e764c9eeaff9,0f899b92b7fb03b609fee887e4b6f3b633eaf30d,-0.036230191588401794
3498,d15f8891e586a9c19c9fc30fa636e764c9eeaff9,5028cd9a7003212f307e683252beaf1ce94f72d5,-0.022978879511356354
3499,d15f8891e586a9c19c9fc30fa636e764c9eeaff9,483b94374944293d2a6d36cc1c97f0544ce3c79c,-0.018571866676211357
3500,d15f8891e586a9c19c9fc30fa636e764c9eeaff9,d6b66236d802a6915077583aa102c03aa170392d,-0.030120011419057846
3501,109cc0e1b5cbf8f4e329f93060032db46de72bd8,6d5866cbc027bdf72693685c26344d4365433d72,0.6284615993499756
3502,109cc0e1b5cbf8f4e329f93060032db46de72bd8,94f2b0a8a4bf74324c4d4ea97f471ceda4037304,0.4171905219554901
3503,109cc0e1b5cbf8f4e329f93060032db46de72bd8,80df49b1d5d0ce2aa2b03bb0d74afdb19eee9822,0.4026679992675781
3504,109cc0e1b5cbf8f4e329f93060032db46de72bd8,fa4c72540d19204317c3f06474a6ce9b38f5bb5d,0.19143706560134888
3505,109cc0e1b5cbf8f4e329f93060032db46de72bd8,0377692f15151de63bbb919ba949f5a035cc19ef,0.19055460393428802
3506,109cc0e1b5cbf8f4e329f93060032db46de72bd8,3ff5284e97c511ff15f588a2ebdd3f9220faa8af,0.1793348789215088
3507,109cc0e1b5cbf8f4e329f93060032db46de72bd8,072f64cf386f47fff76abb9c6dc809413861bb48,0.1852215826511383
3508,109cc0e1b5cbf8f4e329f93060032db46de72bd8,446f2361283f627639a14ad5776b8502cffe15a5,0.1375313103199005
3509,109cc0e1b5cbf8f4e329f93060032db46de72bd8,352ea65a8a912f254a16dea7f6c25543e5e2af77,0.12153466790914536
3510,109cc0e1b5cbf8f4e329f93060032db46de72bd8,8385d35fe4dae9416f1efad6e38f9ae54548361c,0.11132556200027466
3511,109cc0e1b5cbf8f4e329f93060032db46de72bd8,33fa11ba676f317b73f963ade7226762b4f3f9c2,0.3656196892261505
3512,109cc0e1b5cbf8f4e329f93060032db46de72bd8,6db97f77c1f6f5636cf0ae7650f1718e143840a2,0.07796250283718109
3513,109cc0e1b5cbf8f4e329f93060032db46de72bd8,3b5b9cbd2f0cfd390eeb968c99266115cb2c9597,0.0830710157752037
3514,109cc0e1b5cbf8f4e329f93060032db46de72bd8,6f8a13a1a7eba8966627775c32ae59dafd91cedc,0.06351108849048615
3515,109cc0e1b5cbf8f4e329f93060032db46de72bd8,9b76da8963efc95a16ce1de33ecd1866ac73a913,0.06280001997947693
3516,109cc0e1b5cbf8f4e329f93060032db46de72bd8,3811b03c4ebbd93dfc602eef422fc8237fda8654,0.05158843472599983
3517,109cc0e1b5cbf8f4e329f93060032db46de72bd8,895fa1357bcfa9b845945c6505a6e48070fd5d89,0.054208483546972275
3518,109cc0e1b5cbf8f4e329f93060032db46de72bd8,faec856e8bd4567fcd9d25e87d4fbce5ce8154b2,0.03201207518577576
3519,109cc0e1b5cbf8f4e329f93060032db46de72bd8,c5c5f3a4f177af2de8ec61039ebc6e43bb377041,0.03223781660199165
3520,109cc0e1b5cbf8f4e329f93060032db46de72bd8,6b68a0c00a1a6d2ffa96402065378b1dae28f0e2,0.04832671582698822
3521,109cc0e1b5cbf8f4e329f93060032db46de72bd8,5988871eacdf73804bd2f3ad8e680431c4272d61,-0.02583230845630169
3522,109cc0e1b5cbf8f4e329f93060032db46de72bd8,f04778053628446775733ef25536358c0f26924f,0.04204970598220825
3523,109cc0e1b5cbf8f4e329f93060032db46de72bd8,913864ff9e0ff021bddd4266f3f322b5156aa4c6,-0.004276007879525423
3524,109cc0e1b5cbf8f4e329f93060032db46de72bd8,95e8c75daa1c65264b948392356a86596ff0b695,0.009842059575021267
3525,109cc0e1b5cbf8f4e329f93060032db46de72bd8,716a6d5706305697a4b22d5dd694a7ee668b842f,-0.010572994127869606
3526,109cc0e1b5cbf8f4e329f93060032db46de72bd8,7352925e375549e4a001990ff93af72b7805f149,-0.015272160060703754
3527,109cc0e1b5cbf8f4e329f93060032db46de72bd8,758e8d23b9336a4961e095664c247cb4cca3620e,-0.0325872004032135
3528,109cc0e1b5cbf8f4e329f93060032db46de72bd8,bd966a4333268bfa67663c4fe757983d50b818b3,-0.04666924476623535
3529,109cc0e1b5cbf8f4e329f93060032db46de72bd8,bb6ff9b72e2e02da62ffdfa5e476614b03dca40a,-0.06156410649418831
3530,109cc0e1b5cbf8f4e329f93060032db46de72bd8,75235e03ac0ec643e8a784f432e6d1567eea81b7,-0.1271447390317917
3531,5056e36419b95411e4c03e9c011bbdd286bbb7a9,8b3539e359f4dd445c0651ebcb911c034d1ffc5b,0.66701740026474
3532,5056e36419b95411e4c03e9c011bbdd286bbb7a9,d04c3ab918aad5f2b3fcec971db5cbe81de72d3e,0.6406005620956421
3533,5056e36419b95411e4c03e9c011bbdd286bbb7a9,4358e29f6c95f371ade11a56e8b2ffea549d5842,0.6218863129615784
3534,5056e36419b95411e4c03e9c011bbdd286bbb7a9,33576c0fc316c45c3672523114b20a5bb996e1f4,0.559179425239563
3535,5056e36419b95411e4c03e9c011bbdd286bbb7a9,666e4ea184b0d093faacb0dd301e8e598a62603b,0.5779638290405273
3536,5056e36419b95411e4c03e9c011bbdd286bbb7a9,917a10ee4d12cf07a59e16e0d3620545218a60c6,0.280767560005188
3537,5056e36419b95411e4c03e9c011bbdd286bbb7a9,fbad8d246083321ffbfdb4b07c28e3868f45e1ce,0.3528740406036377
3538,5056e36419b95411e4c03e9c011bbdd286bbb7a9,43751b572e8608f88d851a541f67a8ae456b780b,0.33912232518196106
3539,5056e36419b95411e4c03e9c011bbdd286bbb7a9,a4fa356a2652a87eaa0fe362b21e89e4b17fd0ed,0.11962363123893738
3540,5056e36419b95411e4c03e9c011bbdd286bbb7a9,c4938b4967b5953d95bd531d84f10ae6585fb434,0.1830478310585022
3541,5056e36419b95411e4c03e9c011bbdd286bbb7a9,e5c290307d3df32b1aaa872e2b5cd60f3f410f10,0.07708153128623962
3542,5056e36419b95411e4c03e9c011bbdd286bbb7a9,26aa2421657e68751f6c9954f157ae54cc27049f,0.04254724830389023
3543,5056e36419b95411e4c03e9c011bbdd286bbb7a9,488f675419b6692e388e57e1324db87a82daa895,-0.005632322281599045
3544,5056e36419b95411e4c03e9c011bbdd286bbb7a9,b6d2863a6a7afcda3630c83a7d9c353864f50086,-0.00354689359664917
3545,5056e36419b95411e4c03e9c011bbdd286bbb7a9,ae4f36ed7915db38c0baa21c14ed1455df95a738,-0.02791743166744709
3546,5056e36419b95411e4c03e9c011bbdd286bbb7a9,f306c0d24a5eb338b7a577a17d8b35d78716d880,-0.017025914043188095
3547,5056e36419b95411e4c03e9c011bbdd286bbb7a9,d4cb8486072db071eb3388078fb2a01b724ef262,-0.020934883505105972
3548,5056e36419b95411e4c03e9c011bbdd286bbb7a9,61723cdd6f8195c8bb7407a04bb29a690de6a08c,-0.025135595351457596
3549,5056e36419b95411e4c03e9c011bbdd286bbb7a9,ff00e759842a949776fb15235db1f4a433d4a303,-0.023801252245903015
3550,5056e36419b95411e4c03e9c011bbdd286bbb7a9,a1d66f1344424f8294a740dcda9847bbc853be2e,-0.07005999982357025
3551,5056e36419b95411e4c03e9c011bbdd286bbb7a9,60b87f87bee45a05ab2e711c893fddf621ac37cb,-0.053964003920555115
3552,5056e36419b95411e4c03e9c011bbdd286bbb7a9,46c90184ff78ccab48f2520f56531aea101537dd,-0.02614913135766983
3553,5056e36419b95411e4c03e9c011bbdd286bbb7a9,37eba6d7c346813ceb21c1e17aee53df34527962,-0.07804213464260101
3554,5056e36419b95411e4c03e9c011bbdd286bbb7a9,6e7f16af764e42f8386705bbc955fd65ae2a5f71,-0.05320369079709053
3555,5056e36419b95411e4c03e9c011bbdd286bbb7a9,8039a25fa3408d73829c3746e0e453ad7dc268b4,-0.07745647430419922
3556,5056e36419b95411e4c03e9c011bbdd286bbb7a9,a0eb9c4b70e7f63fef5faef0ac9282416e1b58a9,-0.09072557091712952
3557,5056e36419b95411e4c03e9c011bbdd286bbb7a9,94d03985252d5a497feb407f1366fc29b34cb0fc,-0.09623390436172485
3558,5056e36419b95411e4c03e9c011bbdd286bbb7a9,79b58b2ddabb506637508b6d6d5a2081586d69cf,-0.03294835984706879
3559,5056e36419b95411e4c03e9c011bbdd286bbb7a9,864fe713fd082585b67198ad7942a1568e536bd2,-0.08371418714523315
3560,5056e36419b95411e4c03e9c011bbdd286bbb7a9,a4fea01c735f9515636291696e0860a17d63918a,-0.12229510396718979
3561,4249d4c294e5edca091597b3b4f30c10201c1f9a,46c7242d985a5bb65bb2d36942e446aa2f10f656,0.5810468196868896
3562,4249d4c294e5edca091597b3b4f30c10201c1f9a,5d8433aee68d9a9cb40d6115145ff4974fe1bc01,0.35265350341796875
3563,4249d4c294e5edca091597b3b4f30c10201c1f9a,5140bf8570f0bf308487a9e9db774010922fc67e,0.2622271776199341
3564,4249d4c294e5edca091597b3b4f30c10201c1f9a,add7fbbab85a552bc624699364614a348ec7be56,0.3017609119415283
3565,4249d4c294e5edca091597b3b4f30c10201c1f9a,8bd98a35827044093552cf9bee2e6fa60e7d12db,0.28834792971611023
3566,4249d4c294e5edca091597b3b4f30c10201c1f9a,1a19e8eaa6ee94d09bb9e815a67907cc0bf4d6f8,0.17491257190704346
3567,4249d4c294e5edca091597b3b4f30c10201c1f9a,24547f720f472dd92870c1a7c4cb8bb450307f27,0.17473390698432922
3568,4249d4c294e5edca091597b3b4f30c10201c1f9a,271d0fd591c44a018b62e9ba091ee0bd6697af06,0.16129040718078613
3569,4249d4c294e5edca091597b3b4f30c10201c1f9a,8fe04d65bad6016af542c09d80007fa60c8dda63,0.10586939752101898
3570,4249d4c294e5edca091597b3b4f30c10201c1f9a,2a916a3ceed78bcdccc3dcfd1a5f938abb3804be,0.10076939314603806
3571,4249d4c294e5edca091597b3b4f30c10201c1f9a,0467951e23147910fcdbda835fa43895515709b1,0.0621786043047905
3572,4249d4c294e5edca091597b3b4f30c10201c1f9a,53966eb7c0de59e97e592ac48a1a782d7eed5620,0.08777262270450592
3573,4249d4c294e5edca091597b3b4f30c10201c1f9a,53b1f4f916c9a27ba13744b06ace1f5c4ae2c10e,-0.027251295745372772
3574,4249d4c294e5edca091597b3b4f30c10201c1f9a,39424070108220c600f67fa2dbd25f779a9fdb7a,0.026545733213424683
3575,4249d4c294e5edca091597b3b4f30c10201c1f9a,81f47ac001f7ca941516fa9c682105357efe2414,-0.01994074508547783
3576,4249d4c294e5edca091597b3b4f30c10201c1f9a,cf5f9e8ff12ae55845ea0f33d5b5fb07a22daaee,0.016983620822429657
3577,4249d4c294e5edca091597b3b4f30c10201c1f9a,0e39e519471cc41b232381bd529542e2c02f21fa,-0.0036122500896453857
3578,4249d4c294e5edca091597b3b4f30c10201c1f9a,9b618fa0cd834f7c4122c8e53539085e06922f8c,-0.019042164087295532
3579,4249d4c294e5edca091597b3b4f30c10201c1f9a,246cc31be5c0744b2e6bf0a2871d3b634959f2e0,-0.008594419807195663
3580,4249d4c294e5edca091597b3b4f30c10201c1f9a,79d0a1a08395737df102d3b53938ea2e1425a306,0.004656627774238586
3581,4249d4c294e5edca091597b3b4f30c10201c1f9a,3b45e4d64e356820064247b6a356963366edf160,-0.02571750059723854
3582,4249d4c294e5edca091597b3b4f30c10201c1f9a,9b21fb4b0048e53fa6219389a8fcc44e6b7a8b89,-0.010256520472466946
3583,4249d4c294e5edca091597b3b4f30c10201c1f9a,23bf275a591ba14bba9ea0e8edf96ff232de6df3,-0.04754437878727913
3584,4249d4c294e5edca091597b3b4f30c10201c1f9a,4bb8e200b25db55f7014a46c6f2d71b471e49a4f,-0.08594180643558502
3585,4249d4c294e5edca091597b3b4f30c10201c1f9a,c849e41faef43945fcb02a12bae0ca6da50fc795,-0.0736999437212944
3586,4249d4c294e5edca091597b3b4f30c10201c1f9a,7df073fd756756e4f639b2894325cb32164cf7de,-0.052780475467443466
3587,4249d4c294e5edca091597b3b4f30c10201c1f9a,6fb7dac40259f62012178c2f06f312ba5b17e627,-0.0662306547164917
3588,4249d4c294e5edca091597b3b4f30c10201c1f9a,aeb23992f2a2d386a3a3521908c5354905fc3352,-0.1064164936542511
3589,4249d4c294e5edca091597b3b4f30c10201c1f9a,04979919f0e3419750df13c47a9605ac2c9a4721,-0.11588045954704285
3590,4249d4c294e5edca091597b3b4f30c10201c1f9a,4c06e27ae186c913b1efc401925bbd73b9796fb6,-0.20574593544006348
3591,fd5f1f443d40e6e91dc99798ec88922220e4b364,40bbbaf3cb1459fd05fca6771f3a29d3fc9cfa19,0.49269863963127136
3592,fd5f1f443d40e6e91dc99798ec88922220e4b364,0e431052b86ba408622cbcf9728cf8423c6892fa,0.46344801783561707
3593,fd5f1f443d40e6e91dc99798ec88922220e4b364,fb4e3cced4b15a36bf1e4a8858d099d21a1396bd,0.36230844259262085
3594,fd5f1f443d40e6e91dc99798ec88922220e4b364,62e4f3fcc41d88fbc2096cbfe3a6edc7bb3e17b5,0.3294922709465027
3595,fd5f1f443d40e6e91dc99798ec88922220e4b364,17d860c991c8fe643839ae94c639e826fc914ba0,0.31423503160476685
3596,fd5f1f443d40e6e91dc99798ec88922220e4b364,59519f319030b69d42e9b431e9f0e87987ee34c7,0.15494155883789062
3597,fd5f1f443d40e6e91dc99798ec88922220e4b364,21f18913411668c4c0d0a4aabd7a5d2800922079,0.15735174715518951
3598,fd5f1f443d40e6e91dc99798ec88922220e4b364,bc93a5d09aad16356808843338bdd34df6b5b01b,0.13355492055416107
3599,fd5f1f443d40e6e91dc99798ec88922220e4b364,1bee20577d298c3f42c5834ae79a89730ca92256,0.12890782952308655
3600,fd5f1f443d40e6e91dc99798ec88922220e4b364,78511f4cfe53d3436fce32c8ef87c241ff298165,0.06657832115888596
3601,fd5f1f443d40e6e91dc99798ec88922220e4b364,8efbb07f1ed1879a32574e7d3940063e9dafbadb,0.094565749168396
3602,fd5f1f443d40e6e91dc99798ec88922220e4b364,5fa2f06b36b2c467f895dc361750edf38e764449,0.06715855747461319
3603,fd5f1f443d40e6e91dc99798ec88922220e4b364,91b57a3b4996447430c4b942cde01eab276febe2,0.05973295494914055
3604,fd5f1f443d40e6e91dc99798ec88922220e4b364,016335ce7e0a073623e1deac7138b28913dbf594,0.10670673102140427
3605,fd5f1f443d40e6e91dc99798ec88922220e4b364,551546dbc66e04a8aeaef18774a004c7dae31967,0.05182360112667084
3606,fd5f1f443d40e6e91dc99798ec88922220e4b364,e741b329e83eaac82e74572cc106e148be5164ed,0.08489014208316803
3607,fd5f1f443d40e6e91dc99798ec88922220e4b364,14d644c617b1bdf57d626d4d14f7210f99d140e6,0.05355245620012283
3608,fd5f1f443d40e6e91dc99798ec88922220e4b364,d72642530cab7e8edeff459fd11b1e744e8ed03d,0.11513953655958176
3609,fd5f1f443d40e6e91dc99798ec88922220e4b364,e15f910f7cc2d785c3cefd37dc7ae99e46bf031f,0.07478435337543488
3610,fd5f1f443d40e6e91dc99798ec88922220e4b364,42d7f8895b31ac0e1a4d30a3ec200955655d6100,0.04301624745130539
3611,fd5f1f443d40e6e91dc99798ec88922220e4b364,803e11535f2c499886c54379628d6346ab8de511,0.07924199104309082
3612,fd5f1f443d40e6e91dc99798ec88922220e4b364,522a7178e501018e442c03f4b93e29f62ae1eb64,0.029798811301589012
3613,fd5f1f443d40e6e91dc99798ec88922220e4b364,41c8ff7475225c9dfe9cedc25c038e9216345cc6,-0.010533846914768219
3614,fd5f1f443d40e6e91dc99798ec88922220e4b364,6703eefaa50f1c1228b4f4be657f2462fc83d6cd,0.004140332341194153
3615,fd5f1f443d40e6e91dc99798ec88922220e4b364,5df3dd8a56974c60632b7e15f5187ccfa06e28ee,0.006909392774105072
3616,fd5f1f443d40e6e91dc99798ec88922220e4b364,758e8d23b9336a4961e095664c247cb4cca3620e,-0.018694955855607986
3617,fd5f1f443d40e6e91dc99798ec88922220e4b364,c77c29b3049bc39c36929d01525e94fcca14837f,-0.029400305822491646
3618,fd5f1f443d40e6e91dc99798ec88922220e4b364,9e304b2f8dad82e0685c0be52a0860fc702a21af,-0.06431597471237183
3619,fd5f1f443d40e6e91dc99798ec88922220e4b364,cfbd8df065de6d29cb12a083521a4543a7052a7e,-0.05545381084084511
3620,fd5f1f443d40e6e91dc99798ec88922220e4b364,917127973e3eb4217f62681aeeef13b79a89ca92,-0.07318039238452911
3621,802f3f316f87c6bc675cc55a2a1bf4bb0f12dd1e,599ebeef9c9d92224bc5969f3e8e8c45bff3b072,0.5679334402084351
3622,802f3f316f87c6bc675cc55a2a1bf4bb0f12dd1e,78a00de20967358b5d4dc53a0d6ab1cf59418a68,0.5470684766769409
3623,802f3f316f87c6bc675cc55a2a1bf4bb0f12dd1e,2f54f8d7435852244f4a9b504bd51f291ffeac8d,0.5107293128967285
3624,802f3f316f87c6bc675cc55a2a1bf4bb0f12dd1e,24986435c73066aaea0b21066db4539270106bee,0.2844894230365753
3625,802f3f316f87c6bc675cc55a2a1bf4bb0f12dd1e,0265769b0fbf86bb0e700573c80e388bb54c3f7a,0.31222718954086304
3626,802f3f316f87c6bc675cc55a2a1bf4bb0f12dd1e,6e578d6e9531dbf0d948081fe109df9b254ad4c4,0.21135613322257996
3627,802f3f316f87c6bc675cc55a2a1bf4bb0f12dd1e,4007643eddbea0af2c6337d360b6474652f32223,0.19453181326389313
3628,802f3f316f87c6bc675cc55a2a1bf4bb0f12dd1e,44e915a220ce74badf755aae870fa0b69ee2b82a,0.22950905561447144
3629,802f3f316f87c6bc675cc55a2a1bf4bb0f12dd1e,6286495e4c509c18524163c71146438cc39d7c9b,0.2095351219177246
3630,802f3f316f87c6bc675cc55a2a1bf4bb0f12dd1e,395362e847b5e9a5018c988a7f75a6e587753b83,0.1474675089120865
3631,802f3f316f87c6bc675cc55a2a1bf4bb0f12dd1e,e928564981b35eccc1035df3badf74de7611d9cc,0.129354789853096
3632,802f3f316f87c6bc675cc55a2a1bf4bb0f12dd1e,725fe7d620e8b318be4b6c9cea9da24a8be93fbb,0.13514333963394165
3633,802f3f316f87c6bc675cc55a2a1bf4bb0f12dd1e,b6e87d90297634bea29f49f8ffc1a72fc00c27a1,0.11972329020500183
3634,802f3f316f87c6bc675cc55a2a1bf4bb0f12dd1e,76fa67f573e986d7f4d85cd21222b10fb20b622d,0.09926629066467285
3635,802f3f316f87c6bc675cc55a2a1bf4bb0f12dd1e,fe4f36731311fa013cd083a7e3c961f392325afc,0.17132283747196198
3636,802f3f316f87c6bc675cc55a2a1bf4bb0f12dd1e,c31c71fb2d12acc3b6ee37295171ea57d47f53cd,0.08484011143445969
3637,802f3f316f87c6bc675cc55a2a1bf4bb0f12dd1e,663a83b658e99d21c810bb79f6d08d75ef41b5fe,0.01797894760966301
3638,802f3f316f87c6bc675cc55a2a1bf4bb0f12dd1e,774169dce5395df1ed9e34ca5823c787ada833ce,0.021368470042943954
3639,802f3f316f87c6bc675cc55a2a1bf4bb0f12dd1e,921470d44320a5dc4c144278cef1dc157b7b81f4,0.04444849491119385
3640,802f3f316f87c6bc675cc55a2a1bf4bb0f12dd1e,7b03d0f65f523817a04a94e91bb749305a057d9d,0.028289658948779106
3641,802f3f316f87c6bc675cc55a2a1bf4bb0f12dd1e,d4bac775ab95fdb7bcabf4e587d2c035849ebe08,-0.034794412553310394
3642,802f3f316f87c6bc675cc55a2a1bf4bb0f12dd1e,12940f962d2434758555003a6d843284a0223eb2,0.006470522843301296
3643,802f3f316f87c6bc675cc55a2a1bf4bb0f12dd1e,9b1dbf0c6aa8e9ebce91bde061801852a71ad72f,0.01380089856684208
3644,802f3f316f87c6bc675cc55a2a1bf4bb0f12dd1e,706418cef23f6b0cc480426a1f4fe564a298dece,0.08738669008016586
3645,802f3f316f87c6bc675cc55a2a1bf4bb0f12dd1e,f1040d6862ddb7480e80e5e482a66fb144101508,-0.0073654670268297195
3646,802f3f316f87c6bc675cc55a2a1bf4bb0f12dd1e,87f0c2e44da1677df5fb1b57e94031522717537e,-0.02062411606311798
3647,802f3f316f87c6bc675cc55a2a1bf4bb0f12dd1e,ba0164fe77d37786eca4cfe1a6fbc020943c91a2,0.001689411699771881
3648,802f3f316f87c6bc675cc55a2a1bf4bb0f12dd1e,7385b1bcd94ed3904c0e1429e209c80249de0d2a,-0.049476757645606995
3649,802f3f316f87c6bc675cc55a2a1bf4bb0f12dd1e,54209b06d3c976398fd0b35e6fc08107dd648af5,-0.03334321454167366
3650,802f3f316f87c6bc675cc55a2a1bf4bb0f12dd1e,bff411fd40bf3e40c9b4f61554dc3370710e2d43,-0.04702109098434448
3651,1475d10a7b5d777fb411cdbb2740f574e32fd2f6,09ccba4404669089bbcc9ffd361e2d72794a494a,0.37387916445732117
3652,1475d10a7b5d777fb411cdbb2740f574e32fd2f6,7119cc9d286af1da4bff2d24d3188a459047b632,0.3926042318344116
3653,1475d10a7b5d777fb411cdbb2740f574e32fd2f6,215aa495b4c860a1e6d87f2c36f34da464376cc4,0.38332390785217285
3654,1475d10a7b5d777fb411cdbb2740f574e32fd2f6,54f8ae5828615d1fe7d61c0038cc1ec77f4697b0,0.33328235149383545
3655,1475d10a7b5d777fb411cdbb2740f574e32fd2f6,3e202588b345019f645f3af6ac41a86cbddab450,0.29898685216903687
3656,1475d10a7b5d777fb411cdbb2740f574e32fd2f6,13a2d317431d51e980dc03c9bdeebe8a15d79f66,0.3740720748901367
3657,1475d10a7b5d777fb411cdbb2740f574e32fd2f6,0c739b915d633cc3c162e4ef1e57b796c2dc2217,0.33605891466140747
3658,1475d10a7b5d777fb411cdbb2740f574e32fd2f6,eee10a44039596bda9c56259dd8e977632907b91,0.2141813337802887
3659,1475d10a7b5d777fb411cdbb2740f574e32fd2f6,9873d43696165b50fab955d27b9dde838c0a0152,0.15499353408813477
3660,1475d10a7b5d777fb411cdbb2740f574e32fd2f6,d51379a0aa76b9283f78d2b90f04d5eb4cc2f757,0.09317782521247864
3661,1475d10a7b5d777fb411cdbb2740f574e32fd2f6,36638aff184754db62547b75bade8fa2076b1b19,0.13808675110340118
3662,1475d10a7b5d777fb411cdbb2740f574e32fd2f6,2116b2eaaece4af9c28c32af2728f3d49b792cf9,0.1808091104030609
3663,1475d10a7b5d777fb411cdbb2740f574e32fd2f6,2a958633da47499e01723a24a8106fcce4849360,0.16027651727199554
3664,1475d10a7b5d777fb411cdbb2740f574e32fd2f6,ccbac9c9cda72b27bfda0d780be86da744b6ce7c,0.11818079650402069
3665,1475d10a7b5d777fb411cdbb2740f574e32fd2f6,27d157c2d75e5ebbfd48112756948d1bdf5c37f6,0.09732023626565933
3666,1475d10a7b5d777fb411cdbb2740f574e32fd2f6,2fdba96ee1dbf23193e830c9ae44e646f46c296d,0.09585005044937134
3667,1475d10a7b5d777fb411cdbb2740f574e32fd2f6,64a877d135db3acbc23c295367927176f332595f,0.09995299577713013
3668,1475d10a7b5d777fb411cdbb2740f574e32fd2f6,7ef50bc62345704996c358df6baa27fff0b6a8c7,0.08938109874725342
3669,1475d10a7b5d777fb411cdbb2740f574e32fd2f6,c5869e967a0888ad901c94eefb56dd9d1b4c6175,0.06003597378730774
3670,1475d10a7b5d777fb411cdbb2740f574e32fd2f6,674fe1bd71456e2d9f847f9ad210a91ee47f87bc,0.052050989121198654
3671,1475d10a7b5d777fb411cdbb2740f574e32fd2f6,f89ee2c9c67858c00bd87df310994ff3a69de747,0.049580834805965424
3672,1475d10a7b5d777fb411cdbb2740f574e32fd2f6,482210feeb76e454f8fdcadddb0794df12db3fb0,0.03656526654958725
3673,1475d10a7b5d777fb411cdbb2740f574e32fd2f6,b8aae299e926d8e6f547faea4b90619fc6361146,-0.0010184794664382935
3674,1475d10a7b5d777fb411cdbb2740f574e32fd2f6,5b110494639f71fa8354e61af04c0cb5e8bbae70,0.0037970412522554398
3675,1475d10a7b5d777fb411cdbb2740f574e32fd2f6,c1abc3ade259fb9507063f489c590404ffb31282,-0.0008941367268562317
3676,1475d10a7b5d777fb411cdbb2740f574e32fd2f6,1a311e9fddc2db40b978c3b5580b10a72aadccef,-0.0362292043864727
3677,1475d10a7b5d777fb411cdbb2740f574e32fd2f6,2a0d9ece43a6de46b4218ed76fc7ecb706237a84,-0.05552277714014053
3678,1475d10a7b5d777fb411cdbb2740f574e32fd2f6,16f72d65abb6230cb11b19edcf4d9271d799d5b8,-0.08050132542848587
3679,1475d10a7b5d777fb411cdbb2740f574e32fd2f6,e15ca6bcd9ecc190c3846f2862bbe8d1c52f0645,-0.07195019721984863
3680,1475d10a7b5d777fb411cdbb2740f574e32fd2f6,c3424453e93be6757165ce04dbfda08ebfa98952,-0.13218320906162262
3681,05dba74b1ecf7e40b2a904e2d797768ef79832d3,368f3dea4f12c77dfc9b7203f3ab2b9efaecb635,0.6488940715789795
3682,05dba74b1ecf7e40b2a904e2d797768ef79832d3,223dcd0e44532fc02444709e61327432c74fe46d,0.6466634273529053
3683,05dba74b1ecf7e40b2a904e2d797768ef79832d3,2a954bdf203b327741ecf5d1c8fd70ccd15dcf73,0.48488739132881165
3684,05dba74b1ecf7e40b2a904e2d797768ef79832d3,98f4a8d8407f3918f98ee2889347b11191cf411c,0.4947538375854492
3685,05dba74b1ecf7e40b2a904e2d797768ef79832d3,665a311c538fc021c27acd3953f171924cc5905c,0.2902483344078064
3686,05dba74b1ecf7e40b2a904e2d797768ef79832d3,a1f38df539a62bfc8b0886d91610cbc374336ab1,0.36997300386428833
3687,05dba74b1ecf7e40b2a904e2d797768ef79832d3,7d9089cbe958da21cbd943bdbcb996f4499e701b,0.3105752170085907
3688,05dba74b1ecf7e40b2a904e2d797768ef79832d3,39a31d4aedfb4d221e793b428123f26b15416fc7,0.26628702878952026
3689,05dba74b1ecf7e40b2a904e2d797768ef79832d3,5a405ce49951778001456fd17b444ec717d87cc7,0.13080281019210815
3690,05dba74b1ecf7e40b2a904e2d797768ef79832d3,38dc4cf97af1232fd85e68b6f01bfd7d5be1bea4,0.10385982692241669
3691,05dba74b1ecf7e40b2a904e2d797768ef79832d3,ea44a322c1822116d0c3159517a74cd2f55a98a5,0.07577668875455856
3692,05dba74b1ecf7e40b2a904e2d797768ef79832d3,35864d52726d19513bc25f28f072b5c97a719b09,0.058841586112976074
3693,05dba74b1ecf7e40b2a904e2d797768ef79832d3,6f4b00783bd55d4cd3912b64737d9e426438a0e6,0.04872055724263191
3694,05dba74b1ecf7e40b2a904e2d797768ef79832d3,b980ae538e12185ec1c8910557d23da00286527c,0.07154284417629242
3695,05dba74b1ecf7e40b2a904e2d797768ef79832d3,1217c950ba6f73c3e4cbbfb4ed4546f8d6bf914b,0.05618872866034508
3696,05dba74b1ecf7e40b2a904e2d797768ef79832d3,2012b864ce2b69039db429bea959751d0591e2cf,0.04205772280693054
3697,05dba74b1ecf7e40b2a904e2d797768ef79832d3,2b2cca00abbb8f68cd59fb734475d1afe294ec85,0.027482835575938225
3698,05dba74b1ecf7e40b2a904e2d797768ef79832d3,2b0750d16db1ecf66a3c753264f207c2cb480bde,-0.008092327043414116
3699,05dba74b1ecf7e40b2a904e2d797768ef79832d3,3f8c6ecb15bbdf667ec6bbe1b132db1945110976,-0.0023596342653036118
3700,05dba74b1ecf7e40b2a904e2d797768ef79832d3,b9acc402f77a2897314c1dcfafec0f5eb6ac1666,-0.009134216234087944
3701,05dba74b1ecf7e40b2a904e2d797768ef79832d3,3890e38fd7018fa6afa80a25e6610a1976a7741c,-0.06563375890254974
3702,05dba74b1ecf7e40b2a904e2d797768ef79832d3,e51834df62d013dcf4790abee94104345a5d15f5,0.021183090284466743
3703,05dba74b1ecf7e40b2a904e2d797768ef79832d3,5f9d8263ab657a9985f8f5f252a3e2da49b6e15b,-0.004841810092329979
3704,05dba74b1ecf7e40b2a904e2d797768ef79832d3,addd4296263321fc8f1cfbd67a1e3313faaf5480,-0.03176596015691757
3705,05dba74b1ecf7e40b2a904e2d797768ef79832d3,c72deb198ed5a6b02ed64a59072e415317f50bcd,-0.004188678227365017
3706,05dba74b1ecf7e40b2a904e2d797768ef79832d3,f3e3f0d4371e10c58ef2682330e6f02b9aeb3e58,-0.07409939914941788
3707,05dba74b1ecf7e40b2a904e2d797768ef79832d3,064bc62b407ad0fd4715b44884daa5d0d5e68aac,-0.05884765833616257
3708,05dba74b1ecf7e40b2a904e2d797768ef79832d3,25782ed91d7c564628366a2e1edaaa02f9eed7c8,-0.05723831057548523
3709,05dba74b1ecf7e40b2a904e2d797768ef79832d3,3c64af0a3046ea3607d284e164cb162e9cd52441,-0.10935340076684952
3710,05dba74b1ecf7e40b2a904e2d797768ef79832d3,d36018859bbdac8797064a2f4c58e4661bbd4f02,-0.17504295706748962
3711,2011feb353fed560b0643dc9db6528317c643957,03efbbf1c8fa661f31fe94efcc894ad95eeff3e2,0.6343045234680176
3712,2011feb353fed560b0643dc9db6528317c643957,391d9ef4395cf2f69e7a2f0483d40b6addd95888,0.4149872064590454
3713,2011feb353fed560b0643dc9db6528317c643957,10e69e21bec6cb3271acb4228933dba92fbb724e,0.36214712262153625
3714,2011feb353fed560b0643dc9db6528317c643957,227639dba3974bcd6018f03dd2334a0e462fe341,0.29097628593444824
3715,2011feb353fed560b0643dc9db6528317c643957,9ff86ef08cbfe5f0ef15af42f62aea7673c62027,0.2942674160003662
3716,2011feb353fed560b0643dc9db6528317c643957,582ea307db25c5764e7d2ed82c4846757f4e95d7,0.27691251039505005
3717,2011feb353fed560b0643dc9db6528317c643957,2ee4b8bc544020c14d8be093182093dc16327c26,0.25934898853302
3718,2011feb353fed560b0643dc9db6528317c643957,26cfe4cb725e8cb939cd968f44218b2d9a36a794,0.17210179567337036
3719,2011feb353fed560b0643dc9db6528317c643957,8e4caf932910122ba7618d64db3b4a3bad0a1514,0.34544453024864197
3720,2011feb353fed560b0643dc9db6528317c643957,6b2db1f5fa266528cba6d7bfdb8079852d161b63,0.17517021298408508
3721,2011feb353fed560b0643dc9db6528317c643957,d5967e408c135957ec7598c63e9b1ec587368f24,0.14248625934123993
3722,2011feb353fed560b0643dc9db6528317c643957,f95bdf4129709f8900e920232a1e13aa12daca76,0.16164067387580872
3723,2011feb353fed560b0643dc9db6528317c643957,e2d656639c8187246282650be6eb407b41f6096b,0.11313053220510483
3724,2011feb353fed560b0643dc9db6528317c643957,6a06f87d82975b873b3cd6130a60a26c1d0b181c,0.12006638199090958
3725,2011feb353fed560b0643dc9db6528317c643957,27a2fad58dd8727e280f97036e0d2bc55ef5424c,0.13046501576900482
3726,2011feb353fed560b0643dc9db6528317c643957,65f1613a4f1b015fc64608b787227de0549f4cec,0.043937407433986664
3727,2011feb353fed560b0643dc9db6528317c643957,3d23b8a7f06be2af95216a39bb18c28b06cc0e4b,0.0067737773060798645
3728,2011feb353fed560b0643dc9db6528317c643957,1f68e974d2deda8f8a3313e3b68444b893ef7865,0.014088280498981476
3729,2011feb353fed560b0643dc9db6528317c643957,0a35160f347f990e95f517b65a920b1b53ec32df,0.024638112634420395
3730,2011feb353fed560b0643dc9db6528317c643957,09779ea94f0035c1e5d5cf75f7dfca8c7966a17b,0.01666264235973358
3731,2011feb353fed560b0643dc9db6528317c643957,b5f8a85522580f05242973fd4b6158a6299d76b1,0.07833249866962433
3732,2011feb353fed560b0643dc9db6528317c643957,629edc5dfc768ffceec4e23afd5b00febb72d483,0.0006059315055608749
3733,2011feb353fed560b0643dc9db6528317c643957,8fcb3084b6b1483b053655f1793067531ec2dea5,0.0034938566386699677
3734,2011feb353fed560b0643dc9db6528317c643957,33bc410bd8c724c8e8d19c984f4481abf4092684,-0.01168658584356308
3735,2011feb353fed560b0643dc9db6528317c643957,b335982aba6a92691e090294876bc4a4dcea3f06,-0.02004648558795452
3736,2011feb353fed560b0643dc9db6528317c643957,0c02d473ae301bab2d61cd196183fa0853c5bcda,-0.03010752983391285
3737,2011feb353fed560b0643dc9db6528317c643957,372f837c868ad984533d804e13260fac37768b8b,-0.06876949965953827
3738,2011feb353fed560b0643dc9db6528317c643957,9c4835a4d9a9143ee500b300d238d629c16b8fe3,-0.08039466291666031
3739,2011feb353fed560b0643dc9db6528317c643957,dba7cf91feff6bdf26e9a3940015fd0c0cdc6520,-0.07620884478092194
3740,2011feb353fed560b0643dc9db6528317c643957,9155978dacc622a229c39e7117870b8883280f32,-0.03761307895183563
3741,337f48a82d9d2739d35b41cfc4e8cd3dc906639d,0a5033c0b2bb2421f8c46e196fb0fb1464a636b6,0.6065784096717834
3742,337f48a82d9d2739d35b41cfc4e8cd3dc906639d,08639cd6b89ac8f375cdc1076b9485ac9d657083,0.5894036293029785
3743,337f48a82d9d2739d35b41cfc4e8cd3dc906639d,30b1293e39c52ddd0e2a617de47c1ad843621258,0.5377466678619385
3744,337f48a82d9d2739d35b41cfc4e8cd3dc906639d,370e1fcea7074072fe5946d3e728affd582a9a44,0.4728850722312927
3745,337f48a82d9d2739d35b41cfc4e8cd3dc906639d,313e8120c31fda6877ea426d8a3be9bcf1b6e088,0.39154425263404846
3746,337f48a82d9d2739d35b41cfc4e8cd3dc906639d,8af3f2d52bfa69ab57ee31e6515e4990935afe42,0.2521010637283325
3747,337f48a82d9d2739d35b41cfc4e8cd3dc906639d,50a0c42c38c670222d73d527f7e4f868651f32be,0.21074460446834564
3748,337f48a82d9d2739d35b41cfc4e8cd3dc906639d,4ba18b2f35515f7f3ad3bc38100730c5808a52af,0.15472599864006042
3749,337f48a82d9d2739d35b41cfc4e8cd3dc906639d,b6f21b21f775a71f3e330d06922ce87d02ce9e3a,0.11620505899190903
3750,337f48a82d9d2739d35b41cfc4e8cd3dc906639d,e0b650b586095f9dd88108563cfb5b09a4fa2237,0.12150049954652786
3751,337f48a82d9d2739d35b41cfc4e8cd3dc906639d,8a7fb0daa368e5a15142bf1ab7f8e6c9872ba8a1,0.09912733733654022
3752,337f48a82d9d2739d35b41cfc4e8cd3dc906639d,1b8c932573a5d8f35ecb4b9e5387abf6f2f4e403,0.11269926279783249
3753,337f48a82d9d2739d35b41cfc4e8cd3dc906639d,ec1dc35fb383fdc2efd4b226f7377a24018871ff,0.12040604650974274
3754,337f48a82d9d2739d35b41cfc4e8cd3dc906639d,0b5c93e5cd886b1b59b05bc87cf9063539987785,0.0324091911315918
3755,337f48a82d9d2739d35b41cfc4e8cd3dc906639d,7687a755350038675f0a663e7ff5e7a8f6274bdb,0.03334211930632591
3756,337f48a82d9d2739d35b41cfc4e8cd3dc906639d,7924ebaa10d9a2496f86879f7f7addc3cee5eabc,0.08846323192119598
3757,337f48a82d9d2739d35b41cfc4e8cd3dc906639d,2c9ce2eeac19c7a602f848a460e4f916028b900d,0.052971575409173965
3758,337f48a82d9d2739d35b41cfc4e8cd3dc906639d,0fdc52fd773f5fa34ff4d4f66e1c4dffee884ff0,0.03969142958521843
3759,337f48a82d9d2739d35b41cfc4e8cd3dc906639d,47ac1f89567d41388db9293e43ff4fe29c51fa53,0.013145091012120247
3760,337f48a82d9d2739d35b41cfc4e8cd3dc906639d,25c8c243f74c13ab18668ea109dfd2c389b0f273,0.02358810044825077
3761,337f48a82d9d2739d35b41cfc4e8cd3dc906639d,e39988d4ee80bd91aa3c125f885ce3c0382767ef,0.022596392780542374
3762,337f48a82d9d2739d35b41cfc4e8cd3dc906639d,5a155d1655c3de620bd73095a7a953b197b6356d,0.014150731265544891
3763,337f48a82d9d2739d35b41cfc4e8cd3dc906639d,54c2e0b7907e273a6e31deb0bf37d064a2f5603c,-0.03373907506465912
3764,337f48a82d9d2739d35b41cfc4e8cd3dc906639d,516243c4c2b28d168c72dd6b0b7e3921b40e6d03,0.004176147282123566
3765,337f48a82d9d2739d35b41cfc4e8cd3dc906639d,0c940b02f01bd2f219b2a1ad93e990adb78aa531,-0.035427555441856384
3766,337f48a82d9d2739d35b41cfc4e8cd3dc906639d,736c18830cf9a696800f0e4382256ac1e9ae5bd6,-0.018872085958719254
3767,337f48a82d9d2739d35b41cfc4e8cd3dc906639d,8b18277204c7648b33c568ed6cc7806f04d2cccd,-0.05293641611933708
3768,337f48a82d9d2739d35b41cfc4e8cd3dc906639d,9da507ed2162a406d41a574103e241e52fdd39e8,-0.024152711033821106
3769,337f48a82d9d2739d35b41cfc4e8cd3dc906639d,9ec7c1b271cc1aec43d1cdc36a94bc39af81ec57,-0.08071039617061615
3770,337f48a82d9d2739d35b41cfc4e8cd3dc906639d,600b53b34d9cdc8a0bf5f6cc2b755c2cbcdf88be,-0.09350258111953735
3771,c8dfa1ad91f484702e0d5d80e63bbae071214142,5400daa7c04f4dd144d7eab0d75f8a6f412c6763,0.6974161267280579
3772,c8dfa1ad91f484702e0d5d80e63bbae071214142,b2f2f1c695e3bf2471edfc2bdb0f806b55dd2a7a,0.6004088521003723
3773,c8dfa1ad91f484702e0d5d80e63bbae071214142,6933387f7c984f9819d3fcfab9b06905b537fbee,0.5560698509216309
3774,c8dfa1ad91f484702e0d5d80e63bbae071214142,20539bcef61b020c77907aa9ffe59e1d85047e57,0.6245700120925903
3775,c8dfa1ad91f484702e0d5d80e63bbae071214142,d4e74e30c20c390381ce1c55bf71cdd22dbe179b,0.48016685247421265
3776,c8dfa1ad91f484702e0d5d80e63bbae071214142,36e7ce710c07071de3c56a433c9eaf4ca6f59c11,0.1491556316614151
3777,c8dfa1ad91f484702e0d5d80e63bbae071214142,c3482f5eeb6f5e5a3a41e31d1be0b2eac7b8010b,0.10745446383953094
3778,c8dfa1ad91f484702e0d5d80e63bbae071214142,a3e31c892c165b293ba4832833e87e5e33d4d5a4,0.08429600298404694
3779,c8dfa1ad91f484702e0d5d80e63bbae071214142,65ba5f2f034e334c1b1d932d798df8f8a684a679,0.0754837840795517
3780,c8dfa1ad91f484702e0d5d80e63bbae071214142,4011e6397aba8369af14f35bbb7d15f7c13b8664,0.040393028408288956
3781,c8dfa1ad91f484702e0d5d80e63bbae071214142,6307f94aefdc7268c27e3af8fc04f090bc1b18bb,0.020445406436920166
3782,c8dfa1ad91f484702e0d5d80e63bbae071214142,4ae0ddfea80e52e8627e41ca901523390424efe0,0.03813440725207329
3783,c8dfa1ad91f484702e0d5d80e63bbae071214142,9431b1a7453aa43a14579f047873c73e386d2c59,-0.02084372751414776
3784,c8dfa1ad91f484702e0d5d80e63bbae071214142,96853f8184284f55f7315e3f3e73d18658381705,0.008921909146010876
3785,c8dfa1ad91f484702e0d5d80e63bbae071214142,2ca7af4bce0979babcdeca008f64ef16bf172d7e,-0.008387302048504353
3786,c8dfa1ad91f484702e0d5d80e63bbae071214142,e7b6a604cf6fd18215a81b8f9c98a63e8e18e304,-0.05259871482849121
3787,c8dfa1ad91f484702e0d5d80e63bbae071214142,ed74e838bf8b5e5d9134ff15ab17ea9390c2fc90,-0.0425652377307415
3788,c8dfa1ad91f484702e0d5d80e63bbae071214142,d8a67b13e2d4051dd7a451232314a5d778a1b047,-0.05197923630475998
3789,c8dfa1ad91f484702e0d5d80e63bbae071214142,119bb251cff0292cbf6bed27acdcad424ed9f9d0,-0.03928253427147865
3790,c8dfa1ad91f484702e0d5d80e63bbae071214142,1bb91a73667a660f83285b306b40799ce17affb5,-0.019576597958803177
3791,c8dfa1ad91f484702e0d5d80e63bbae071214142,51cb48aa9022983a1b4f7fcfe994f224dda8b8a5,-0.0204266756772995
3792,c8dfa1ad91f484702e0d5d80e63bbae071214142,08f991c35f2b3d67cfe219f19e4e791b049f398d,-0.04649503901600838
3793,c8dfa1ad91f484702e0d5d80e63bbae071214142,6a97c80d113c0b965e28b34d6304325a1caabf6c,-0.06732599437236786
3794,c8dfa1ad91f484702e0d5d80e63bbae071214142,3ecc793f0b4f8b7a41ed25f7f3bb34d157329cf1,-0.05769193544983864
3795,c8dfa1ad91f484702e0d5d80e63bbae071214142,0153664ba0f4d37155357c9c76b82bbc786de3ab,-0.07204453647136688
3796,c8dfa1ad91f484702e0d5d80e63bbae071214142,41a0b5b93d37302264be50f6ce144c1d31c12ec6,-0.07453746348619461
3797,c8dfa1ad91f484702e0d5d80e63bbae071214142,7a58abc92dbe41c9e5b3c7b0a358ab9096880f25,-0.11184902489185333
3798,c8dfa1ad91f484702e0d5d80e63bbae071214142,191372fd366ed4e1f6f34b018731c90f617a7396,-0.10313932597637177
3799,c8dfa1ad91f484702e0d5d80e63bbae071214142,44228af54a5c586e659bd282344aac3bbb52f723,-0.12085704505443573
3800,c8dfa1ad91f484702e0d5d80e63bbae071214142,f6e58f54b82e19ccf7c397cf8200ebf5160eb73c,-0.10167796909809113
3801,2170636d5d31eb461618b5da10f4473c67e74e73,4fca83b685a6523f167da5cbe59a51e6b09db61e,0.6773602962493896
3802,2170636d5d31eb461618b5da10f4473c67e74e73,0dfb47e206c762d2f4caeb99fd9019ade78c2c98,0.6449969410896301
3803,2170636d5d31eb461618b5da10f4473c67e74e73,601c9ac5859021c5c1321adeb38b177ebad346f0,0.6246112585067749
3804,2170636d5d31eb461618b5da10f4473c67e74e73,46638b810bf69023bca41db664b49bc935bcba3c,0.5927855968475342
3805,2170636d5d31eb461618b5da10f4473c67e74e73,0ee9610d5771f4bd4b2ab9f077a1572a1007043a,0.39508992433547974
3806,2170636d5d31eb461618b5da10f4473c67e74e73,e0f73e991514450bb0f14f799878d84adc8601f9,0.2916765809059143
3807,2170636d5d31eb461618b5da10f4473c67e74e73,97137d5154a9f22a5d9ecc32e8e2b95d07a5a571,0.2537708580493927
3808,2170636d5d31eb461618b5da10f4473c67e74e73,8e5ff3026f96e41fdf2d8500163309e7d1fd182e,0.20916122198104858
3809,2170636d5d31eb461618b5da10f4473c67e74e73,273235553c5e71ff27b505ec9d7fe8c986a626f6,0.23924560844898224
3810,2170636d5d31eb461618b5da10f4473c67e74e73,5cd28cdc4c82f788dee27cb73d7d9280cf9c7343,0.2329922616481781
3811,2170636d5d31eb461618b5da10f4473c67e74e73,b6e330eb5e8299eae17b4ad629b852e4d8500026,0.17688527703285217
3812,2170636d5d31eb461618b5da10f4473c67e74e73,a51d49b75dff19be114a603cb8a80ff46ba9fdbb,0.1451873481273651
3813,2170636d5d31eb461618b5da10f4473c67e74e73,073daaf4f6fa972d3bdee3c4e4510d21dc934dfb,0.1751314103603363
3814,2170636d5d31eb461618b5da10f4473c67e74e73,cd596a2682d74bdfa7b7160dd070b598975e89d9,0.04158509522676468
3815,2170636d5d31eb461618b5da10f4473c67e74e73,280bad45331f1bc6ef49d3d6a2c781e00927a2dc,0.1254805028438568
3816,2170636d5d31eb461618b5da10f4473c67e74e73,9596656914665f262decbce2e9a757fbb9b47a64,0.0810549408197403
3817,2170636d5d31eb461618b5da10f4473c67e74e73,9fff24d89f0d1fa5a996ede4c1d151923e798803,0.0989876314997673
3818,2170636d5d31eb461618b5da10f4473c67e74e73,81e5d7e14d48d39b1d6aebeeec7de2d9d915c918,0.03125252574682236
3819,2170636d5d31eb461618b5da10f4473c67e74e73,ec03802473f86062e324a225e619866fec091135,0.04656633362174034
3820,2170636d5d31eb461618b5da10f4473c67e74e73,ae0514be12d200bd9fecf0d834bdcb30288c7a1e,0.024467408657073975
3821,2170636d5d31eb461618b5da10f4473c67e74e73,7173e6e30fe2e223c4443594bb0817f85fb3bef1,-0.017614666372537613
3822,2170636d5d31eb461618b5da10f4473c67e74e73,dd4170d54b46d37792976fd4a961c6f389202981,0.050815463066101074
3823,2170636d5d31eb461618b5da10f4473c67e74e73,3b610c4467b32ad65cf3821ac2b8f0808d47cd51,0.043174438178539276
3824,2170636d5d31eb461618b5da10f4473c67e74e73,e000420abfc0624adaaa828d51e011fdac980919,0.02900957688689232
3825,2170636d5d31eb461618b5da10f4473c67e74e73,e02e268becfb5a7280aa0ec708f8ba3aa83d2fce,0.012304523959755898
3826,2170636d5d31eb461618b5da10f4473c67e74e73,7bea79484eb27830076764bfa2c4adf1ec392a9a,-0.00257270410656929
3827,2170636d5d31eb461618b5da10f4473c67e74e73,8ad03b36ab3cba911699fe1699332c6353f227bc,-0.021453898400068283
3828,2170636d5d31eb461618b5da10f4473c67e74e73,fc8b516c6f37b1be737891cdaedf73348a0400aa,-0.06465505063533783
3829,2170636d5d31eb461618b5da10f4473c67e74e73,1da0b10ba41a613f76843e22b332fc019aa4ff9e,-0.11015838384628296
3830,2170636d5d31eb461618b5da10f4473c67e74e73,e39a3f08e2f27f5799e2cd345c1c12eb6a6703e7,-0.08496697247028351
3831,ca464085b3da330f2ea895543a78c446a3af1bb6,b6626537ce41ccd7b8442799eb4c33576f1ce482,0.4162774682044983
3832,ca464085b3da330f2ea895543a78c446a3af1bb6,c668bf08ccce6f68ad2a285727dbfb7433f3cfa7,0.36279016733169556
3833,ca464085b3da330f2ea895543a78c446a3af1bb6,5841bf263cfd388a7af631f0f85fc6fa07dca945,0.34157297015190125
3834,ca464085b3da330f2ea895543a78c446a3af1bb6,325be255b9eb19cb721b7ec0429e46570181370e,0.318130761384964
3835,ca464085b3da330f2ea895543a78c446a3af1bb6,3e8482443faa2319a6c2c04693402d9b5264bc0a,0.25804761052131653
3836,ca464085b3da330f2ea895543a78c446a3af1bb6,b27e8000ef007af8f6b51d597f13c02e7c7c2a0f,0.12762275338172913
3837,ca464085b3da330f2ea895543a78c446a3af1bb6,acdbb55beedf3db02bfc16e254c7d8759c64758f,0.05225130170583725
3838,ca464085b3da330f2ea895543a78c446a3af1bb6,51a3e60fa624ffeb2d75f6adaffe58e4646ce366,0.03446946665644646
3839,ca464085b3da330f2ea895543a78c446a3af1bb6,eee3851d8889a9267f5ddc6ef5b2e24ed37ca4f0,0.02187485247850418
3840,ca464085b3da330f2ea895543a78c446a3af1bb6,ba459a7bd17d8af7642dd0c0ddf9e897dff3c4a8,0.024396929889917374
3841,ca464085b3da330f2ea895543a78c446a3af1bb6,33b8063aac5715591c80a38a69f5b0619fbc041d,-0.010564638301730156
3842,ca464085b3da330f2ea895543a78c446a3af1bb6,67d72dfcb30b466718172610315dbb7b7655b412,0.0029062647372484207
3843,ca464085b3da330f2ea895543a78c446a3af1bb6,3a01bdcd4bb19151d326bff1c84561ea0b6c757e,-0.0023536086082458496
3844,ca464085b3da330f2ea895543a78c446a3af1bb6,4954bb26107d69eb79bb32ffa247c8731cf20fcf,0.03638556972146034
3845,ca464085b3da330f2ea895543a78c446a3af1bb6,6af930eebc0e426c97a245d94d9dbf1177719258,0.005411956459283829
3846,ca464085b3da330f2ea895543a78c446a3af1bb6,948b79a0b533917db575cd13d52732a5229d9500,0.00919429399073124
3847,ca464085b3da330f2ea895543a78c446a3af1bb6,0a191b2cecb32969feea6b9db5a4a58f9a0eb456,-0.03929019719362259
3848,ca464085b3da330f2ea895543a78c446a3af1bb6,bdeb23105ed6c419890cc86b4d72d1431bb0fe51,-0.010725043714046478
3849,ca464085b3da330f2ea895543a78c446a3af1bb6,43310a0a428a222ca3cc34370c9494bfa97528e4,-0.010078800842165947
3850,ca464085b3da330f2ea895543a78c446a3af1bb6,3baddc440617ce202fd190b32b1d73f1bb14561d,-0.04276174679398537
3851,ca464085b3da330f2ea895543a78c446a3af1bb6,d6487d4a4c8433c7636a490a6630efb961bbfd13,-0.0364081971347332
3852,ca464085b3da330f2ea895543a78c446a3af1bb6,c5fa3cf216af23b8e88803750ff8e040bb8a2d1f,-0.06441410630941391
3853,ca464085b3da330f2ea895543a78c446a3af1bb6,892144cf4cddf38a272015e261bca984dca7f4b0,-0.08414066582918167
3854,ca464085b3da330f2ea895543a78c446a3af1bb6,12a3b69936d3d2e618c8068970cbbe0e8da101ac,-0.09092728048563004
3855,ca464085b3da330f2ea895543a78c446a3af1bb6,9182452cd181022034cc810c263d397fbc3dd75d,-0.07516264915466309
3856,ca464085b3da330f2ea895543a78c446a3af1bb6,a430998dd1a9a93ff5d322bd69944432cfd2769b,-0.08607693016529083
3857,ca464085b3da330f2ea895543a78c446a3af1bb6,3199194fec2eaa6be1453f280c6392e3ce94e37a,-0.07376237958669662
3858,ca464085b3da330f2ea895543a78c446a3af1bb6,25098861749fe9eab62fbe90c1ebeaed58c211bb,-0.07916082441806793
3859,ca464085b3da330f2ea895543a78c446a3af1bb6,7ec5f9694bc3d061b376256320eacb8ec3566b77,-0.10585498809814453
3860,ca464085b3da330f2ea895543a78c446a3af1bb6,04a8c5d8535fc58e5ad55dd3f9288bc78567d0c4,-0.14730945229530334
3861,689f8d21021c0c9b9678d5a7903f9e9442380113,35009a365220fa1369b03d389bb3dd58dcc2ba5c,0.6162840723991394
3862,689f8d21021c0c9b9678d5a7903f9e9442380113,712a97a28124cf463c221e8ead8db1c057ef3215,0.5962323546409607
3863,689f8d21021c0c9b9678d5a7903f9e9442380113,0428c79e5be359ccd13d63205b5e06037404967b,0.4924258887767792
3864,689f8d21021c0c9b9678d5a7903f9e9442380113,1b3c86ad6c149941750d97bd72b6b0122c1d8b5e,0.40389055013656616
3865,689f8d21021c0c9b9678d5a7903f9e9442380113,b7efd1fcce9f29ed34cff468b72e14b083049857,0.2710157632827759
3866,689f8d21021c0c9b9678d5a7903f9e9442380113,2be9abe785b6159df65063dd80a6a72e29fa6d23,0.2510605454444885
3867,689f8d21021c0c9b9678d5a7903f9e9442380113,5da05499d2c2ad2b2cca7bffcc8e1ed248f3b764,0.2165602743625641
3868,689f8d21021c0c9b9678d5a7903f9e9442380113,1e21c514f89375098dec5b947aa5f6bcdd0377c5,0.16551487147808075
3869,689f8d21021c0c9b9678d5a7903f9e9442380113,7556680e7600d66c73dc4b6075db326f78f4bb0a,0.14044059813022614
3870,689f8d21021c0c9b9678d5a7903f9e9442380113,b80cd053611762f3a031a4df97c05d07521a9e31,0.09773918986320496
3871,689f8d21021c0c9b9678d5a7903f9e9442380113,719201685a8be9653a7ee0e49a45cf2bc482a5ed,0.05028187483549118
3872,689f8d21021c0c9b9678d5a7903f9e9442380113,62405c029dd046e509ca577cc3d47fe6484381b3,0.09973558038473129
3873,689f8d21021c0c9b9678d5a7903f9e9442380113,166b5bdea1f4f850af5b045a953d6de74bc18d1e,0.07756160199642181
3874,689f8d21021c0c9b9678d5a7903f9e9442380113,11943efec248fcac57ff6913424e230d0a02e977,0.09635098278522491
3875,689f8d21021c0c9b9678d5a7903f9e9442380113,5d7effed9fc5824359ef315a4a517c90eeb286d6,0.08575204759836197
3876,689f8d21021c0c9b9678d5a7903f9e9442380113,b81ce299272fd81fe5e45d70d94ed0a5d05b3415,0.06526303291320801
3877,689f8d21021c0c9b9678d5a7903f9e9442380113,b0da4f699a3fe93b15e86c9ca24a975615a85ea6,0.04356783628463745
3878,689f8d21021c0c9b9678d5a7903f9e9442380113,8d84d7a6f01a8cae7540b4507692bc10a924c7e6,0.04716206341981888
3879,689f8d21021c0c9b9678d5a7903f9e9442380113,2b8b77808f3854c70e0cbade689f5f335b182fdd,0.03214612603187561
3880,689f8d21021c0c9b9678d5a7903f9e9442380113,5040c699cc3a02d8dd2eecfdb20e5690432ad7a5,0.02040153369307518
3881,689f8d21021c0c9b9678d5a7903f9e9442380113,7da7f18e708bcc2898725111356f509d0cb26548,0.007695471867918968
3882,689f8d21021c0c9b9678d5a7903f9e9442380113,3997484e144fbd06af32c221c630b8184d016411,-0.0031120097264647484
3883,689f8d21021c0c9b9678d5a7903f9e9442380113,8075177606c8c8e711decb255e7e59c8d19c20f0,-0.03309480845928192
3884,689f8d21021c0c9b9678d5a7903f9e9442380113,22bd3a35b9550bc5b570a0beee5648eb9033be3b,0.016850963234901428
3885,689f8d21021c0c9b9678d5a7903f9e9442380113,9da8545e367046b0d9ee8b4744849a46608cc22a,-0.06866715848445892
3886,689f8d21021c0c9b9678d5a7903f9e9442380113,76a92112bceaf9c77acb2a77245ee2cfa478bddd,-0.02235415391623974
3887,689f8d21021c0c9b9678d5a7903f9e9442380113,de74f79cabf67bc605f1e19bc313573db7dc5c42,-0.03352924808859825
3888,689f8d21021c0c9b9678d5a7903f9e9442380113,441ec579014969245042e7f18a820bf85f77ba0a,-0.08563392609357834
3889,689f8d21021c0c9b9678d5a7903f9e9442380113,a4cb1aa4fefd24f92e5a29ca10ec4eab82a95815,-0.07511936128139496
3890,689f8d21021c0c9b9678d5a7903f9e9442380113,b544ccc2ce28851e6419d08039c3fb73f9200543,-0.1298295557498932
3891,beac53e8074b4822943a3374ff5e9fed98a891b8,1e21b925b65303ef0299af65e018ec1e1b9b8d60,0.69077068567276
3892,beac53e8074b4822943a3374ff5e9fed98a891b8,1c734a14c2325cb76783ca0431862c7f04a69268,0.5731615424156189
3893,beac53e8074b4822943a3374ff5e9fed98a891b8,17facd6efab9d3be8b1681bb2c1c677b2cb02628,0.4510382413864136
3894,beac53e8074b4822943a3374ff5e9fed98a891b8,081651b38ff7533550a3adfc1c00da333a8fe86c,0.3374961018562317
3895,beac53e8074b4822943a3374ff5e9fed98a891b8,02227c94dd41fe0b439e050d377b0beb5d427cda,0.3965598940849304
3896,beac53e8074b4822943a3374ff5e9fed98a891b8,fc4bd8f4db91bbb4053b8174544f79bf67b96b3b,0.15844595432281494
3897,beac53e8074b4822943a3374ff5e9fed98a891b8,ebf35073e122782f685a0d6c231622412f28a53b,0.18798775970935822
3898,beac53e8074b4822943a3374ff5e9fed98a891b8,6c8d5d5eee5967958a2e03a84bcc00f1f81f4d9e,0.19090311229228973
3899,beac53e8074b4822943a3374ff5e9fed98a891b8,6918fcbf5c5a86a7ffaf5650080505b95cd6d424,0.13939863443374634
3900,beac53e8074b4822943a3374ff5e9fed98a891b8,e083df3577b3231d16678aaf7a020767bdc9c3a0,0.12418799102306366
3901,beac53e8074b4822943a3374ff5e9fed98a891b8,6588070d6578bc8a9d1f284f766340587501d620,0.15323373675346375
3902,beac53e8074b4822943a3374ff5e9fed98a891b8,19229afbce15d62bcf8d3afe84a2d47a0b6f1939,0.16279347240924835
3903,beac53e8074b4822943a3374ff5e9fed98a891b8,1459a6fc833e60ce0f43fe0fc9a48f8f74db77cc,0.1503952145576477
3904,beac53e8074b4822943a3374ff5e9fed98a891b8,38a08fbe5eabbd68db495fa38f4ee506d82095d4,0.13298450410366058
3905,beac53e8074b4822943a3374ff5e9fed98a891b8,049c15a106015b287fec6fc3e8178d4c3f4adf67,0.12601961195468903
3906,beac53e8074b4822943a3374ff5e9fed98a891b8,7f47767d338eb39664844c94833b52ae73d964ef,0.10294175148010254
3907,beac53e8074b4822943a3374ff5e9fed98a891b8,6c201c1ded432c98178f1d35410b8958decc884a,0.12916478514671326
3908,beac53e8074b4822943a3374ff5e9fed98a891b8,4e4c9d1d7893795d386fa6e62385faa6c5eff814,0.07026397436857224
3909,beac53e8074b4822943a3374ff5e9fed98a891b8,8f81d1854da5f6254780f00966d0c00d174b9881,0.06527599692344666
3910,beac53e8074b4822943a3374ff5e9fed98a891b8,156e7730b8ba8a08ec97eb6c2eaaf2124ed0ce6e,0.09867502748966217
3911,beac53e8074b4822943a3374ff5e9fed98a891b8,4f2d62eaf7559b91b97bab3076fcd5f306da57f2,0.07094261050224304
3912,beac53e8074b4822943a3374ff5e9fed98a891b8,d65c2cbc0980d0840b88b569516ae9c277d9d200,0.06860299408435822
3913,beac53e8074b4822943a3374ff5e9fed98a891b8,a9b533329845d5d1a31c3ff2821ce9865c440158,0.08122152090072632
3914,beac53e8074b4822943a3374ff5e9fed98a891b8,76737d93659b31d5a6ce07a4e9e5107bc0c39adf,0.03631199151277542
3915,beac53e8074b4822943a3374ff5e9fed98a891b8,23ddae93514a47b56dcbeed80e67fab62e8b5ec9,0.012497545219957829
3916,beac53e8074b4822943a3374ff5e9fed98a891b8,853331d5c2e4a5c29ff578c012bff7fec7ebd7bc,-0.013826582580804825
3917,beac53e8074b4822943a3374ff5e9fed98a891b8,891d443dc003ed5f8762373395aacfa9ff895fd4,-0.00803222693502903
3918,beac53e8074b4822943a3374ff5e9fed98a891b8,21786e6ca30849f750656277573ee11fa4d469c5,-0.045023687183856964
3919,beac53e8074b4822943a3374ff5e9fed98a891b8,64887b38c382e331cd2b045f7a7edf05f17586a8,-0.08057691156864166
3920,beac53e8074b4822943a3374ff5e9fed98a891b8,2c17972edee8cd41f344009dc939cf51260f425a,-0.09344126284122467
3921,e5adfc2f23602a5256e89b84615e1434e5375f0e,9971ff92d9d09b4736228bdbd7726e2e19b9aa2d,0.5301921367645264
3922,e5adfc2f23602a5256e89b84615e1434e5375f0e,73defb621377dfd4680b3ed1c4d7027cc1a796f0,0.2850582003593445
3923,e5adfc2f23602a5256e89b84615e1434e5375f0e,1e4558354f9509ab9992001340f88be9f298debe,0.18015944957733154
3924,e5adfc2f23602a5256e89b84615e1434e5375f0e,8ff70a1aaa2aeeef42104b3b4f1e686f7be07243,0.1624923050403595
3925,e5adfc2f23602a5256e89b84615e1434e5375f0e,0345aa6780b7daf1f04698d8fe64f5aae9e0233a,0.09160377085208893
3926,e5adfc2f23602a5256e89b84615e1434e5375f0e,36dd3331060e5e6157d9558563b95253308709cb,0.07431171089410782
3927,e5adfc2f23602a5256e89b84615e1434e5375f0e,a8b916062661ddacc54d586fa5676344130b84b5,0.11199282854795456
3928,e5adfc2f23602a5256e89b84615e1434e5375f0e,159b52158512481df7684c341401efbdbc5d8f02,0.052495263516902924
3929,e5adfc2f23602a5256e89b84615e1434e5375f0e,0bd261bac58d7633138350db3727d60be8a94f29,0.05930408462882042
3930,e5adfc2f23602a5256e89b84615e1434e5375f0e,2e7d283fd0064da3a97fef9562a8cc1bd55fa84a,0.07396295666694641
3931,e5adfc2f23602a5256e89b84615e1434e5375f0e,6b1790a5f326831727b41b29c9246bc78f928c78,0.03301158547401428
3932,e5adfc2f23602a5256e89b84615e1434e5375f0e,107971a12550051421d4c570b3e9f285df09d6a8,0.05509353056550026
3933,e5adfc2f23602a5256e89b84615e1434e5375f0e,0b48ef877d32694b4f34b618e3994d94203fe242,0.030316069722175598
3934,e5adfc2f23602a5256e89b84615e1434e5375f0e,c7d0dc4a94b027b0242cd7cf82c9779dc0dd8b33,0.02996855042874813
3935,e5adfc2f23602a5256e89b84615e1434e5375f0e,0a388e51dcc3ac6d38687e1e557e8a000b97b45a,0.03701323643326759
3936,e5adfc2f23602a5256e89b84615e1434e5375f0e,517f6372302bcbb458f253d840d4b3c467c889bd,0.0325060673058033
3937,e5adfc2f23602a5256e89b84615e1434e5375f0e,8ff1f35121c13cabc0b070f23edc46ea88d09b38,0.028747186064720154
3938,e5adfc2f23602a5256e89b84615e1434e5375f0e,e1b9ffd685908be70165ce89b83f541ceaf71895,0.0017842557281255722
3939,e5adfc2f23602a5256e89b84615e1434e5375f0e,1f3774fecbe0ee12a2135cd05a761a7d2b537e13,-0.011259008198976517
3940,e5adfc2f23602a5256e89b84615e1434e5375f0e,140a6bdfb0564eb18a1f51a39dff36f20272a461,0.006842399947345257
3941,e5adfc2f23602a5256e89b84615e1434e5375f0e,25f08ef49357067dcb58cc3b8af416e138006737,0.0009427834302186966
3942,e5adfc2f23602a5256e89b84615e1434e5375f0e,5113d4b4737841fbce92427e3252f81fa99397f2,-0.0067479875870049
3943,e5adfc2f23602a5256e89b84615e1434e5375f0e,f1309720a0c32f22f5a1d2c65b4f09d844ac8516,-0.013158230111002922
3944,e5adfc2f23602a5256e89b84615e1434e5375f0e,c875fdb3efe590b6ccbbf7c27d67338be736c102,-0.028372693806886673
3945,e5adfc2f23602a5256e89b84615e1434e5375f0e,c9904943c2d0dbbb8cf7dfc6649a9cd8ff10526b,-0.049267299473285675
3946,e5adfc2f23602a5256e89b84615e1434e5375f0e,7cf3e97ef62c25a4df6cafb79e2efa8d605419b8,-0.002714337781071663
3947,e5adfc2f23602a5256e89b84615e1434e5375f0e,da67375c8b6a250fbd5482bfbfce14f4eb7e506c,0.0442202128469944
3948,e5adfc2f23602a5256e89b84615e1434e5375f0e,2fb9660e25df30a61803f33b74d37021288afe14,-0.04045913368463516
3949,e5adfc2f23602a5256e89b84615e1434e5375f0e,bced698f9a71ec586931c6deefd6d3c55f19d02d,-0.031164625659585
3950,e5adfc2f23602a5256e89b84615e1434e5375f0e,38c76a87a94818209e0da82f68a95d0947ce5d25,-0.08345786482095718
3951,484550334c626a749bada57e51a0db4a29085f87,0f8c30445f3d994ac220dd101de6999cb6eaf911,0.5450018644332886
3952,484550334c626a749bada57e51a0db4a29085f87,7133ed98bfefa2e7a177f88e8c100562fca82b3a,0.5343366861343384
3953,484550334c626a749bada57e51a0db4a29085f87,b833ee2d196180e11eb4d93f793acd66ff1e2dbe,0.40202584862709045
3954,484550334c626a749bada57e51a0db4a29085f87,2a748cc66531dd7f4d122e66cc0cb461d1205fc0,0.380748987197876
3955,484550334c626a749bada57e51a0db4a29085f87,408a09da1930643328ed60a620ab1f33bb85d4d1,0.4018813371658325
3956,484550334c626a749bada57e51a0db4a29085f87,b56ef8e5791a3852864c787ae013b77b10ea1998,0.3420957922935486
3957,484550334c626a749bada57e51a0db4a29085f87,1233f38bddaebafe9f4ae676bb2f8671f6c4821a,0.22221097350120544
3958,484550334c626a749bada57e51a0db4a29085f87,ef9b81d77bde81c53ae4e303767e1b474f4cf437,0.17106813192367554
3959,484550334c626a749bada57e51a0db4a29085f87,1e470e4b8ef7a4833784205a36e42eece2c8016f,0.1565074622631073
3960,484550334c626a749bada57e51a0db4a29085f87,1d262c871b775990a34dbfe8b8f07db69f31deb6,0.12812472879886627
3961,484550334c626a749bada57e51a0db4a29085f87,38f3bb5e868046261d2933a982ca4ef4031cea7c,0.20563286542892456
3962,484550334c626a749bada57e51a0db4a29085f87,6e37979d2a910e8a2337927731619fd789a5213b,0.10243244469165802
3963,484550334c626a749bada57e51a0db4a29085f87,496dd71be8032024f7e490728a76cbe861e521f6,0.07005926966667175
3964,484550334c626a749bada57e51a0db4a29085f87,e71a6cb92b14384ccd2ac5b89151a650dc45db4a,0.07089710235595703
3965,484550334c626a749bada57e51a0db4a29085f87,3521726832493e775fc4958cb944f79db3414226,0.0690399706363678
3966,484550334c626a749bada57e51a0db4a29085f87,40f979c38176a1c0ccb6f1e8584e52bd7f581273,0.047496214509010315
3967,484550334c626a749bada57e51a0db4a29085f87,d3b402abe55100b2ef7ebbed370b55e67ae66618,0.03559459373354912
3968,484550334c626a749bada57e51a0db4a29085f87,7275fe2be64a0da31403b0848ebbbd7b694e35ab,0.05955702066421509
3969,484550334c626a749bada57e51a0db4a29085f87,ae155256be15eab9ccc14089fde367f65b482a58,0.027022629976272583
3970,484550334c626a749bada57e51a0db4a29085f87,38628d26d4f624378f4303b61ae93c5d34d007c3,0.026118658483028412
3971,484550334c626a749bada57e51a0db4a29085f87,78cd78f39414274f42dc750f6862e03b45133826,0.0007277540862560272
3972,484550334c626a749bada57e51a0db4a29085f87,5cf701e4588067b52ead26188904005b59e71139,0.028761036694049835
3973,484550334c626a749bada57e51a0db4a29085f87,930c3db008ddf723da2b0571d7fd1e966e4c740f,0.01866075210273266
3974,484550334c626a749bada57e51a0db4a29085f87,eb4936c35ceebae4b92ac7dc1c873f7d52882bbd,0.04112832248210907
3975,484550334c626a749bada57e51a0db4a29085f87,72d078429890dcf213d5e959d21fb84adc99d4df,0.01413717120885849
3976,484550334c626a749bada57e51a0db4a29085f87,cfd8a3466a33e277cd71856c8863082d64af0389,-0.025778451934456825
3977,484550334c626a749bada57e51a0db4a29085f87,a1ca82f5a5aa902e3f25d486292e439765711f19,-0.0046848393976688385
3978,484550334c626a749bada57e51a0db4a29085f87,3653428d2b11bf8bdec0a39e0187aa1ff33d8c81,-0.04523114487528801
3979,484550334c626a749bada57e51a0db4a29085f87,26facdf13e37f3ec9388b8527fe2c00691099b34,-0.043254703283309937
3980,484550334c626a749bada57e51a0db4a29085f87,f7c97a6326e38f773163ab49e4f53ee8f2aaa1bd,-0.08188852667808533
3981,1c0e8c3fb143eb5eb5af3026eae7257255fcf814,342786659379879f58bf5c4ff43c84c83a6a7389,0.552035927772522
3982,1c0e8c3fb143eb5eb5af3026eae7257255fcf814,33da83b54410af11d0cd18fd07c74e1a99f67e84,0.547124445438385
3983,1c0e8c3fb143eb5eb5af3026eae7257255fcf814,2dc9b005e936c9c303386caacc8d41cabdb1a0a1,0.540531575679779
3984,1c0e8c3fb143eb5eb5af3026eae7257255fcf814,2d2a3ff0a7609f225534b746b8a1bb569cb77b12,0.5015569925308228
3985,1c0e8c3fb143eb5eb5af3026eae7257255fcf814,849e5eb4589141fe177eff4812e1027f8e979cdd,0.30447280406951904
3986,1c0e8c3fb143eb5eb5af3026eae7257255fcf814,16fc1065c296840cb0f8ca62601aa17b7f0a02bf,0.46917492151260376
3987,1c0e8c3fb143eb5eb5af3026eae7257255fcf814,0c167008408c301935bade9536084a527527ec74,0.18564364314079285
3988,1c0e8c3fb143eb5eb5af3026eae7257255fcf814,c820c840b4fdf10bf72490cf03a813ab43a521c4,0.21515098214149475
3989,1c0e8c3fb143eb5eb5af3026eae7257255fcf814,981fef7155742608b8b6673f4a9566158b76cd67,0.5907874703407288
3990,1c0e8c3fb143eb5eb5af3026eae7257255fcf814,05607f5a0c0a1aeb403d9755ca4e2e3d9df58297,0.3169277012348175
3991,1c0e8c3fb143eb5eb5af3026eae7257255fcf814,c2bbd3a5c88ee56e3a1c375db31f4c40ec5d645b,0.1357794553041458
3992,1c0e8c3fb143eb5eb5af3026eae7257255fcf814,064d1788327c36dc3cd329d82936d1be8e1a42c3,0.11325681954622269
3993,1c0e8c3fb143eb5eb5af3026eae7257255fcf814,52695d7f6d62c411d937390a68e09cc5547297b7,0.06729869544506073
3994,1c0e8c3fb143eb5eb5af3026eae7257255fcf814,e3a9993a00fd9240013c83532b907954a6513ed9,0.06987529993057251
3995,1c0e8c3fb143eb5eb5af3026eae7257255fcf814,2b7f47577c5810e2534833f3829df22342aa9c6a,0.060780130326747894
3996,1c0e8c3fb143eb5eb5af3026eae7257255fcf814,83d3d703027f637971b5269b8a62e00ededc9cfc,0.03801191598176956
3997,1c0e8c3fb143eb5eb5af3026eae7257255fcf814,1b1dda022e899b2d922adf330c96a8c9f7ad2abe,0.05338668450713158
3998,1c0e8c3fb143eb5eb5af3026eae7257255fcf814,016366507205724e5456000e79d2e7d2630ce76b,0.05674344673752785
3999,1c0e8c3fb143eb5eb5af3026eae7257255fcf814,5b09af3973951cda2e8a3c2a2f747225e32e75a3,0.06197361648082733
4000,1c0e8c3fb143eb5eb5af3026eae7257255fcf814,6293901d67ef124439176990b557db6a5089a28c,0.07989846169948578
4001,1c0e8c3fb143eb5eb5af3026eae7257255fcf814,ab1975ae0996fe2358bbb33182c41097b198f7d5,0.031054221093654633
4002,1c0e8c3fb143eb5eb5af3026eae7257255fcf814,e5dcb0abc4d482cec5395a3e09ce80f70e94227b,0.029578834772109985
4003,1c0e8c3fb143eb5eb5af3026eae7257255fcf814,11931ecad0f210c18e2b953e3c8b40c8831aa481,-0.0076239220798015594
4004,1c0e8c3fb143eb5eb5af3026eae7257255fcf814,d7714e384e3d817fd77ec139faf318a5b7b03f6e,-0.02104378491640091
4005,1c0e8c3fb143eb5eb5af3026eae7257255fcf814,bc6d0c1584eb3de2f28e1bf726f4f0bfac5c50b3,-0.05550835654139519
4006,1c0e8c3fb143eb5eb5af3026eae7257255fcf814,c1ac44cca09ce4ddfcfb142fbb53f4b6525d44f8,-0.03985746204853058
4007,1c0e8c3fb143eb5eb5af3026eae7257255fcf814,5b24f11ddcc7e9271eb0e44bdd37c4fab2afd600,-0.09820123016834259
4008,1c0e8c3fb143eb5eb5af3026eae7257255fcf814,89aa77b3eb096b9a6c2fb0aa58bd40f0a5929738,-0.10353510081768036
4009,1c0e8c3fb143eb5eb5af3026eae7257255fcf814,847ddd2fe022f3216b8a873deae23ab650cf4aa5,-0.1259303092956543
4010,1c0e8c3fb143eb5eb5af3026eae7257255fcf814,6a0e23f27db603d0f6641455539d9a7e7f2f2cc4,-0.13692939281463623
4011,43bb00f852d1d24dec35c927328c17fb01a54295,7ac64e54d377d2e765158cb545df5013e92905da,0.6074087619781494
4012,43bb00f852d1d24dec35c927328c17fb01a54295,234a741a8bcdf25f5924101edc1f67f164f5277b,0.6199315190315247
4013,43bb00f852d1d24dec35c927328c17fb01a54295,c3245983b40b3c9b90f62f50bbe99372c04e973d,0.465626060962677
4014,43bb00f852d1d24dec35c927328c17fb01a54295,f8a5ada24bb625ce5bbcdb9004da911d7fa845b2,0.3830396234989166
4015,43bb00f852d1d24dec35c927328c17fb01a54295,0d202e5e05600222cc0c6f53504e046996fdd3c8,0.40057674050331116
4016,43bb00f852d1d24dec35c927328c17fb01a54295,76456aac10e7ed56f1188cc28ea5f525c959896e,0.3509671688079834
4017,43bb00f852d1d24dec35c927328c17fb01a54295,3c203e4687fab9bacc2adcff2cbcab2b6d7937dd,0.3261467516422272
4018,43bb00f852d1d24dec35c927328c17fb01a54295,4279602fdbe037b935b63bcadbbfbe503a7c30ee,0.27199700474739075
4019,43bb00f852d1d24dec35c927328c17fb01a54295,509d6923c3d18a78b49a8573189ef9a1a5d56158,0.20547309517860413
4020,43bb00f852d1d24dec35c927328c17fb01a54295,65c0d042d2ee7e4b71992e97f8bb42f028facac6,0.3346208333969116
4021,43bb00f852d1d24dec35c927328c17fb01a54295,d174b88552cf2531e10af49e0d182802f0c8d604,0.2220301330089569
4022,43bb00f852d1d24dec35c927328c17fb01a54295,16463c13e27f35d326056bd84364e02182a978a4,0.17461976408958435
4023,43bb00f852d1d24dec35c927328c17fb01a54295,d2331d22cab942a5f15c907effe1eaedd5d77305,0.15037789940834045
4024,43bb00f852d1d24dec35c927328c17fb01a54295,745782902e97be8fbacd1e05d283f11104e2fec6,0.1053847074508667
4025,43bb00f852d1d24dec35c927328c17fb01a54295,416f27b7ed8764a5d609965ba9a08b67affdd1b8,0.15277627110481262
4026,43bb00f852d1d24dec35c927328c17fb01a54295,47b4d1e152efebb00ac9f948d610e6c6a27d34ea,0.1176513135433197
4027,43bb00f852d1d24dec35c927328c17fb01a54295,4d9583991eeae36366cd61e6011df7ada7413f0d,0.10554756224155426
4028,43bb00f852d1d24dec35c927328c17fb01a54295,52b102620fff029b80b3193bec147fe6afd6f42e,0.06941808760166168
4029,43bb00f852d1d24dec35c927328c17fb01a54295,6a584f3fbc4c5333825ce0a8e8a30776097c81c5,0.11264457553625107
4030,43bb00f852d1d24dec35c927328c17fb01a54295,33ef870128a5a7ea3c98274f0753324083b955aa,0.06450564414262772
4031,43bb00f852d1d24dec35c927328c17fb01a54295,3b8e1b8b85639079dbad489b23e28437f4c565ad,-0.013082701712846756
4032,43bb00f852d1d24dec35c927328c17fb01a54295,95a8087f81f7c60544c4e9cfec67f4c1513ff789,0.016942396759986877
4033,43bb00f852d1d24dec35c927328c17fb01a54295,e835b786e552f45da8c8fa7af0dfc3c571f4150c,0.0032437629997730255
4034,43bb00f852d1d24dec35c927328c17fb01a54295,7c17025c540b88df14da35229618b5e896ab9528,0.022165287286043167
4035,43bb00f852d1d24dec35c927328c17fb01a54295,193debca0be1c38dabc42dc772513e6653fd91d8,0.06561601161956787
4036,43bb00f852d1d24dec35c927328c17fb01a54295,bdd46459102967fed8c9ce41f81ce4d18b33c38e,-0.00023946166038513184
4037,43bb00f852d1d24dec35c927328c17fb01a54295,97728f1466f435b7145637acb4893c6acaa2291a,-0.05374651402235031
4038,43bb00f852d1d24dec35c927328c17fb01a54295,29d583c9ed11377d02158150b61f2c4ce9ad5fb1,-0.005979008972644806
4039,43bb00f852d1d24dec35c927328c17fb01a54295,4e8160b341556d11ea11a636f4e85f221e80df92,-0.012994620949029922
4040,43bb00f852d1d24dec35c927328c17fb01a54295,6be966504d72b77886af302cf7e28a7d5c14e624,-0.16221901774406433
4041,f254f031bd7c68a56cfff922f8a0665768994ef2,21922f216002ed2bc44b886b5e8e3042da45c40c,0.3908742368221283
4042,f254f031bd7c68a56cfff922f8a0665768994ef2,6204fa63d8a60aea36a40cb171a696a74c22c6cd,0.34772759675979614
4043,f254f031bd7c68a56cfff922f8a0665768994ef2,0f9b608cd19afeb083e0244df4cd0db1a00e029b,0.30867481231689453
4044,f254f031bd7c68a56cfff922f8a0665768994ef2,43814f683616ff3db83488f73df44b01d2e67392,0.2591700553894043
4045,f254f031bd7c68a56cfff922f8a0665768994ef2,6723dda58e5e09089ec78ba42827b65859f030e2,0.26602450013160706
4046,f254f031bd7c68a56cfff922f8a0665768994ef2,431310dd980475b0c1572dcda6ec1e2ff4d08508,0.23199795186519623
4047,f254f031bd7c68a56cfff922f8a0665768994ef2,8f5e4fc6b92bcc50ed5f91104b69a58ac98ede9d,0.21603429317474365
4048,f254f031bd7c68a56cfff922f8a0665768994ef2,1ba1de0f143bd3166c9961acc869e123651d9836,0.1656290888786316
4049,f254f031bd7c68a56cfff922f8a0665768994ef2,1b7ca711dd2a6126936c9bf1eb6636632ebdaab6,0.17389321327209473
4050,f254f031bd7c68a56cfff922f8a0665768994ef2,9e1ad0f8ceb47ed9c5e47149fad5cfcdfa4e5737,0.15911121666431427
4051,f254f031bd7c68a56cfff922f8a0665768994ef2,1b7aef72aacbef7602f7c5c1a77de941074303fb,0.14184851944446564
4052,f254f031bd7c68a56cfff922f8a0665768994ef2,562b3a980bbe291390ac1bc7ec81ca6be9d06be5,0.18566150963306427
4053,f254f031bd7c68a56cfff922f8a0665768994ef2,0c668ee24d58ecca165f788d40765e79ed615471,0.2639179527759552
4054,f254f031bd7c68a56cfff922f8a0665768994ef2,5df4c94a9b191a5041dd0efd5bfb07ff263d530a,0.0711616575717926
4055,f254f031bd7c68a56cfff922f8a0665768994ef2,11f8c51cf54e0ea2dec517a3635771e4bb946fb4,0.148474782705307
4056,f254f031bd7c68a56cfff922f8a0665768994ef2,3e93e41ccd22596ca478f336727f6340b12e7572,0.05712497979402542
4057,f254f031bd7c68a56cfff922f8a0665768994ef2,cf328bb777c6b3701e6b40e4c2a2f06f2d538513,0.0736192911863327
4058,f254f031bd7c68a56cfff922f8a0665768994ef2,0d4775270584b2e3ab0c19ad1cd98f29bcc8e773,0.08766034245491028
4059,f254f031bd7c68a56cfff922f8a0665768994ef2,2d7e04e61aab62e37c007c60efdfa05819a8724b,0.045617688447237015
4060,f254f031bd7c68a56cfff922f8a0665768994ef2,09f64d88010c9b31e971b697dc6d64349285b788,0.003123052418231964
4061,f254f031bd7c68a56cfff922f8a0665768994ef2,f63ebe0ced9ca61ff1dd42b592f365db821e1f7e,0.08776597678661346
4062,f254f031bd7c68a56cfff922f8a0665768994ef2,620af2a56b4ff2c76c88c6b942a63e685e5a0412,0.0165356807410717
4063,f254f031bd7c68a56cfff922f8a0665768994ef2,981414fb045bf10380e3a154da9b7555b8334ad8,0.034428831189870834
4064,f254f031bd7c68a56cfff922f8a0665768994ef2,1d286a264b233125b681e522e8f5fed596a8608c,-0.039417512714862823
4065,f254f031bd7c68a56cfff922f8a0665768994ef2,5a0e84b72d161ce978bba66bfb0e337b80ea1708,-0.05880727618932724
4066,f254f031bd7c68a56cfff922f8a0665768994ef2,fd5f266135942c4d9d4cd681047cf967fba07d49,-0.06284371763467789
4067,f254f031bd7c68a56cfff922f8a0665768994ef2,5a8da94888feb243b7f4a64de01d3528e5ba573d,-0.06256751716136932
4068,f254f031bd7c68a56cfff922f8a0665768994ef2,1934b909471ed388936fcf79cde66aa3711c2acb,-0.04953065514564514
4069,f254f031bd7c68a56cfff922f8a0665768994ef2,a54559bc351726d481e94e47094af11287c01ea6,-0.08401466906070709
4070,f254f031bd7c68a56cfff922f8a0665768994ef2,0ffab19326002ada57c0a22b1801439a8040ac54,-0.07466817647218704
4071,c1af0af74d9227591f4464d09d3d4c077e3f53df,ccfef606b58af279018d5f40bb38f623422c1536,0.6418160200119019
4072,c1af0af74d9227591f4464d09d3d4c077e3f53df,769626642fbb888da16f0371bb6011280a5d53fb,0.5486376881599426
4073,c1af0af74d9227591f4464d09d3d4c077e3f53df,3f90560a649fcd0d618c4e5538b18d07ef116539,0.21416285634040833
4074,c1af0af74d9227591f4464d09d3d4c077e3f53df,6d3a038660e2961e1f87fe7d5ae2dd56dee87fee,0.3048837184906006
4075,c1af0af74d9227591f4464d09d3d4c077e3f53df,7770c8e1b66cef14d34b6497839c3598731cb140,0.2444789707660675
4076,c1af0af74d9227591f4464d09d3d4c077e3f53df,0c023447f0f230a083f19817a1c363ff96d1cd3d,0.2986178994178772
4077,c1af0af74d9227591f4464d09d3d4c077e3f53df,6d6f075065a6c426f7e77c862cc5af2aa9dbbbb5,0.22522717714309692
4078,c1af0af74d9227591f4464d09d3d4c077e3f53df,0874f9274a471819b5ed82a07e67003a91913b65,0.2595846652984619
4079,c1af0af74d9227591f4464d09d3d4c077e3f53df,8fec69c8b84a00b1c657f2b7b1b77d19af4d0fe3,0.16125373542308807
4080,c1af0af74d9227591f4464d09d3d4c077e3f53df,5ab730d9060572c7b9f940be07ee26581bb4c73b,0.15616345405578613
4081,c1af0af74d9227591f4464d09d3d4c077e3f53df,4586eae7af09bf653cee78d71ba25711ec3b3e5a,0.14293058216571808
4082,c1af0af74d9227591f4464d09d3d4c077e3f53df,d2ca570b8746a1ecfbd155da14c8291f85545db2,0.1486630141735077
4083,c1af0af74d9227591f4464d09d3d4c077e3f53df,384ce792cf2b2afbe001f2168bfe7d5e7804c736,0.11577219516038895
4084,c1af0af74d9227591f4464d09d3d4c077e3f53df,5dd865deb652c8b07bac3ce5cedcb17ba9103abf,0.10742206126451492
4085,c1af0af74d9227591f4464d09d3d4c077e3f53df,3f7b48306ac4573c867d28ebf48465deed2ab016,0.07279615104198456
4086,c1af0af74d9227591f4464d09d3d4c077e3f53df,aa03a69f3f7c3d0dd423288fdf86427a0270d53a,0.07611630111932755
4087,c1af0af74d9227591f4464d09d3d4c077e3f53df,9b2c2e87b90bf1cf7f41d796b2298204a10050a8,0.09625318646430969
4088,c1af0af74d9227591f4464d09d3d4c077e3f53df,9380085172e541d617a823729cc6fdd168f02c8f,0.049508754163980484
4089,c1af0af74d9227591f4464d09d3d4c077e3f53df,84ab4a5f4f1265e3ef61db90e17a6b71fff597a5,0.07113312184810638
4090,c1af0af74d9227591f4464d09d3d4c077e3f53df,62363da5c2e84a06cf9a21ca5977a4dd18bfbe9a,0.033443622291088104
4091,c1af0af74d9227591f4464d09d3d4c077e3f53df,760a16378ab60b6353a915b6a688a4d317c8daee,-0.0046233851462602615
4092,c1af0af74d9227591f4464d09d3d4c077e3f53df,8555edf9dd7de6caf36873adc2a77508bc45ac8a,0.029605654999613762
4093,c1af0af74d9227591f4464d09d3d4c077e3f53df,85654484e5a420b1af9024147c3df55fd4c8202e,0.03726736083626747
4094,c1af0af74d9227591f4464d09d3d4c077e3f53df,16f0fb8717df492c745cd4d5d799c89dc2b05227,0.08727236092090607
4095,c1af0af74d9227591f4464d09d3d4c077e3f53df,2e29ef2217a27c088f390579bfe0d3cf2878fe1b,0.026567019522190094
4096,c1af0af74d9227591f4464d09d3d4c077e3f53df,93fd07093b896a59bc98c7a1eade732b71196189,0.0711045116186142
4097,c1af0af74d9227591f4464d09d3d4c077e3f53df,c666a47e4fcd55f07281c39153abd40e7d3c20e8,0.03072316385805607
4098,c1af0af74d9227591f4464d09d3d4c077e3f53df,3ff5284e97c511ff15f588a2ebdd3f9220faa8af,-0.059461284428834915
4099,c1af0af74d9227591f4464d09d3d4c077e3f53df,a3d3f566bb2a9020f51ba2e5a561d43c20f2fa3e,-0.03197205811738968
4100,c1af0af74d9227591f4464d09d3d4c077e3f53df,e31cc8270a609dec0afd08f83f5dc6b156ab5c42,-0.08036048710346222
4101,9bdc4c5f6ba780f30ae081be7af34262af9a60a5,9931b8ea6594b97c7dfca93936a2d95a38167046,0.7770545482635498
4102,9bdc4c5f6ba780f30ae081be7af34262af9a60a5,fb166f1e77428a492ea869a8b79df275dd9669c2,0.7210896015167236
4103,9bdc4c5f6ba780f30ae081be7af34262af9a60a5,7f90ef42f22d4f9b86d33b0ad7f16261273c8612,0.7138159275054932
4104,9bdc4c5f6ba780f30ae081be7af34262af9a60a5,b54315a22b825e9ca1b59aa1d3fac98ea4925941,0.6212007999420166
4105,9bdc4c5f6ba780f30ae081be7af34262af9a60a5,b4f943584acf7694cc369a42a75ba804f8493ed3,0.5758631229400635
4106,9bdc4c5f6ba780f30ae081be7af34262af9a60a5,20ff5fc3d1628db26a1d4936eaa7b0cdad8eeae8,0.18998071551322937
4107,9bdc4c5f6ba780f30ae081be7af34262af9a60a5,f26a8dcfbaf9f46c021c41a3545fcfa845660c47,0.23572969436645508
4108,9bdc4c5f6ba780f30ae081be7af34262af9a60a5,521c5092f7ff4e1fdbf607e2f54e8ce26b51bd27,0.17589020729064941
4109,9bdc4c5f6ba780f30ae081be7af34262af9a60a5,e80f6871f78da0e5c4ae7c07235db27cbadaffe0,0.18932613730430603
4110,9bdc4c5f6ba780f30ae081be7af34262af9a60a5,2b354f4ad32a03914dd432658150ab2419d4ff0f,0.16006530821323395
4111,9bdc4c5f6ba780f30ae081be7af34262af9a60a5,24a9e0ac9bbc708efd14512becc5c4514d8f042d,0.1666206270456314
4112,9bdc4c5f6ba780f30ae081be7af34262af9a60a5,0955315509ac15bb4f825dbcd1e51423c3781ce4,0.07996615022420883
4113,9bdc4c5f6ba780f30ae081be7af34262af9a60a5,50e1460abd160b92b38f206553f7917cf6470324,0.14381080865859985
4114,9bdc4c5f6ba780f30ae081be7af34262af9a60a5,0aa9b26b407a36ed62d19c8c1c1c6a26d75991af,0.026622584089636803
4115,9bdc4c5f6ba780f30ae081be7af34262af9a60a5,077492a77812a68c86b970557e97a452a6689427,0.046216584742069244
4116,9bdc4c5f6ba780f30ae081be7af34262af9a60a5,e5e4c3a891997f93f539c421cae73dab078cdb79,0.06602050364017487
4117,9bdc4c5f6ba780f30ae081be7af34262af9a60a5,5a6eec6f2b3bdb918b400214fb9c41645eb81e0a,0.033903732895851135
4118,9bdc4c5f6ba780f30ae081be7af34262af9a60a5,3fe3343d1f908270f067acebc0463590d284abf3,0.012675274163484573
4119,9bdc4c5f6ba780f30ae081be7af34262af9a60a5,6681c5cecb6efb15f170786e04e05fc77820be50,0.03846970573067665
4120,9bdc4c5f6ba780f30ae081be7af34262af9a60a5,8a1ff425abea99ca21bfdf9f6b7b7254e36e3242,-0.01668715290725231
4121,9bdc4c5f6ba780f30ae081be7af34262af9a60a5,e68a6132f5536aad264ba62052005d0eca3356d5,-0.01971803419291973
4122,9bdc4c5f6ba780f30ae081be7af34262af9a60a5,a5e1ba6191b8b53de48dd676267902364ff1b0d2,-0.022863419726490974
4123,9bdc4c5f6ba780f30ae081be7af34262af9a60a5,9a2b2bfa324041c1fc1e84598d6f14956c67c825,-0.023492924869060516
4124,9bdc4c5f6ba780f30ae081be7af34262af9a60a5,80898c89f32975f33e42a680a4d675df63a8a3e5,-0.006486574653536081
4125,9bdc4c5f6ba780f30ae081be7af34262af9a60a5,4f1b7c199a02b8efc5e77b9a5b6283095fa038b5,-0.025807712227106094
4126,9bdc4c5f6ba780f30ae081be7af34262af9a60a5,bbf70ffe55676b34c43b585e480e8343943aa328,-0.03223906084895134
4127,9bdc4c5f6ba780f30ae081be7af34262af9a60a5,982ffaf04a681c98c2d314a1100dd705a950850e,-0.04271157830953598
4128,9bdc4c5f6ba780f30ae081be7af34262af9a60a5,d77d179169dc0354a31208cfa461267469215045,-0.07417832314968109
4129,9bdc4c5f6ba780f30ae081be7af34262af9a60a5,1f6235cedd6b0023b0eec7e11c226e89b4515bd2,-0.08003527671098709
4130,9bdc4c5f6ba780f30ae081be7af34262af9a60a5,11d063b26b99d63581bec6566a77f7751b4be2b3,-0.12870948016643524
4131,b453a4131201360dbd9743ffbe7d4939d099059d,9b4bf3c7b887dd54777c5a6c5ce85ec08a5f2555,0.4036974310874939
4132,b453a4131201360dbd9743ffbe7d4939d099059d,3d538490d2882ef8f492529762b0e3a7ea31774c,0.4611963927745819
4133,b453a4131201360dbd9743ffbe7d4939d099059d,a66bf021c79ba2e755ad3e9558c06db05cd5589b,0.4042395353317261
4134,b453a4131201360dbd9743ffbe7d4939d099059d,0c3e11581d7eedfbae6ce9aa5729599918a606d9,0.4037678837776184
4135,b453a4131201360dbd9743ffbe7d4939d099059d,32a5f8dd328d189f5e8b9812823da89ef47cd1c5,0.41284048557281494
4136,b453a4131201360dbd9743ffbe7d4939d099059d,87fb09967184aecb772024a8264e529252f0b668,0.10616396367549896
4137,b453a4131201360dbd9743ffbe7d4939d099059d,4b392162b7bda78308c205928911c42b7ce6a293,0.1250489354133606
4138,b453a4131201360dbd9743ffbe7d4939d099059d,82e82ec9b2daf1a0213f22d8ff5cc7d17f75b2e0,0.06373365223407745
4139,b453a4131201360dbd9743ffbe7d4939d099059d,cd0105649926af00e1f8fe4d32438ea2141628e8,0.10732297599315643
4140,b453a4131201360dbd9743ffbe7d4939d099059d,08de4de6aaffc4d235e45cfa324fb36d5681dd6c,0.03638133779168129
4141,b453a4131201360dbd9743ffbe7d4939d099059d,ef08f531cbfffb93d0d0fe49c0aa76c80b8a6962,0.06473788619041443
4142,b453a4131201360dbd9743ffbe7d4939d099059d,6841c2cfcc9ba93e8b9c43a6a717f15079922ab9,0.07542401552200317
4143,b453a4131201360dbd9743ffbe7d4939d099059d,56a3fc8fc92cd363b008110ec15a24a3394e1d5e,0.042134638875722885
4144,b453a4131201360dbd9743ffbe7d4939d099059d,0ba5ae30a1d291e2a69f2305670f81c6da981328,0.02900337055325508
4145,b453a4131201360dbd9743ffbe7d4939d099059d,4ba0f4f9b00343c96ed46697d5bf5221f6bd0d0c,0.0182831808924675
4146,b453a4131201360dbd9743ffbe7d4939d099059d,0e6e22b67ff5fb01f766e77fe32472b0387ddeff,0.02168346755206585
4147,b453a4131201360dbd9743ffbe7d4939d099059d,103d41f7829d8df58c85d2c1739dc2b3deab6bfe,-0.023571334779262543
4148,b453a4131201360dbd9743ffbe7d4939d099059d,6b9b6520e841575fa093acac9db4444a94647912,-0.01861373707652092
4149,b453a4131201360dbd9743ffbe7d4939d099059d,179be26fc862cd87815c32959d856e7f988de08d,-0.010418307036161423
4150,b453a4131201360dbd9743ffbe7d4939d099059d,40e153460564ed0dbb2523394438c7a1172ca9dc,-0.01687990501523018
4151,b453a4131201360dbd9743ffbe7d4939d099059d,9f094341bea610a10346f072bf865cb550a1f1c1,-0.013726357370615005
4152,b453a4131201360dbd9743ffbe7d4939d099059d,df2ae4effe67763a3505a30c2b05df6a3efbb93f,-0.06767024099826813
4153,b453a4131201360dbd9743ffbe7d4939d099059d,2327c389267019508bbb15788b5caa7bdda30998,-0.024308152496814728
4154,b453a4131201360dbd9743ffbe7d4939d099059d,d8bfd7d636183ebbccba4c353d45a76fe8ed6cde,-0.029664555564522743
4155,b453a4131201360dbd9743ffbe7d4939d099059d,1e507a62327dce8f747b1cc2a094d2040eed120b,-0.04234498739242554
4156,b453a4131201360dbd9743ffbe7d4939d099059d,7590497e4c3838bce3d4563e9cb37b040ca12f29,-0.03832098841667175
4157,b453a4131201360dbd9743ffbe7d4939d099059d,c18e0c41bce120dd384a495adcb5b7c2ca1f8ecd,-0.05161004140973091
4158,b453a4131201360dbd9743ffbe7d4939d099059d,f44ee667ff0e9721978d0d1e9a84c9f2f42d3656,-0.08417372405529022
4159,b453a4131201360dbd9743ffbe7d4939d099059d,537db6c2984514d92a754a591841e2e20845985a,-0.07936088740825653
4160,b453a4131201360dbd9743ffbe7d4939d099059d,328a3e8811a65ef301eda423800fefd9a10fc196,-0.12155981361865997
4161,06e0780f589f04edd1e55f5a0d9872696280b40e,7545f90299a10dae1968681f6bd268b9b5ab2c37,0.6230299472808838
4162,06e0780f589f04edd1e55f5a0d9872696280b40e,070096ce36bba240b39b5ddb7bc6071311478843,0.6668002605438232
4163,06e0780f589f04edd1e55f5a0d9872696280b40e,21dd2790b76a57b42191b19a54505837f3969141,0.49170631170272827
4164,06e0780f589f04edd1e55f5a0d9872696280b40e,50fcb0e5f921357b2ec96be9a75bfd3169e8f8da,0.2931244969367981
4165,06e0780f589f04edd1e55f5a0d9872696280b40e,3b073bf632aa91628d134a828911ff82706b8a32,0.2996669411659241
4166,06e0780f589f04edd1e55f5a0d9872696280b40e,2e478ae969db8ff0b23e309a9ce46bcaf20c36b3,0.22504109144210815
4167,06e0780f589f04edd1e55f5a0d9872696280b40e,a7b9af6fe95f0c17f85a940b1a71d1e3cdfa2109,0.18063299357891083
4168,06e0780f589f04edd1e55f5a0d9872696280b40e,21d6baca37dbcb35cf263dd93ce306f6013a1ff5,0.195523202419281
4169,06e0780f589f04edd1e55f5a0d9872696280b40e,ed202833d8c1f5c432c1e24abf3945c2e0ef91c5,0.14960810542106628
4170,06e0780f589f04edd1e55f5a0d9872696280b40e,526f6208e5d0c9ef3eaa491b6a650110876ab574,0.12156321108341217
4171,06e0780f589f04edd1e55f5a0d9872696280b40e,56ca21e44120ee31dcc2c7fd963a3567a037ca6f,0.09927520900964737
4172,06e0780f589f04edd1e55f5a0d9872696280b40e,d7e58d05232ed02d4bffba943e4523706971913b,0.08711462467908859
4173,06e0780f589f04edd1e55f5a0d9872696280b40e,1e627fb686eaacaf66452f9ecad066a4311abfb4,0.1341891586780548
4174,06e0780f589f04edd1e55f5a0d9872696280b40e,cb615377f990c0b43cfa6fae3755d5a0da418b2f,0.08736126124858856
4175,06e0780f589f04edd1e55f5a0d9872696280b40e,72d078429890dcf213d5e959d21fb84adc99d4df,0.09888743609189987
4176,06e0780f589f04edd1e55f5a0d9872696280b40e,fd4f24af30d64ca6375016249dc145b1f114ddc9,0.03960644453763962
4177,06e0780f589f04edd1e55f5a0d9872696280b40e,a63c3f53584fd50e27ac0f2dcbe28c7361b5adff,0.014692224562168121
4178,06e0780f589f04edd1e55f5a0d9872696280b40e,c4622d4a8d582c887904a9d0f2714a1dae794c1b,0.014416969381272793
4179,06e0780f589f04edd1e55f5a0d9872696280b40e,6b13a159caebd098aa0f448ae24e541e58319a64,-0.03282918035984039
4180,06e0780f589f04edd1e55f5a0d9872696280b40e,25523cc0bbe43885f0247398dcbf3aecf9538ce2,-0.004312594421207905
4181,06e0780f589f04edd1e55f5a0d9872696280b40e,f6bb1c45e63783785e97ef99b4fe718847d10261,0.023661378771066666
4182,06e0780f589f04edd1e55f5a0d9872696280b40e,5ed7b57af3976e635a08f4dc13bb2a2aca760dbf,-0.04241137579083443
4183,06e0780f589f04edd1e55f5a0d9872696280b40e,64da24aad2e99514ab26d093c19cebec07350099,-0.025751933455467224
4184,06e0780f589f04edd1e55f5a0d9872696280b40e,891df42f3b1284e93128e5de23bcdf0b329700f4,-0.03271486610174179
4185,06e0780f589f04edd1e55f5a0d9872696280b40e,87c13f4ec110495837056295909ceb503158c821,-0.04162951558828354
4186,06e0780f589f04edd1e55f5a0d9872696280b40e,8124c8f871c400dcbdba87aeb16938c86b068688,-0.03709704801440239
4187,06e0780f589f04edd1e55f5a0d9872696280b40e,7a36bcc25b605394c8a61d39b6e4187653aacf98,-0.04053657501935959
4188,06e0780f589f04edd1e55f5a0d9872696280b40e,38732356b452e098d30026d036622461c6e8a3f5,-0.04976178705692291
4189,06e0780f589f04edd1e55f5a0d9872696280b40e,e638bad00cbe2467dacc1b69876c21b776ad8d3b,-0.025178171694278717
4190,06e0780f589f04edd1e55f5a0d9872696280b40e,39339e14ae221cd154354ec1d30d23c8681348c5,-0.11968506872653961
4191,3b28a409d820b611667bf22135e1f372cf12eb64,863f2291f14a8c8b12a2c98f0c47e26a65949377,0.684450626373291
4192,3b28a409d820b611667bf22135e1f372cf12eb64,7736dde8b37604e60c03fbf8bb29b871a7e43860,0.6073300242424011
4193,3b28a409d820b611667bf22135e1f372cf12eb64,8437b9eb07166ccf3b1c8c32e0783dae768a0b51,0.5992209911346436
4194,3b28a409d820b611667bf22135e1f372cf12eb64,54e4435e641902c2632478a935245528cb039edf,0.2868419587612152
4195,3b28a409d820b611667bf22135e1f372cf12eb64,fa181cc241caf85fd1de7faec5080eee8b0a6a49,0.20310735702514648
4196,3b28a409d820b611667bf22135e1f372cf12eb64,6aa0198bfae0cbadc1f076f689fea7bbfe4b4db3,0.1863534152507782
4197,3b28a409d820b611667bf22135e1f372cf12eb64,34e86b693642b41e60e41f7a53bd9821764bda7c,0.11829634010791779
4198,3b28a409d820b611667bf22135e1f372cf12eb64,208125449f697c46d02a98eceb18b8c4622384c5,0.13100305199623108
4199,3b28a409d820b611667bf22135e1f372cf12eb64,becfc0b843ec2610be2a820b909f888e7bbdc451,0.04785773530602455
4200,3b28a409d820b611667bf22135e1f372cf12eb64,db5fad57f5b1ebedd519d4618ecf351ccd001eb4,0.08653011173009872
4201,3b28a409d820b611667bf22135e1f372cf12eb64,14a6948d9ce94b06cfe3b9883a68961a5e7da49a,0.03574233502149582
4202,3b28a409d820b611667bf22135e1f372cf12eb64,eedff5b2de79b724aac852e8cad08f8e90d980d5,0.06457934528589249
4203,3b28a409d820b611667bf22135e1f372cf12eb64,4f5f8ffa466c176de35e5688657681eb534350b6,0.04452116787433624
4204,3b28a409d820b611667bf22135e1f372cf12eb64,03a00248b7d5e2d89f5337e62c39fad277c66102,0.05565972998738289
4205,3b28a409d820b611667bf22135e1f372cf12eb64,d3ef8bc5abcaff84ad72a6b0863e4fcdd28f6a6a,0.014289526268839836
4206,3b28a409d820b611667bf22135e1f372cf12eb64,2de46b4679fa5ae706232060d4f9ecab6b9aafbd,0.027273915708065033
4207,3b28a409d820b611667bf22135e1f372cf12eb64,420269bc0321288460b978072cfe901874003777,0.007043031044304371
4208,3b28a409d820b611667bf22135e1f372cf12eb64,be2bf691bafe37e64c2f2bfa3d9d8a8db82c3bc8,0.04030030593276024
4209,3b28a409d820b611667bf22135e1f372cf12eb64,ab734bac3994b00bf97ce22b9abc881ee8c12918,0.012987744063138962
4210,3b28a409d820b611667bf22135e1f372cf12eb64,13f279a8102df272577b9fe691276d590e61311a,-0.04313754290342331
4211,3b28a409d820b611667bf22135e1f372cf12eb64,35c53e97d15aa2bf0debd17c9fb07c1b7de3ed67,-0.06134670227766037
4212,3b28a409d820b611667bf22135e1f372cf12eb64,12960755118168d22952df68291d19f30df1dead,-0.06344619393348694
4213,3b28a409d820b611667bf22135e1f372cf12eb64,d508e3b2a0ab2b1af6582151a4c8e786422026fb,-0.052474863827228546
4214,3b28a409d820b611667bf22135e1f372cf12eb64,9171dcbea95321659b2a11a70bfdfe0c33ed081d,-0.08396447449922562
4215,3b28a409d820b611667bf22135e1f372cf12eb64,762182cd3e90179609dd0adcf9d4f1d84db14526,-0.08329357206821442
4216,3b28a409d820b611667bf22135e1f372cf12eb64,c94ef9cf287122b31eb380b3fc34013f7c56a0a8,-0.08514908701181412
4217,3b28a409d820b611667bf22135e1f372cf12eb64,1a41157538ac14718d9ec74f52050891330e6639,-0.08082804083824158
4218,3b28a409d820b611667bf22135e1f372cf12eb64,4fba12c75d28e46e3ea93102499fb0c27d360e17,-0.136215478181839
4219,3b28a409d820b611667bf22135e1f372cf12eb64,ba616035a6ea91b52a3c78e6779f5c055268c153,-0.12591251730918884
4220,3b28a409d820b611667bf22135e1f372cf12eb64,8884ef78bba4ceea3272ed2d25cafde8fc981c62,-0.12204888463020325
4221,dd2393f444aa875a341ddf32249381f6d1cd36b8,436c852c4094a58ff9e629ace758612f58459342,0.5751156806945801
4222,dd2393f444aa875a341ddf32249381f6d1cd36b8,2717def05f735902162808f1997048ce31cb6950,0.5570956468582153
4223,dd2393f444aa875a341ddf32249381f6d1cd36b8,4d61cf4ffa9d15963e6f61d3d22b17274c6c4800,0.6549088358879089
4224,dd2393f444aa875a341ddf32249381f6d1cd36b8,4edaded63d9d7ea27f5c4819f35d7168e1ae7974,0.5665307641029358
4225,dd2393f444aa875a341ddf32249381f6d1cd36b8,09661a6bb7578979e42c75d6ce382baba64d4981,0.15407003462314606
4226,dd2393f444aa875a341ddf32249381f6d1cd36b8,62140a124e5ef6b04746b64d9428822d18192486,0.15283063054084778
4227,dd2393f444aa875a341ddf32249381f6d1cd36b8,17963c800077aedd3802b3e97d45c286ba953ba4,0.17215722799301147
4228,dd2393f444aa875a341ddf32249381f6d1cd36b8,df3c3ef09b2f37a442652472e89eaad964a6cd1c,0.156406968832016
4229,dd2393f444aa875a341ddf32249381f6d1cd36b8,714e622067ae4f787ee347f510c7a08d2173158d,0.1286557912826538
4230,dd2393f444aa875a341ddf32249381f6d1cd36b8,44411382876f098bfaad184bd70dca2df9ade956,0.112926185131073
4231,dd2393f444aa875a341ddf32249381f6d1cd36b8,b71aa6ec14d0714c0ccc0a76654166cfe53c7ec3,0.09741850942373276
4232,dd2393f444aa875a341ddf32249381f6d1cd36b8,8fffddb7e900e9a6873903d306c264e8759fec7d,0.11616532504558563
4233,dd2393f444aa875a341ddf32249381f6d1cd36b8,476a02f3bafcb0223fabfdec2312cff9a5623d49,0.07583775371313095
4234,dd2393f444aa875a341ddf32249381f6d1cd36b8,762cbbbeb46f0b1873cfe1dccb57a37da3a5af3e,0.08181153982877731
4235,dd2393f444aa875a341ddf32249381f6d1cd36b8,d96f7b8b0a4a6338335929e5495e13e54e21afaf,0.06797590851783752
4236,dd2393f444aa875a341ddf32249381f6d1cd36b8,4755e9c5b8750c1e8066d53a7f67497b6919dc2f,0.06811502575874329
4237,dd2393f444aa875a341ddf32249381f6d1cd36b8,72912bfe28fe17bcd2c30de1495f186773eeda46,0.04452825337648392
4238,dd2393f444aa875a341ddf32249381f6d1cd36b8,237292e08fe45320e954377ebe2b7e08d08f1979,0.1439189612865448
4239,dd2393f444aa875a341ddf32249381f6d1cd36b8,71c3182fa122a1d6ccd4aa8eb9dccd95314b848b,0.05540793389081955
4240,dd2393f444aa875a341ddf32249381f6d1cd36b8,c924137ca87e8b4e1557465405744f8b639b16fc,0.012600470334291458
4241,dd2393f444aa875a341ddf32249381f6d1cd36b8,6d75df4360a3d56514dcb775c832fdc572bab64b,0.00447767972946167
4242,dd2393f444aa875a341ddf32249381f6d1cd36b8,5f7fc75286c20f78278fa53c8a3f4c32cebebe6a,-0.023492898792028427
4243,dd2393f444aa875a341ddf32249381f6d1cd36b8,a3daa12e3535065e82cc1806058be31c42c48f5d,-0.01660340651869774
4244,dd2393f444aa875a341ddf32249381f6d1cd36b8,374858657ac7f1906cace0eda68539600f7040a8,-0.013749245554208755
4245,dd2393f444aa875a341ddf32249381f6d1cd36b8,374062ce74cddb2d55ced757e59e87c1bd087124,-0.06819211691617966
4246,dd2393f444aa875a341ddf32249381f6d1cd36b8,26c4eb90d0f82ac722cf0bb279de3cf89fef5e89,-0.048949625343084335
4247,dd2393f444aa875a341ddf32249381f6d1cd36b8,f98e69f9cefeb8eb7998ea5fcad3ea211018b39d,-0.022511664777994156
4248,dd2393f444aa875a341ddf32249381f6d1cd36b8,08de23f650d1b0c6a366b04d72d2abf8cde2fbd8,-0.05568235367536545
4249,dd2393f444aa875a341ddf32249381f6d1cd36b8,9ef7bf35e858663b48259b45d40b96becf9fe862,-0.08179423213005066
4250,dd2393f444aa875a341ddf32249381f6d1cd36b8,900550291f250b8ee45082752665ab3550bfad2b,-0.10319721698760986
4251,f7f32e86c23a902ac55fba8b8191026f563bec5b,c2ac213982e189e4ad4c7f60608914a489ec9051,0.5442264080047607
4252,f7f32e86c23a902ac55fba8b8191026f563bec5b,9141d85998eadb1bca5cca027ae07670cfafb015,0.5315682888031006
4253,f7f32e86c23a902ac55fba8b8191026f563bec5b,310b72fbc3d384ca88ca994b33476b8a2be2e27f,0.5194889307022095
4254,f7f32e86c23a902ac55fba8b8191026f563bec5b,59d9160780bf3eac8c621983a36ff332a3497219,0.49737757444381714
4255,f7f32e86c23a902ac55fba8b8191026f563bec5b,7c89cbf5d860819c9b5e5217d079dc8aafcba336,0.5335138440132141
4256,f7f32e86c23a902ac55fba8b8191026f563bec5b,2243ca5af76cccee0347230abc05b029ddf0e16d,0.21505486965179443
4257,f7f32e86c23a902ac55fba8b8191026f563bec5b,52152dac5c7320a4818b48140bfcd396e4e965b7,0.2446715533733368
4258,f7f32e86c23a902ac55fba8b8191026f563bec5b,9fcb152b8cc6e0c6d1c80d4a57a287a2515ee89c,0.11175129562616348
4259,f7f32e86c23a902ac55fba8b8191026f563bec5b,f3221ec7074722e125fe9f0f12b5fee22a431254,0.06907834857702255
4260,f7f32e86c23a902ac55fba8b8191026f563bec5b,8925a583cad259d60f63f236302fbc5ac8277e14,0.0635414868593216
4261,f7f32e86c23a902ac55fba8b8191026f563bec5b,3efcb76ba7a3709d63f9f04d62e54ee2ef1d9603,0.0554145984351635
4262,f7f32e86c23a902ac55fba8b8191026f563bec5b,743c18a2c7abca292b3e6060ecd4e4464cf66bcc,0.038715869188308716
4263,f7f32e86c23a902ac55fba8b8191026f563bec5b,5b5909cd3757e2b9ab6f8784f4c7d936865076ea,0.06374949216842651
4264,f7f32e86c23a902ac55fba8b8191026f563bec5b,40c8e3894314581d0241162374602d68a6d1f38c,0.04887508973479271
4265,f7f32e86c23a902ac55fba8b8191026f563bec5b,d1feb47dd448594d30517add168b7365b45688c1,0.03782608360052109
4266,f7f32e86c23a902ac55fba8b8191026f563bec5b,b3c346b3da022238301c1c95e17823b7d7ab2f49,0.04647618904709816
4267,f7f32e86c23a902ac55fba8b8191026f563bec5b,e33a3487f9b656631159186db4b2aebaed230b36,0.032610490918159485
4268,f7f32e86c23a902ac55fba8b8191026f563bec5b,2e006307ea0fbc35ee318810bfa40dc8c055dea2,0.03617493063211441
4269,f7f32e86c23a902ac55fba8b8191026f563bec5b,1be8cab8701586e751d6ed6d186ca0b6f58a54e7,0.03204793110489845
4270,f7f32e86c23a902ac55fba8b8191026f563bec5b,fbe9e8467fcddb402d6cce9f515a74e3c5b8342a,0.04292941093444824
4271,f7f32e86c23a902ac55fba8b8191026f563bec5b,b3200539538eca54a85223bf0ec4f3ed132d0493,0.026748348027467728
4272,f7f32e86c23a902ac55fba8b8191026f563bec5b,155ed7834a8a44a195b80719985a8b4ca11e6fdc,0.0046577900648117065
4273,f7f32e86c23a902ac55fba8b8191026f563bec5b,174f55ffd478659bb3eea7b9d5c0c64e1a6c2907,-0.005670010112226009
4274,f7f32e86c23a902ac55fba8b8191026f563bec5b,c812374d55b1deb54582cb3656bb0265522e7ec6,-0.02070005051791668
4275,f7f32e86c23a902ac55fba8b8191026f563bec5b,53e082483bf1daa3dfe617be83eb3266425eede0,-0.059107523411512375
4276,f7f32e86c23a902ac55fba8b8191026f563bec5b,16c8c2ead791636acdad5ca72c1938dd66fba6c5,-0.05458816885948181
4277,f7f32e86c23a902ac55fba8b8191026f563bec5b,b0e92c3a7506a526a5130872f4dfc1a5d59c2ecd,-0.05993210896849632
4278,f7f32e86c23a902ac55fba8b8191026f563bec5b,9b7741bafecf80bf4de8aaae0d5260f4a6706082,-0.14549827575683594
4279,f7f32e86c23a902ac55fba8b8191026f563bec5b,cc5a1cf7ad9d644f21a5df799ffbcb8d1e24abe1,-0.08964172005653381
4280,f7f32e86c23a902ac55fba8b8191026f563bec5b,1ea34fdde4d6818a5e6b6062b763d48091bb7400,-0.1067725345492363
4281,2a8a474a6b613105b672bb4d58a59d6eafd035ef,6a649276903f2d59891e95009b7426dc95eb84cf,0.6017447710037231
4282,2a8a474a6b613105b672bb4d58a59d6eafd035ef,f1672c6b9dc9e8e05d2432efa2a8ea5439b5db8b,0.5424514412879944
4283,2a8a474a6b613105b672bb4d58a59d6eafd035ef,827d2d768f58759e193ed17da6d6f7e87749686a,0.5871649980545044
4284,2a8a474a6b613105b672bb4d58a59d6eafd035ef,fac41331cff5fa4d91438efee41581e5154886d9,0.4298478960990906
4285,2a8a474a6b613105b672bb4d58a59d6eafd035ef,e83a2fa459ba921fb176beacba96038a502ff64d,0.5439719557762146
4286,2a8a474a6b613105b672bb4d58a59d6eafd035ef,1d4cbc24ab1b3056d6acd9e097e4f6b24ba64267,0.3773898780345917
4287,2a8a474a6b613105b672bb4d58a59d6eafd035ef,131b53ba2c5d20ead6796c306a949cccbef95c1d,0.20314469933509827
4288,2a8a474a6b613105b672bb4d58a59d6eafd035ef,0e1c072b035756104151484e6548cac0517cc5f2,0.1602771282196045
4289,2a8a474a6b613105b672bb4d58a59d6eafd035ef,029fc5ba929316c5209903b5afd38df3d635e2fc,0.18500125408172607
4290,2a8a474a6b613105b672bb4d58a59d6eafd035ef,f3e92100903dc9a8e3adb6013115df418c41484e,0.16230352222919464
4291,2a8a474a6b613105b672bb4d58a59d6eafd035ef,3ab3bb02a137ddfc419e7d160f8d1ff470080911,0.1482062041759491
4292,2a8a474a6b613105b672bb4d58a59d6eafd035ef,6e54df7c65381b40948f50f6e456e7c06c009fd0,0.1446673721075058
4293,2a8a474a6b613105b672bb4d58a59d6eafd035ef,96b128e61be883c3740e2376a82908181563a753,0.09429135173559189
4294,2a8a474a6b613105b672bb4d58a59d6eafd035ef,32f96626bd0aefad6417125c8d32428273756b4c,0.11103825271129608
4295,2a8a474a6b613105b672bb4d58a59d6eafd035ef,b4894f7d6264b94ded94181d54c7a0c773e3662b,0.09686101973056793
4296,2a8a474a6b613105b672bb4d58a59d6eafd035ef,4f7886b0a905d9c5c76327044482e60b5799584e,0.0960649773478508
4297,2a8a474a6b613105b672bb4d58a59d6eafd035ef,58df2b3cd8b89f6620e43d322c17928d08a197ba,0.04275579750537872
4298,2a8a474a6b613105b672bb4d58a59d6eafd035ef,38b982afdab1b4810b954b4eec913308b2adcfb6,0.0848374217748642
4299,2a8a474a6b613105b672bb4d58a59d6eafd035ef,a3e0e71b9718d958f620655b3000103845e0a395,0.07724685966968536
4300,2a8a474a6b613105b672bb4d58a59d6eafd035ef,f0883912e7b5fd18b474da7dba08e68f512bc7db,0.03578430414199829
4301,2a8a474a6b613105b672bb4d58a59d6eafd035ef,7613af8292d342d8cfcf323d463b414333811fda,0.037844348698854446
4302,2a8a474a6b613105b672bb4d58a59d6eafd035ef,6d1582de1c59823954988b4202e874a2d9042fd9,0.03059377893805504
4303,2a8a474a6b613105b672bb4d58a59d6eafd035ef,6f046750a4fea7f404ca65002338129dbf6ab66d,0.032415226101875305
4304,2a8a474a6b613105b672bb4d58a59d6eafd035ef,5807d13c51281393e1ab06a33eeee83ff2b476fb,0.03771950304508209
4305,2a8a474a6b613105b672bb4d58a59d6eafd035ef,4b68a9b4301a37c8b4509d2652c99ac770dd7c03,0.014989074319601059
4306,2a8a474a6b613105b672bb4d58a59d6eafd035ef,c69e481c33138db0a5514b2e0d9cb0142b52f9de,-0.03367990255355835
4307,2a8a474a6b613105b672bb4d58a59d6eafd035ef,699dab450bd2a34594c17a08dd01149fa2610e60,-0.030517175793647766
4308,2a8a474a6b613105b672bb4d58a59d6eafd035ef,ec59569fdee17844ae071be1536a08f937f08c57,0.009941594675183296
4309,2a8a474a6b613105b672bb4d58a59d6eafd035ef,6ebe87159e496b6ac04f5e320e471fc4d3a4af8a,-0.061350226402282715
4310,2a8a474a6b613105b672bb4d58a59d6eafd035ef,36cd10d9afacdc26a019d44ff3d39a8cf3fd4a9a,-0.1083182841539383
4311,431bbc47ce90f5e0eb8388fa80b0cc4d7c26ab76,2621b8f63247ea5af03f4ea0e83c3b528238c4a1,0.7855638265609741
4312,431bbc47ce90f5e0eb8388fa80b0cc4d7c26ab76,71c2deb5c3b4b0fd1ed68bdda534ec7ea76e845b,0.6999447345733643
4313,431bbc47ce90f5e0eb8388fa80b0cc4d7c26ab76,a95436fb5417f16497d90cd2aeb11a0e2873f55f,0.6565167903900146
4314,431bbc47ce90f5e0eb8388fa80b0cc4d7c26ab76,fae8a785260ac5c34be82fca92a4abef4c30d655,0.587550163269043
4315,431bbc47ce90f5e0eb8388fa80b0cc4d7c26ab76,f03cb33bac64a0d23008c8970d1ced993354ebc6,0.5488052368164062
4316,431bbc47ce90f5e0eb8388fa80b0cc4d7c26ab76,be4e6bbf2935d999ce4def488ed537dfd50a2ee3,0.21623766422271729
4317,431bbc47ce90f5e0eb8388fa80b0cc4d7c26ab76,2e9de0de9aa8ab46a9d3e20fe21472104f42cbbe,0.17951342463493347
4318,431bbc47ce90f5e0eb8388fa80b0cc4d7c26ab76,238e8b5689d0b49c218e235a3e38d59c57ae6503,0.12897273898124695
4319,431bbc47ce90f5e0eb8388fa80b0cc4d7c26ab76,9cf389e03a5a23c1db4b14b849552777f238ee50,0.11235785484313965
4320,431bbc47ce90f5e0eb8388fa80b0cc4d7c26ab76,1a124ed5d7c739727ca60cf11008edafa9e3ecf2,0.13222292065620422
4321,431bbc47ce90f5e0eb8388fa80b0cc4d7c26ab76,274c938a70de1afb9ef1489cab2186c1d699725e,0.12320969253778458
4322,431bbc47ce90f5e0eb8388fa80b0cc4d7c26ab76,436c3119d16ce2e3c243ffe7a4a1a5dc40b128aa,0.062392644584178925
4323,431bbc47ce90f5e0eb8388fa80b0cc4d7c26ab76,24d66ec9dd202a6ea02b8723ae9d2fd7ffd32a4a,0.04123571515083313
4324,431bbc47ce90f5e0eb8388fa80b0cc4d7c26ab76,2cf9714cb82974c85c99a5f3bfe5cd79de52bd69,0.06351836025714874
4325,431bbc47ce90f5e0eb8388fa80b0cc4d7c26ab76,33ffb3959534d798c12f69391b380b22e7492e3e,0.0347326286137104
4326,431bbc47ce90f5e0eb8388fa80b0cc4d7c26ab76,458dd9078a518a859e9ae1051b28a19f8dfa72de,0.051639124751091
4327,431bbc47ce90f5e0eb8388fa80b0cc4d7c26ab76,318344b8015a92f23e508d6476f8243c74ff02ee,0.01562691293656826
4328,431bbc47ce90f5e0eb8388fa80b0cc4d7c26ab76,b8ec319b1f5223508267b1d5b677c0796d25ac13,0.09318174421787262
4329,431bbc47ce90f5e0eb8388fa80b0cc4d7c26ab76,6716a4e9ebb330a08e3cb19b0b574b0e7b429166,-0.014327740296721458
4330,431bbc47ce90f5e0eb8388fa80b0cc4d7c26ab76,32f9fad37daf596563bcf0f5251e7f43c1f0ca58,0.02267223224043846
4331,431bbc47ce90f5e0eb8388fa80b0cc4d7c26ab76,45864034eba454b115a0cd91e175104010cd14ad,0.011159442365169525
4332,431bbc47ce90f5e0eb8388fa80b0cc4d7c26ab76,59d312a4ef11d1fa2b001650decb664a64fcb0a7,0.04034978523850441
4333,431bbc47ce90f5e0eb8388fa80b0cc4d7c26ab76,7e9100e625ec05c95adc8f05927bfca43258eee7,-0.0029704179614782333
4334,431bbc47ce90f5e0eb8388fa80b0cc4d7c26ab76,99e2a37d09479b29f14b34c81f4f493f40920b7f,0.0024003107100725174
4335,431bbc47ce90f5e0eb8388fa80b0cc4d7c26ab76,910c864568bd83719ee5050a9d734be9ba439cd5,-0.010447956621646881
4336,431bbc47ce90f5e0eb8388fa80b0cc4d7c26ab76,6ae8321f2863b79b37e2f0e0d131dc1a80829cf7,-0.04594132676720619
4337,431bbc47ce90f5e0eb8388fa80b0cc4d7c26ab76,16326dd240c9a3ffd02237497ac868b6edb3147b,-0.042556580156087875
4338,431bbc47ce90f5e0eb8388fa80b0cc4d7c26ab76,c78537e92ccc4b14939a97ef5345cd7dbacc1c25,-0.06033162400126457
4339,431bbc47ce90f5e0eb8388fa80b0cc4d7c26ab76,8619ce028bd112548f83d3f36290c1b05a8a694e,0.008396542631089687
4340,431bbc47ce90f5e0eb8388fa80b0cc4d7c26ab76,c26e4b8cd5b8f99718e637fa42d1458275bea0a2,-0.07419803738594055
4341,d8643f4ada0b138bcbe210f84735eac87b220a07,197e3a315c57c9278876d95b7e522700aa112886,0.7162920236587524
4342,d8643f4ada0b138bcbe210f84735eac87b220a07,2704a9af1b368e2b68b0fe022b2fd48b8c7c25cc,0.6461172103881836
4343,d8643f4ada0b138bcbe210f84735eac87b220a07,0bacca0993a3f51649a6bb8dbb093fc8d8481ad4,0.5723743438720703
4344,d8643f4ada0b138bcbe210f84735eac87b220a07,595d0fe1c259c02069075d8c687210211908c3ed,0.39835184812545776
4345,d8643f4ada0b138bcbe210f84735eac87b220a07,bff1e1ecf00c37ec91edc7c5c85c1390726c3687,0.3421745300292969
4346,d8643f4ada0b138bcbe210f84735eac87b220a07,a8145c4a9183eea07d35989d0fa2e3071b66c20e,0.29259544610977173
4347,d8643f4ada0b138bcbe210f84735eac87b220a07,2ed164a624809c4dc339f973a7e12c8dc847da47,0.22564420104026794
4348,d8643f4ada0b138bcbe210f84735eac87b220a07,05357314fe2da7c2248b03d89b7ab9e358cbf01e,0.561988115310669
4349,d8643f4ada0b138bcbe210f84735eac87b220a07,c2d0c15b932b9c17ac3ac5da953e5584c34ca559,0.20343579351902008
4350,d8643f4ada0b138bcbe210f84735eac87b220a07,80f8d31b80dc3195442e667dbc5309578520c2e3,0.2590425908565521
4351,d8643f4ada0b138bcbe210f84735eac87b220a07,f4f3a10d96e0b6d134e7e347e1727b7438d4006f,0.7277858257293701
4352,d8643f4ada0b138bcbe210f84735eac87b220a07,ab66f5bcea5ca7adc638342958206262007f8afd,0.1787075400352478
4353,d8643f4ada0b138bcbe210f84735eac87b220a07,8a1a3f4dcb4ae461c3c0063820811d9c37d8ec75,0.16437771916389465
4354,d8643f4ada0b138bcbe210f84735eac87b220a07,ef840fa97be8c9425052672240ae0cdea7820c89,0.16789497435092926
4355,d8643f4ada0b138bcbe210f84735eac87b220a07,87941a5597b950d35e104fde4507ec1215c66366,0.11014007031917572
4356,d8643f4ada0b138bcbe210f84735eac87b220a07,cf86a14fa3a973bf58bb241bd075501e933b7222,0.12709443271160126
4357,d8643f4ada0b138bcbe210f84735eac87b220a07,104fc2ff407a457b7df1d2eba86225bb2b217d3f,0.12031809240579605
4358,d8643f4ada0b138bcbe210f84735eac87b220a07,a4c7eed69558ba96ea2d0e8cb2810fc359b43175,0.09393557906150818
4359,d8643f4ada0b138bcbe210f84735eac87b220a07,d222a25921181a8072d8cbb1f06a522a2a3df8d8,0.07448697835206985
4360,d8643f4ada0b138bcbe210f84735eac87b220a07,10bed48e1697f70683da81317986f8341278a0d4,0.049641575664281845
4361,d8643f4ada0b138bcbe210f84735eac87b220a07,95b552de90b37aa040d334baedc13a8d3879c9bb,0.05711107328534126
4362,d8643f4ada0b138bcbe210f84735eac87b220a07,6971ca062d8e8a77e12c1624329a8dc754255910,0.017361294478178024
4363,d8643f4ada0b138bcbe210f84735eac87b220a07,47031c7c1c160a990583fa9299f0d5d6eb366f0c,0.01698225550353527
4364,d8643f4ada0b138bcbe210f84735eac87b220a07,41e71f20d0251883846b67bd8a67d5b4986b4b1b,-0.011956796981394291
4365,d8643f4ada0b138bcbe210f84735eac87b220a07,0ab5e90d14264b7faf406c15615a4f08cc945f27,0.12208791077136993
4366,d8643f4ada0b138bcbe210f84735eac87b220a07,34b9ba36c030cfb7a141e53156aa1591dfce3dcd,-0.0377497524023056
4367,d8643f4ada0b138bcbe210f84735eac87b220a07,7a87289fb660d729bf0d9c9417ffb58cdea15450,0.005747098475694656
4368,d8643f4ada0b138bcbe210f84735eac87b220a07,b6f49e3126d056ffc916f972fd0d4f0d2ed20ec7,0.006375456228852272
4369,d8643f4ada0b138bcbe210f84735eac87b220a07,1ecffbf969e0d46acfcdfb213e47027227d8667b,-0.03354540094733238
4370,d8643f4ada0b138bcbe210f84735eac87b220a07,d3e3aae0f610d5e1f2314ba417d41fbfb74bef2d,-0.07206333428621292
4371,6197dbd691037a412b67df688541df7c9ae87c0d,0ef93a4f1324b47eef4ad75a158b74aed9b0fdb3,0.6398682594299316
4372,6197dbd691037a412b67df688541df7c9ae87c0d,206b204618640917f278e72bd0e2a881d8cec7ad,0.5984427332878113
4373,6197dbd691037a412b67df688541df7c9ae87c0d,245414e768c3b8c8288ac0651604a36b1a44a446,0.5687471032142639
4374,6197dbd691037a412b67df688541df7c9ae87c0d,2e60c997eef6a37a8af87659798817d3eae2aa36,0.5635144710540771
4375,6197dbd691037a412b67df688541df7c9ae87c0d,a73405038fdc0d8bf986539ef755a80ebd341e97,0.27238577604293823
4376,6197dbd691037a412b67df688541df7c9ae87c0d,49d4cb2e1788552a04c7f8fec33fbfabb3882995,0.17784039676189423
4377,6197dbd691037a412b67df688541df7c9ae87c0d,d35c48fc4b2e02a225fab212f5b0fcbc4511b726,0.17245984077453613
4378,6197dbd691037a412b67df688541df7c9ae87c0d,5c3b6cb9cfd2466918c998a00e97436dec801713,0.1667196899652481
4379,6197dbd691037a412b67df688541df7c9ae87c0d,30667550901b9420e02c7d61cdf8fa7d5db207af,0.8325892686843872
4380,6197dbd691037a412b67df688541df7c9ae87c0d,37d0f16fa5940e109d0eb9c9307793aca36e9b3d,0.10042472928762436
4381,6197dbd691037a412b67df688541df7c9ae87c0d,3c90ba87e22586d8f5224d2a47aeb0bcb6f776fc,0.07891163229942322
4382,6197dbd691037a412b67df688541df7c9ae87c0d,141a224fd027f82e8359579f6283b0eaf445efa6,0.06891580671072006
4383,6197dbd691037a412b67df688541df7c9ae87c0d,2e2fadd04f248e38e169dcfee9830ef109b77add,0.12166076898574829
4384,6197dbd691037a412b67df688541df7c9ae87c0d,16e7cf26e1331e0308cfabb779b6e4402e0ae888,0.0799587219953537
4385,6197dbd691037a412b67df688541df7c9ae87c0d,d31bffbc48a5a89872a9a9e996eaf7c22253b4b0,0.05873600393533707
4386,6197dbd691037a412b67df688541df7c9ae87c0d,781e17a61ff50ef3ab038fccf25dcc159f0b0899,0.0445060133934021
4387,6197dbd691037a412b67df688541df7c9ae87c0d,ef52037f9ae7b0f1b584c67ae026ff654fee3363,0.04249722883105278
4388,6197dbd691037a412b67df688541df7c9ae87c0d,8f72d67c4ace54471c5c8984914889098ac1cb48,0.04189211502671242
4389,6197dbd691037a412b67df688541df7c9ae87c0d,6c3877672f52dac3ed34be1614c981775d1779da,0.01169644109904766
4390,6197dbd691037a412b67df688541df7c9ae87c0d,78f472e341139f78e74c605a14b330133190464b,-0.01690659672021866
4391,6197dbd691037a412b67df688541df7c9ae87c0d,9687bea911e5fa72aeecbae752b2d785c38798dc,-0.009340684860944748
4392,6197dbd691037a412b67df688541df7c9ae87c0d,d8e505800b7c5a4381148be77158d215e4820237,-0.07983008772134781
4393,6197dbd691037a412b67df688541df7c9ae87c0d,ecbcccd71b3c7e0cca8ecf0997e9775019b51488,-0.05019953474402428
4394,6197dbd691037a412b67df688541df7c9ae87c0d,de0715589cf7027785b11389aa1bfd100e24fe7d,-0.024801744148135185
4395,6197dbd691037a412b67df688541df7c9ae87c0d,a893412a71da30e41c076f3768c519cc78af7e10,-0.061204325407743454
4396,6197dbd691037a412b67df688541df7c9ae87c0d,1475e1dea92f1b9c7d2c8ba3a9ead3b91febc6f1,-0.06952401995658875
4397,6197dbd691037a412b67df688541df7c9ae87c0d,a8f1d7b48f7c29946602d42ba75f226f75a955cb,-0.09684013575315475
4398,6197dbd691037a412b67df688541df7c9ae87c0d,91de27943422af4fc4e43cdc47dcf1428377b592,-0.09842747449874878
4399,6197dbd691037a412b67df688541df7c9ae87c0d,ee1140f49c2f1ce32d0ed9404078c724429cc487,-0.10335902869701385
4400,6197dbd691037a412b67df688541df7c9ae87c0d,a804e95d5641e85674cab2fe8c51c34bfbe3a146,-0.10998836159706116
4401,74c472360ec199703b5e460308bf5ed29e38f67b,127a818c2ba1bbafbabc62d4163b0dd98364f64a,0.7389292120933533
4402,74c472360ec199703b5e460308bf5ed29e38f67b,3786308bf65cde7e5c0b320ab6cc01a8ab0abfff,0.7667327523231506
4403,74c472360ec199703b5e460308bf5ed29e38f67b,39378ac6b6eb081d10badae100139e408c5232e4,0.7360753417015076
4404,74c472360ec199703b5e460308bf5ed29e38f67b,39b3f4769d9478db2bfc687d72390689e99bd092,0.7310720682144165
4405,74c472360ec199703b5e460308bf5ed29e38f67b,2145960516ca6693a672e7400103a255b40722a0,0.7290738821029663
4406,74c472360ec199703b5e460308bf5ed29e38f67b,fa192e467393f83294f1c24f4d20c92fad4455b2,0.17966459691524506
4407,74c472360ec199703b5e460308bf5ed29e38f67b,e11cc2a3cd150927ec61e596296ceb9b0c20bda4,0.20324330031871796
4408,74c472360ec199703b5e460308bf5ed29e38f67b,084459cc2b4499ae8ae4a0edea46687900a0c4d4,0.041557956486940384
4409,74c472360ec199703b5e460308bf5ed29e38f67b,13712f31d0f2dc0049ccaa3cce300c088bbbf88e,0.05678403377532959
4410,74c472360ec199703b5e460308bf5ed29e38f67b,d9e1e1f63e7c9e0478a0ba49eb8cb426b1cb42ca,0.07084812223911285
4411,74c472360ec199703b5e460308bf5ed29e38f67b,bee16cae891faf2b0a1782c6c0869d2ad6c291de,0.04891407862305641
4412,74c472360ec199703b5e460308bf5ed29e38f67b,e77c39c461c8fcad812f4541215b1ecf1a2cc61f,0.04644931107759476
4413,74c472360ec199703b5e460308bf5ed29e38f67b,b40234457d7a0dc8695b4c8a2b225cd68b72a106,0.04191130772233009
4414,74c472360ec199703b5e460308bf5ed29e38f67b,31159c6900ffb3f29af00d55b2a824d2a5535381,0.02959267795085907
4415,74c472360ec199703b5e460308bf5ed29e38f67b,b596c56f5f8ac503c79a05351d8a770723842a69,0.053253695368766785
4416,74c472360ec199703b5e460308bf5ed29e38f67b,ec3b99525caeeee92887e4dcae8731377d37ddb2,0.00992700643837452
4417,74c472360ec199703b5e460308bf5ed29e38f67b,92b09fbf854caefdb465885b2ebd85d76331dcbf,-0.030670825392007828
4418,74c472360ec199703b5e460308bf5ed29e38f67b,6703eefaa50f1c1228b4f4be657f2462fc83d6cd,0.0008131638169288635
4419,74c472360ec199703b5e460308bf5ed29e38f67b,95f45f7c9c4d8effb459921897b49dd7583710bd,-0.006002714857459068
4420,74c472360ec199703b5e460308bf5ed29e38f67b,de4a8fd957cfdc73b3df3c51f1845238ca4a58bc,-0.024003582075238228
4421,74c472360ec199703b5e460308bf5ed29e38f67b,712f45af0a205bcdabd9605c9af7d307dd34d493,-0.03557182103395462
4422,74c472360ec199703b5e460308bf5ed29e38f67b,32500c29af9887a98a441b06262ce48f93f61388,-0.06450743228197098
4423,74c472360ec199703b5e460308bf5ed29e38f67b,e241941dde0bbee962630d8202ea67e886d106ea,-0.05074399709701538
4424,74c472360ec199703b5e460308bf5ed29e38f67b,6260223838fb3b0c788ac183b4ebbd2d11a02c3a,-0.03487161919474602
4425,74c472360ec199703b5e460308bf5ed29e38f67b,2725ae621bf24e7f64a92d10bab82499fff541cc,-0.05961981788277626
4426,74c472360ec199703b5e460308bf5ed29e38f67b,12acaac349edb5cccbf799cf0c00b32294c8465d,-0.027180617675185204
4427,74c472360ec199703b5e460308bf5ed29e38f67b,34abda2f748abdaeef33d71c7fe9bdc6e6815874,-0.08135707676410675
4428,74c472360ec199703b5e460308bf5ed29e38f67b,4910c4d7eea372034339f21141550f6d7cb28665,-0.08507605642080307
4429,74c472360ec199703b5e460308bf5ed29e38f67b,bbd9b5e4d4761d923d21a060513e826bf5bfc620,-0.10928893089294434
4430,74c472360ec199703b5e460308bf5ed29e38f67b,c48c33d9f0ca7882bc6b917efe5288dd0537ae05,-0.0949181318283081
4431,17507ae3ed6c96320a448d8c55aced80d4800b73,2483c29cd07f05d20dab7ed16d5ea1936226259c,0.7354986667633057
4432,17507ae3ed6c96320a448d8c55aced80d4800b73,078fdc9d7dd7105dcc5e65aa19edefe3e48e8bc7,0.640418529510498
4433,17507ae3ed6c96320a448d8c55aced80d4800b73,215aa495b4c860a1e6d87f2c36f34da464376cc4,0.6571581363677979
4434,17507ae3ed6c96320a448d8c55aced80d4800b73,05bcd2f5d1833ac354de01341d73e42203a5b6c0,0.6372104287147522
4435,17507ae3ed6c96320a448d8c55aced80d4800b73,1e56ed3d2c855f848ffd91baa90f661772a279e1,0.6059451699256897
4436,17507ae3ed6c96320a448d8c55aced80d4800b73,1bdfdd4205c0ace6f0d5bb09dd606021a110cf36,0.40632176399230957
4437,17507ae3ed6c96320a448d8c55aced80d4800b73,3f8b54ef69b2c8682a76f074110be0f11815f63a,0.34771400690078735
4438,17507ae3ed6c96320a448d8c55aced80d4800b73,81394ddc1465027c148c0b7d8005bb9e5712d8f7,0.35899466276168823
4439,17507ae3ed6c96320a448d8c55aced80d4800b73,1a7f1685e4c9a200b0c213060e203137279142d6,0.21356448531150818
4440,17507ae3ed6c96320a448d8c55aced80d4800b73,18ca2837d280a6b2250024b6b0e59345601064a7,0.22832220792770386
4441,17507ae3ed6c96320a448d8c55aced80d4800b73,1f75856bba0feb216001ba551d249593a9624c01,0.1974320411682129
4442,17507ae3ed6c96320a448d8c55aced80d4800b73,719fd380590df3ccbe50db7ed74f9c84fe7e0d6a,0.17720279097557068
4443,17507ae3ed6c96320a448d8c55aced80d4800b73,2fa5eb6e30116a6f8d073c122d9c087f844d7912,0.1492237150669098
4444,17507ae3ed6c96320a448d8c55aced80d4800b73,1d89516427c0d91653b70171a0e8998af9d5960b,0.13869847357273102
4445,17507ae3ed6c96320a448d8c55aced80d4800b73,271d031d03d217170b2d1b1c4ae9d777dc18692b,0.11885806918144226
4446,17507ae3ed6c96320a448d8c55aced80d4800b73,7e33296dfff963d595d2121f14a7a0bd5c187188,0.14023229479789734
4447,17507ae3ed6c96320a448d8c55aced80d4800b73,d73a261bfdb166dbc44a5fb14fff050c52574a2b,0.13059984147548676
4448,17507ae3ed6c96320a448d8c55aced80d4800b73,6755b01e14b2e7ee39aef0b6bf573769a39eabfe,0.076986163854599
4449,17507ae3ed6c96320a448d8c55aced80d4800b73,89283ee665da63ec9cf87e4008ead3e8963fa02b,0.05479249730706215
4450,17507ae3ed6c96320a448d8c55aced80d4800b73,18eadfc4a6bcffd6f1ca1d1534a54a3848442d46,0.015001997351646423
4451,17507ae3ed6c96320a448d8c55aced80d4800b73,e8a90511a95025aab5f0867ce99704151e40b207,0.04501122981309891
4452,17507ae3ed6c96320a448d8c55aced80d4800b73,8f127eca4d7df80ea8227a84d9c41cc7d72e370f,0.03367546200752258
4453,17507ae3ed6c96320a448d8c55aced80d4800b73,c9298d761177fa3ab1000aea4dede5e76f891f6f,0.011109787970781326
4454,17507ae3ed6c96320a448d8c55aced80d4800b73,372a9edb48c6894e13bd9946ba50442b9f2f6f2c,0.039929527789354324
4455,17507ae3ed6c96320a448d8c55aced80d4800b73,4214cb09e29795f5363e5e3b545750dce027b668,-0.013932421803474426
4456,17507ae3ed6c96320a448d8c55aced80d4800b73,557e5e38a4c5b95e2bc86f491b03e5c8c7add857,-0.06582094728946686
4457,17507ae3ed6c96320a448d8c55aced80d4800b73,c86754453c88a5ccf3d4a7ef7acd66ae1cd97928,0.005245812237262726
4458,17507ae3ed6c96320a448d8c55aced80d4800b73,484937d9f5c5f4ade7cf39c9dfd538b469bf8823,0.017386075109243393
4459,17507ae3ed6c96320a448d8c55aced80d4800b73,b4641313431f1525d276677bcd8fc5de1c726a8d,-0.02973698265850544
4460,17507ae3ed6c96320a448d8c55aced80d4800b73,27d9a8445e322c0ac1f335aea6a5591c4d120b05,-0.1143200621008873
4461,76abf690192e6b6219d7691d0925894c433ddf2a,8ca53d187f6beb3d1e4fb0d1b68544d578c86c53,0.5155563950538635
4462,76abf690192e6b6219d7691d0925894c433ddf2a,314a508686906f48d55567694fdf3bff50a4604d,0.47763222455978394
4463,76abf690192e6b6219d7691d0925894c433ddf2a,00a7370518a6174e078df1c22ad366a2188313b5,0.5026722550392151
4464,76abf690192e6b6219d7691d0925894c433ddf2a,563e656203f29f0cbabc5cf0611355ba79ae4320,0.46043071150779724
4465,76abf690192e6b6219d7691d0925894c433ddf2a,7679ee792b4bc837d77677a44bf418bb2c73766c,0.21188005805015564
4466,76abf690192e6b6219d7691d0925894c433ddf2a,13dd25c5e7df2b23ec9a168a233598702c2afc97,0.2919386029243469
4467,76abf690192e6b6219d7691d0925894c433ddf2a,74d8eb801c838d1dce814a1e9ce1074bd2c47721,0.2145860493183136
4468,76abf690192e6b6219d7691d0925894c433ddf2a,915907859ff9c648c171702289d66454ab4e66e2,0.19618526101112366
4469,76abf690192e6b6219d7691d0925894c433ddf2a,461d5338d09c6b0c17c9e157a4725225e0bd6972,0.17010271549224854
4470,76abf690192e6b6219d7691d0925894c433ddf2a,60ec519d58ab29184513a1db1692973c40d87050,0.1544233113527298
4471,76abf690192e6b6219d7691d0925894c433ddf2a,b1ad220e3e7bc095fd02b02a800933258adc5c72,0.0833030566573143
4472,76abf690192e6b6219d7691d0925894c433ddf2a,23e8f10b3b1c82191a43ea86331ae668d26efb0a,0.09676466137170792
4473,76abf690192e6b6219d7691d0925894c433ddf2a,95dcdc9f2de1f30a4f0c79c378f98f11aa618f40,0.12286356091499329
4474,76abf690192e6b6219d7691d0925894c433ddf2a,6159347706d25b51ae35e030e818625a1dbbc09d,0.07019473612308502
4475,76abf690192e6b6219d7691d0925894c433ddf2a,8eaa1a463b87030a72ee7c54d15b2993bc247f0d,0.13581961393356323
4476,76abf690192e6b6219d7691d0925894c433ddf2a,f4e41dd5c158b8b8cef3d6bdd5592e9b7ae910f0,0.05559269338846207
4477,76abf690192e6b6219d7691d0925894c433ddf2a,0d98aca44d4e4efc7e0458e6405b9c326137a631,0.11055763065814972
4478,76abf690192e6b6219d7691d0925894c433ddf2a,c6f142f5011ddb90921f1185b14a147b807119f9,0.057237692177295685
4479,76abf690192e6b6219d7691d0925894c433ddf2a,23d0ba7c85940553f994e8ed992585da5e2bffdb,0.0010400936007499695
4480,76abf690192e6b6219d7691d0925894c433ddf2a,a6034dba7b2e973eb17676933f472ddfe4ab7ad5,0.030005447566509247
4481,76abf690192e6b6219d7691d0925894c433ddf2a,74643ad2486e432b5ca55eee233913ec17a6269b,-0.006133769638836384
4482,76abf690192e6b6219d7691d0925894c433ddf2a,f07233b779ee85f46dd13cf33ece8d89f67ecc2b,-0.021243663504719734
4483,76abf690192e6b6219d7691d0925894c433ddf2a,e7ff2e6be6d379b77111cdaf65da1b597f7fce75,0.026651280000805855
4484,76abf690192e6b6219d7691d0925894c433ddf2a,b6b3bdfd3fc4036e68ecae7c9700a659255e724a,-0.032667845487594604
4485,76abf690192e6b6219d7691d0925894c433ddf2a,0c2764756299a82659605b132aef9159f61a4171,-0.027728015556931496
4486,76abf690192e6b6219d7691d0925894c433ddf2a,fdbc19342cdd233dd90d9db9477cf603cf3149b5,-0.01621614769101143
4487,76abf690192e6b6219d7691d0925894c433ddf2a,34a4b24c054f7e3fbe836a13165bf52838723dfb,-0.022750193253159523
4488,76abf690192e6b6219d7691d0925894c433ddf2a,0483a8aa5992185b38f69c87d2f5db15a9de3294,-0.04940558224916458
4489,76abf690192e6b6219d7691d0925894c433ddf2a,d28b2a49386dfffa320cb835906e0b8dea1ea046,-0.070769302546978
4490,76abf690192e6b6219d7691d0925894c433ddf2a,108200780ff50d766c1a13e2a5095d59b5a5421f,-0.07645011693239212
4491,511052cc578daf30219bed58a8ebac795c0fcbaf,036c70cd07e4a2024eb71b2b1e0c1bc872cff107,0.455368310213089
4492,511052cc578daf30219bed58a8ebac795c0fcbaf,32bbef1c8bb76636839f27c016080744f5749317,0.29602697491645813
4493,511052cc578daf30219bed58a8ebac795c0fcbaf,348720586f503d69f6cd64be06d9191a7da0e137,0.23778875172138214
4494,511052cc578daf30219bed58a8ebac795c0fcbaf,6fd2a76924cbd0619f60d0fcb9b651c6dc17dbe3,0.20803718268871307
4495,511052cc578daf30219bed58a8ebac795c0fcbaf,4f1fe957a29a2e422d4034f4510644714d33fb20,0.21117748320102692
4496,511052cc578daf30219bed58a8ebac795c0fcbaf,722e2f7894a1b62e0ab09913ce9b98654733d98e,0.1633816361427307
4497,511052cc578daf30219bed58a8ebac795c0fcbaf,2f056defdb9abf61acd7f8b49e50062cd62092ce,0.10483680665493011
4498,511052cc578daf30219bed58a8ebac795c0fcbaf,15ae0badc584a287fc51e5de46d1ef51495a2398,0.17681211233139038
4499,511052cc578daf30219bed58a8ebac795c0fcbaf,17accbdd4aa3f9fad6af322bc3d7f4d5b648d9cd,0.16554278135299683
4500,511052cc578daf30219bed58a8ebac795c0fcbaf,4c5bddad70d30b0a57a5a8560a2406aabc65cfc0,0.11152619123458862
4501,511052cc578daf30219bed58a8ebac795c0fcbaf,644cda71ed69a42e1e819a753ffa5cb5c6ccbaec,0.11867406964302063
4502,511052cc578daf30219bed58a8ebac795c0fcbaf,e406c7d0bf67ea13dc9553fd4514ceaa3a61f6df,0.10865049809217453
4503,511052cc578daf30219bed58a8ebac795c0fcbaf,3e75781a18158f6643115ba825034f9f95b4f13b,0.07113425433635712
4504,511052cc578daf30219bed58a8ebac795c0fcbaf,b903c556c9f55916c53ad7a9446b326176b4cf16,0.03763085603713989
4505,511052cc578daf30219bed58a8ebac795c0fcbaf,c7cf039d918ceeea88e99be3b522b44d1bc132f0,0.008755045011639595
4506,511052cc578daf30219bed58a8ebac795c0fcbaf,4d16fb4c3b17f60813757df4daf18aac71f01e8b,-0.019080892205238342
4507,511052cc578daf30219bed58a8ebac795c0fcbaf,3166c2fa13bfe125fc1477bba5769da4f04864ff,0.021914392709732056
4508,511052cc578daf30219bed58a8ebac795c0fcbaf,88997c8b7daa74cd822d82bf33581c8fa966a347,0.03561314567923546
4509,511052cc578daf30219bed58a8ebac795c0fcbaf,1cf314336cc6af13025fa91b19a50960b626684e,0.014779778197407722
4510,511052cc578daf30219bed58a8ebac795c0fcbaf,8bec0be257cd03a3cd1aba6627d533cf212dfbba,-0.011317243799567223
4511,511052cc578daf30219bed58a8ebac795c0fcbaf,e6049b61e7e963a206a3a8e3d6447b672a794370,0.010180087760090828
4512,511052cc578daf30219bed58a8ebac795c0fcbaf,be5808e41e079ccee7a95c9950796032eee7e8d1,0.007743090391159058
4513,511052cc578daf30219bed58a8ebac795c0fcbaf,79c8850c8be533c241a61a80883e6ed1d559a229,-0.02395239844918251
4514,511052cc578daf30219bed58a8ebac795c0fcbaf,a2b7dddd3a980da4e9d7496dec6121d5f36f56e7,-0.022290531545877457
4515,511052cc578daf30219bed58a8ebac795c0fcbaf,4b03cee450788d27c5944af9978a94b6ac1858bb,-0.07914547622203827
4516,511052cc578daf30219bed58a8ebac795c0fcbaf,1062a70701476fe243b8c66cd2991755e93982d5,-0.04518038034439087
4517,511052cc578daf30219bed58a8ebac795c0fcbaf,313eceae658fb6c132a448c86f3abcc37931df09,-0.05264445021748543
4518,511052cc578daf30219bed58a8ebac795c0fcbaf,7b86ca4f90a6f2d62247158b64f670a9df012d7c,-0.0827253982424736
4519,511052cc578daf30219bed58a8ebac795c0fcbaf,48ceb89d2ccf24dc8774d702bdedee60e3edc935,-0.12638184428215027
4520,511052cc578daf30219bed58a8ebac795c0fcbaf,b6b8268fd9f6263d3b2c24059031f383e93e951f,-0.1493154764175415
4521,0ce7927d613e66a2062516e9e85e1b9a36d54029,0407d72c2e773aec18a4be6e2bcbdf1f91f032bb,0.7088556885719299
4522,0ce7927d613e66a2062516e9e85e1b9a36d54029,1e21c514f89375098dec5b947aa5f6bcdd0377c5,0.2537020146846771
4523,0ce7927d613e66a2062516e9e85e1b9a36d54029,56a475b4eff2e5bc52cf140d23e6e845ff29cede,0.19248472154140472
4524,0ce7927d613e66a2062516e9e85e1b9a36d54029,c38c27ee0457dbc4a0d47d9ac71008f502245e2c,0.14894822239875793
4525,0ce7927d613e66a2062516e9e85e1b9a36d54029,2d59338108d3333890089305f15a60b6e5f00c54,0.4541742205619812
4526,0ce7927d613e66a2062516e9e85e1b9a36d54029,3ae526f08b062db478ecdcf17b9fb32125922e20,0.12515972554683685
4527,0ce7927d613e66a2062516e9e85e1b9a36d54029,9342bc944185916301c6fcaa637c32f729aa3418,0.11987568438053131
4528,0ce7927d613e66a2062516e9e85e1b9a36d54029,80c97ef62eee25ac48412cd1e20d9cc55e931b3f,0.08691425621509552
4529,0ce7927d613e66a2062516e9e85e1b9a36d54029,7abeaf172af1129556ee8b3fcbb2139172e50bdf,0.3004717528820038
4530,0ce7927d613e66a2062516e9e85e1b9a36d54029,e5fde1f6d46d1d2f8e966548e71232f1fd6ebec0,0.08764667063951492
4531,0ce7927d613e66a2062516e9e85e1b9a36d54029,e096af1f047064d4b9a14cffe692ff393770d04e,0.07066156715154648
4532,0ce7927d613e66a2062516e9e85e1b9a36d54029,609ab78579f2f51e4677715c32d3370899bfd3a7,0.15973740816116333
4533,0ce7927d613e66a2062516e9e85e1b9a36d54029,6dbbfe6e6071b9591abc7ac8e92c05a615d3a8a3,0.07951807975769043
4534,0ce7927d613e66a2062516e9e85e1b9a36d54029,e7e5d45d0095aa71ad9be8852af849d3f3085fdd,0.020877722650766373
4535,0ce7927d613e66a2062516e9e85e1b9a36d54029,3ef00af00ed4e0113f4a6e27b43969d105124fc3,-0.037011172622442245
4536,0ce7927d613e66a2062516e9e85e1b9a36d54029,b3e3fc76e4f0a73de2562d88a64d864d0236ba26,-0.04081905633211136
4537,0ce7927d613e66a2062516e9e85e1b9a36d54029,61395b81b65d16ed7bd07d4ec728412d73f6f018,0.001360463909804821
4538,0ce7927d613e66a2062516e9e85e1b9a36d54029,8c1fd0a75938a2680458f155e60b5bb71be05f84,0.013605542480945587
4539,0ce7927d613e66a2062516e9e85e1b9a36d54029,124c0ee6a3730a9266dae59d94a90124760f1a5c,-0.018399864435195923
4540,0ce7927d613e66a2062516e9e85e1b9a36d54029,dcc0b8fae182fafbcd4eb6b569f6ac80c241a4da,0.01118901651352644
4541,0ce7927d613e66a2062516e9e85e1b9a36d54029,8144c5e362da8dff8def2c8cba91bedca9c55056,-0.02158232592046261
4542,0ce7927d613e66a2062516e9e85e1b9a36d54029,fec1295f84f6eada317bd9973458eb42354246f5,-0.034464091062545776
4543,0ce7927d613e66a2062516e9e85e1b9a36d54029,02c73d24cd48184d53cf20d30682e8e10015848f,-0.06199190020561218
4544,0ce7927d613e66a2062516e9e85e1b9a36d54029,b94753895e9aa1d736428a985bce56021f2bd9ec,-0.05879020690917969
4545,0ce7927d613e66a2062516e9e85e1b9a36d54029,3d92b174e02bd6c30bd989eac3465dfde081878c,-0.06240210682153702
4546,0ce7927d613e66a2062516e9e85e1b9a36d54029,62cd6f907fdd767eacd60ce4d5ecdf3f4812123a,-0.07177698612213135
4547,0ce7927d613e66a2062516e9e85e1b9a36d54029,329f8aa2b6868bdd3f61a263742f1e03163d4787,-0.049259576946496964
4548,0ce7927d613e66a2062516e9e85e1b9a36d54029,9e7487d7396acf298f972f0b8ab0397e0d9e7a0f,-0.10967399179935455
4549,0ce7927d613e66a2062516e9e85e1b9a36d54029,480e34860b1e458502db6a464e1ce9e8c0e3cc81,-0.10557642579078674
4550,0ce7927d613e66a2062516e9e85e1b9a36d54029,725f4bd53c410d87d53e74213c71dfdf8618bb14,-0.1218455582857132
4551,b3fd26eb2931ff814634d314855b2c2cc007b778,5b9c2b3f85920bc0e160b484ffa7a5f0a9d8f22a,0.5490725040435791
4552,b3fd26eb2931ff814634d314855b2c2cc007b778,5d3158674e1a0fedf69299a905151949fb8b01a5,0.38525187969207764
4553,b3fd26eb2931ff814634d314855b2c2cc007b778,ddeabfbe4c0377fa97db0e7524dffdc1a64e5f53,0.32177525758743286
4554,b3fd26eb2931ff814634d314855b2c2cc007b778,345bbd344177815dfb9214c61403cb7eac6de450,0.2173064649105072
4555,b3fd26eb2931ff814634d314855b2c2cc007b778,347ca233b5658c6992664484e2f00833fbbcafa7,0.2533835768699646
4556,b3fd26eb2931ff814634d314855b2c2cc007b778,157099d6ffd3ffca8cfca7955aff7c5f1a979ac9,0.27404677867889404
4557,b3fd26eb2931ff814634d314855b2c2cc007b778,6e785a402a60353e6e22d6883d3998940dcaea96,0.3148286044597626
4558,b3fd26eb2931ff814634d314855b2c2cc007b778,98aa1650071dd259f45742dae4b97ef13a9de08a,0.6180651783943176
4559,b3fd26eb2931ff814634d314855b2c2cc007b778,6b6f187b136616c0514f384ee17dc167498ef619,0.19072607159614563
4560,b3fd26eb2931ff814634d314855b2c2cc007b778,6b6d357fb4ef19f2330596183ce00d2f3797740d,0.25923383235931396
4561,b3fd26eb2931ff814634d314855b2c2cc007b778,32f140fbb9514fd3ead5177025c467b50896db30,0.3120763897895813
4562,b3fd26eb2931ff814634d314855b2c2cc007b778,153a854241d306d10f81fe11444e2d8643681a0b,0.15513738989830017
4563,b3fd26eb2931ff814634d314855b2c2cc007b778,87c70927282f201908a60673e8169fbef3f2a26b,0.14607900381088257
4564,b3fd26eb2931ff814634d314855b2c2cc007b778,9ef09e98abb60f45db5f69a65354b34be6437885,0.17625758051872253
4565,b3fd26eb2931ff814634d314855b2c2cc007b778,653fbfbad9d565dd5e5e0d48b6bb32dd02e8f157,0.1535484790802002
4566,b3fd26eb2931ff814634d314855b2c2cc007b778,2105d6e014290cd0fd093479cc32cece51477a5a,0.06169778108596802
4567,b3fd26eb2931ff814634d314855b2c2cc007b778,142b87ca518221b009ad8871b8aa652ffd9682aa,0.0938781350851059
4568,b3fd26eb2931ff814634d314855b2c2cc007b778,a74720eeb8a9f6289dbece69902e85acf0e99871,0.05008082464337349
4569,b3fd26eb2931ff814634d314855b2c2cc007b778,644e911d66a6bbc668391fd7a6d5cae5c9161158,0.08261039108037949
4570,b3fd26eb2931ff814634d314855b2c2cc007b778,3ca321241e57b2f2ef0ab2872aaae46e5c570b40,0.05935444310307503
4571,b3fd26eb2931ff814634d314855b2c2cc007b778,9c337fd9ee994ffc30331a1514ed9330e2648bbe,0.06602407246828079
4572,b3fd26eb2931ff814634d314855b2c2cc007b778,2ed916ec785f3aeb716cbe757e6daa894cf27bda,0.023169826716184616
4573,b3fd26eb2931ff814634d314855b2c2cc007b778,998532a5f7c882b79f058ad7607001bae3075553,0.018283523619174957
4574,b3fd26eb2931ff814634d314855b2c2cc007b778,66fb5bbeb5a8e9cd60b683bc9a0e1d74490562f9,0.042542751878499985
4575,b3fd26eb2931ff814634d314855b2c2cc007b778,0c4d9cf9398f7a416e438a9734fe0bb73871d98d,0.004229413345456123
4576,b3fd26eb2931ff814634d314855b2c2cc007b778,6a01ca68b5d5a989004e4690cab36a0c8de0b50a,-0.015844985842704773
4577,b3fd26eb2931ff814634d314855b2c2cc007b778,4d0d38637c74b56bb57af6d108762642eb53f23c,-0.007569922599941492
4578,b3fd26eb2931ff814634d314855b2c2cc007b778,37e5503217f38216fae5d408d67551b8cd004831,-0.05059877038002014
4579,b3fd26eb2931ff814634d314855b2c2cc007b778,8415c8d237398cd39f6ce34df9f7ab6e74bcb813,-0.04209550470113754
4580,b3fd26eb2931ff814634d314855b2c2cc007b778,96a26df6dffedb401b170e9b37723850c5dfa023,-0.04956799000501633
4581,18398d9c9224d5c0dadf22dbf1c21c11de8705b7,03ff3f8f4d5a700fbe8f3a3e63a39523c29bb60f,0.5443451404571533
4582,18398d9c9224d5c0dadf22dbf1c21c11de8705b7,1f6ba0782862ec12a5ec6d7fb608523d55b0c6ba,0.5694510340690613
4583,18398d9c9224d5c0dadf22dbf1c21c11de8705b7,0a7fb47217e6d0e3b80159bc4f9e02a50ea1f391,0.538287341594696
4584,18398d9c9224d5c0dadf22dbf1c21c11de8705b7,0825788b9b5a18e3dfea5b0af123b5e939a4f564,0.49384909868240356
4585,18398d9c9224d5c0dadf22dbf1c21c11de8705b7,311fcda76dc7b7cf50b17c705a2aaaaab5ed6a04,0.48225462436676025
4586,18398d9c9224d5c0dadf22dbf1c21c11de8705b7,0ba749975aaffee5e8d0e877011414f10fd700c9,0.3226582407951355
4587,18398d9c9224d5c0dadf22dbf1c21c11de8705b7,3366030d7a0cebe35087c1dbb39d7bbddd17993a,0.2453715205192566
4588,18398d9c9224d5c0dadf22dbf1c21c11de8705b7,22031846091d6ec78b06d79ef5d61315492a92fa,0.3128495216369629
4589,18398d9c9224d5c0dadf22dbf1c21c11de8705b7,3a77e0ace75ba9dcddb9b0bdc35cda78e960ae7c,0.2738591134548187
4590,18398d9c9224d5c0dadf22dbf1c21c11de8705b7,0571538dac768ee68ba7dfb2f9cadcc45646a720,0.20281781256198883
4591,18398d9c9224d5c0dadf22dbf1c21c11de8705b7,f97f0902698abff8a2bc3488e8cca223e5c357a1,0.18581140041351318
4592,18398d9c9224d5c0dadf22dbf1c21c11de8705b7,94f3517c3f7550e8fef17f86a33d35dfbb7a9199,0.200603187084198
4593,18398d9c9224d5c0dadf22dbf1c21c11de8705b7,eefcc7bcc05436dac9881acb4ff4e4a0b730e175,0.21694549918174744
4594,18398d9c9224d5c0dadf22dbf1c21c11de8705b7,126a237502b3c55d015bf1a825b38349c200d518,0.1728525161743164
4595,18398d9c9224d5c0dadf22dbf1c21c11de8705b7,b3c643e0b32418b66dc9128ae3db21e791ccb1c4,0.10225439816713333
4596,18398d9c9224d5c0dadf22dbf1c21c11de8705b7,6908ab53945ebac46fcef5af5af0799b8d8c800b,0.08330702036619186
4597,18398d9c9224d5c0dadf22dbf1c21c11de8705b7,de0c56bd93ea24458e90e4cbbb0b94b32dfaa1cc,0.04163328558206558
4598,18398d9c9224d5c0dadf22dbf1c21c11de8705b7,4c3396fcdd149ac2877201068794a3fca8208840,0.06494670361280441
4599,18398d9c9224d5c0dadf22dbf1c21c11de8705b7,f4b3804f052f15f8a25af78db24e32dc25254722,0.07046058028936386
4600,18398d9c9224d5c0dadf22dbf1c21c11de8705b7,c5d954d13c1c620d78ebaba9afa120733e90ed09,-0.02870524302124977
4601,18398d9c9224d5c0dadf22dbf1c21c11de8705b7,84912443295516f3eba73ffcb4f644ffb7c5f8b9,-0.015704885125160217
4602,18398d9c9224d5c0dadf22dbf1c21c11de8705b7,973d0f35c3c3c4dc908d0f2b9d923348df5c470d,-0.011031564325094223
4603,18398d9c9224d5c0dadf22dbf1c21c11de8705b7,04a953ba760845232c0f3c6e4dc3ca7b1fb8da4e,0.00565534271299839
4604,18398d9c9224d5c0dadf22dbf1c21c11de8705b7,444a20d3e883f22923df4b694212678d59ac2fc9,-0.01242486760020256
4605,18398d9c9224d5c0dadf22dbf1c21c11de8705b7,7f3ad695ac38e4b248eba2eb664f73bf2be825a2,0.0034372685477137566
4606,18398d9c9224d5c0dadf22dbf1c21c11de8705b7,a607849a8327d36f987560653789a5f423e1bfa3,-0.01963980309665203
4607,18398d9c9224d5c0dadf22dbf1c21c11de8705b7,9dae8976d7f8697010473e33272b3569e34e9417,-0.04512810334563255
4608,18398d9c9224d5c0dadf22dbf1c21c11de8705b7,81147ad617c37b222121d4b2eef80dd969899a45,-0.1546817421913147
4609,18398d9c9224d5c0dadf22dbf1c21c11de8705b7,56a9c20853dc74f7e72fda32060ba4c2b8e7255d,-0.1121654361486435
4610,18398d9c9224d5c0dadf22dbf1c21c11de8705b7,c55415d6b24f8eab2da2a1df266e1b7ef0e9f11e,-0.10822966694831848
4611,f46a2337a9d94d68c2d92f0aa0ca693adafc3346,a736c328bb96b05847dccad89ca19a5fe890bf65,0.43245458602905273
4612,f46a2337a9d94d68c2d92f0aa0ca693adafc3346,8c6e0e318950dfb911915e09018c129b4cb9392b,0.42940977215766907
4613,f46a2337a9d94d68c2d92f0aa0ca693adafc3346,b372ede0b08efd18e1f350bc4c3e03f732d37d27,0.4088003635406494
4614,f46a2337a9d94d68c2d92f0aa0ca693adafc3346,169d7ac1fd596bd51d5310a71079c797102084c6,0.3396962881088257
4615,f46a2337a9d94d68c2d92f0aa0ca693adafc3346,0d0db78f584979413a28bc174b41188c804052aa,0.4027268588542938
4616,f46a2337a9d94d68c2d92f0aa0ca693adafc3346,2e92ddcf2e7a9d6c27875ec442637e13753f21a2,0.28783050179481506
4617,f46a2337a9d94d68c2d92f0aa0ca693adafc3346,4808ca8a317821bb70e226c5ca8c23241dd22586,0.2667968273162842
4618,f46a2337a9d94d68c2d92f0aa0ca693adafc3346,75318ad33441f12ba2b43bbcfeb59a805d4e247b,0.2314252108335495
4619,f46a2337a9d94d68c2d92f0aa0ca693adafc3346,d49748ab45d9430170e5a64d068fb223bff26306,0.20323708653450012
4620,f46a2337a9d94d68c2d92f0aa0ca693adafc3346,8fc1f8efa0bf42b538f3f296989f9e830c8d12b6,0.1829783022403717
4621,f46a2337a9d94d68c2d92f0aa0ca693adafc3346,7387ba6113e033eaba653e78e18c567d12a32987,0.16270560026168823
4622,f46a2337a9d94d68c2d92f0aa0ca693adafc3346,787f25b0bc1a75b367807a8b803b6d3dd7f4cbeb,0.0913403332233429
4623,f46a2337a9d94d68c2d92f0aa0ca693adafc3346,4ec34709eab69fc5d1b42c91afeb6d6370495e3b,0.12372705340385437
4624,f46a2337a9d94d68c2d92f0aa0ca693adafc3346,a2c3336f5c04cb01a20bfc1f48fb3ba3f6035246,0.11141917109489441
4625,f46a2337a9d94d68c2d92f0aa0ca693adafc3346,399968ac10586b66252d4f7bfba9609612f9fbb3,0.11783219128847122
4626,f46a2337a9d94d68c2d92f0aa0ca693adafc3346,7e359f8fa3ba07cca2458ae95b341d7937810ac3,0.0614386610686779
4627,f46a2337a9d94d68c2d92f0aa0ca693adafc3346,154387fe1347664ed7433156f19f9ea29b0ceb33,0.06485147774219513
4628,f46a2337a9d94d68c2d92f0aa0ca693adafc3346,65ef843b336fb8bf0c8d4f9cca5797d6c1ad4d20,0.11520109325647354
4629,f46a2337a9d94d68c2d92f0aa0ca693adafc3346,bdac3841eb5a6d239a807c2673f2463db30968d5,0.051368847489356995
4630,f46a2337a9d94d68c2d92f0aa0ca693adafc3346,c5f19c26489e78eaa28b8b56add0af2b271d9abc,0.06997530162334442
4631,f46a2337a9d94d68c2d92f0aa0ca693adafc3346,321f255bb1c60ddc374a775b47ae52f9a8a4985f,0.035797540098428726
4632,f46a2337a9d94d68c2d92f0aa0ca693adafc3346,725f4bd53c410d87d53e74213c71dfdf8618bb14,0.00258464552462101
4633,f46a2337a9d94d68c2d92f0aa0ca693adafc3346,f3c7efbf1048e9bb7133587541f998702a9c39f6,-0.016520876437425613
4634,f46a2337a9d94d68c2d92f0aa0ca693adafc3346,e5f42f1727e77cdb300dee189e323ce6710df813,-0.024793213233351707
4635,f46a2337a9d94d68c2d92f0aa0ca693adafc3346,0c6545a75ca1f42b2f10faf2de4c5b7bec000975,-0.011105412617325783
4636,f46a2337a9d94d68c2d92f0aa0ca693adafc3346,acaa45cd13067803d815d8228840d936e6b64844,-0.053230397403240204
4637,f46a2337a9d94d68c2d92f0aa0ca693adafc3346,895d0b3aa10f1d86ddfec19a7bd3316ba78c26bf,-0.04601341485977173
4638,f46a2337a9d94d68c2d92f0aa0ca693adafc3346,a04273851ae262e884b175c22decd56cbd24e14e,-0.045707590878009796
4639,f46a2337a9d94d68c2d92f0aa0ca693adafc3346,96989405985e2d90370185f1e025443b56106d1a,-0.02328614331781864
4640,f46a2337a9d94d68c2d92f0aa0ca693adafc3346,221e1e14fe2245a2894ef449fc1508c92a73aca5,-0.06153269112110138
4641,9557be29d86add8994b7df670c15eaa872995a10,b697eed0a2ff305622ea4d6d3c8a3df68248ac3a,0.7539555430412292
4642,9557be29d86add8994b7df670c15eaa872995a10,387d1c16cd89f19965e44c4cd38dc22c5c3163d2,0.6620926856994629
4643,9557be29d86add8994b7df670c15eaa872995a10,4d067fdbe62e8e1f30feb5f728e2113966b9ef2b,0.6339318156242371
4644,9557be29d86add8994b7df670c15eaa872995a10,f39ed876490389f76ef20ba9bb071ba48fc1b5ca,0.5286707878112793
4645,9557be29d86add8994b7df670c15eaa872995a10,92756b2cc917e307ab407cb59d2bf86d98f41a24,0.46252870559692383
4646,9557be29d86add8994b7df670c15eaa872995a10,5867e37a74299f3d589b3eea63fcf70f5f0ed22b,0.4184928238391876
4647,9557be29d86add8994b7df670c15eaa872995a10,4a85b7fa5e81ae4cefc963c897ed6cf734a15fbc,0.22492632269859314
4648,9557be29d86add8994b7df670c15eaa872995a10,644482c6c6ca800ccc4ef07505e34dbde8cefcb4,0.09179934859275818
4649,9557be29d86add8994b7df670c15eaa872995a10,2cad955c4667a8625553cd02e8bd0f84126b259a,0.0679892897605896
4650,9557be29d86add8994b7df670c15eaa872995a10,ddd460c5d4ce5cc27c11b9aa1fe7d77a3e2bb7ae,0.0748300552368164
4651,9557be29d86add8994b7df670c15eaa872995a10,4d484c4d81899418dc61ac55f1293ccb7287866f,0.055773183703422546
4652,9557be29d86add8994b7df670c15eaa872995a10,4ea3ee7c8e65d599d36e5776428b9893f9ffa4e6,0.03943768888711929
4653,9557be29d86add8994b7df670c15eaa872995a10,e49f811a191ff76a45b8310310acaa12f677eb9e,0.021343648433685303
4654,9557be29d86add8994b7df670c15eaa872995a10,9b248e8902d2ccf3b11a3696a2b18b6f11fbedef,0.007868165150284767
4655,9557be29d86add8994b7df670c15eaa872995a10,0b83159ebfdd930695afb54c151cde23774dc642,-0.004202099516987801
4656,9557be29d86add8994b7df670c15eaa872995a10,421ccb793d042f186e2031bd5a07a05b5a6f8162,0.020481936633586884
4657,9557be29d86add8994b7df670c15eaa872995a10,237a4d91b7c78ebe103d5c75d4319e5ccd1acd23,-0.018374774605035782
4658,9557be29d86add8994b7df670c15eaa872995a10,790d2d77fa6439121baee5ec85920eb918561316,-0.026662753894925117
4659,9557be29d86add8994b7df670c15eaa872995a10,77f7385a9d206640cc10efad29eb4ac656e7cb1b,-0.01517968624830246
4660,9557be29d86add8994b7df670c15eaa872995a10,86f530eb1e7cc8a9ec8e14e551d71c3fa324f689,-0.0041793109849095345
4661,9557be29d86add8994b7df670c15eaa872995a10,a71743e9ffa554c25b572c3bda9ac9676fca1061,-0.03433842211961746
4662,9557be29d86add8994b7df670c15eaa872995a10,54de1893fdc7ad165b9b7448fbeab914a346b2e7,-0.059528760612010956
4663,9557be29d86add8994b7df670c15eaa872995a10,626130a8907ee3514c411fa8df956c37a9cc35cb,-0.07167013734579086
4664,9557be29d86add8994b7df670c15eaa872995a10,28cf7bdd838aae51faebd2d78f8f1f80cd1e2e3d,-0.05816186964511871
4665,9557be29d86add8994b7df670c15eaa872995a10,c9f56722d56454123e046d4bf2dbd9a69690942e,-0.07569631934165955
4666,9557be29d86add8994b7df670c15eaa872995a10,d9e03655b42ab9f0aeda3523961a04a1d6a54e14,-0.08548597991466522
4667,9557be29d86add8994b7df670c15eaa872995a10,9a55a63ce8fc4d9723db92f2f27bcd900e93d1da,-0.07147273421287537
4668,9557be29d86add8994b7df670c15eaa872995a10,76cda01403872a672711a248c5acd1b63ff43304,-0.07096567004919052
4669,9557be29d86add8994b7df670c15eaa872995a10,bf08522764aa3882f32bf87ff38653e29e1d3a1b,-0.10769638419151306
4670,9557be29d86add8994b7df670c15eaa872995a10,07ba4a933f34064a03a8e05be8f6de3492b3448e,-0.11118289828300476
4671,81da438cb67600f6cb2920021e2327bb4c1d482d,ba2ceb8f6c9bf49da1b366e4757d202724c3bff4,0.6102371215820312
4672,81da438cb67600f6cb2920021e2327bb4c1d482d,cfd913e1edd1a15b7456ef6d222c1319e056eddc,0.5050696730613708
4673,81da438cb67600f6cb2920021e2327bb4c1d482d,24171780855cb31e5f7ea74908485e2a0142b620,0.4082910120487213
4674,81da438cb67600f6cb2920021e2327bb4c1d482d,ae5d79dc7abd6b649a7d0bb9e108f79e2696e128,0.5150445699691772
4675,81da438cb67600f6cb2920021e2327bb4c1d482d,f23ecb25c3250fc6e2d3401dc2f54ffd6135ae2e,0.4097495675086975
4676,81da438cb67600f6cb2920021e2327bb4c1d482d,c5d5ff11d974574fb79907151dba2f23b5f08063,0.07024502009153366
4677,81da438cb67600f6cb2920021e2327bb4c1d482d,62580bd7f32994e4d0f97860f994d0cf237eaf46,0.08112829923629761
4678,81da438cb67600f6cb2920021e2327bb4c1d482d,1713695284c16e05d88b719c52f073dc9f5a0e06,0.0589071586728096
4679,81da438cb67600f6cb2920021e2327bb4c1d482d,6e653192f5afd42c4f05bcc44afb2c6bd37510ac,0.008025407791137695
4680,81da438cb67600f6cb2920021e2327bb4c1d482d,baf55ddda9949e15c7c6880affffe93b75acad45,0.04500797018408775
4681,81da438cb67600f6cb2920021e2327bb4c1d482d,ee0a18889a0007a88e9411880bb1c2e75a7610ea,0.05193629488348961
4682,81da438cb67600f6cb2920021e2327bb4c1d482d,b6c6fda47921d7b6bf76c8cb28c316d9ee0c2b64,0.018285876139998436
4683,81da438cb67600f6cb2920021e2327bb4c1d482d,5d52ab2645380ca0732717a914f337f7a1b1c4a5,0.04414241015911102
4684,81da438cb67600f6cb2920021e2327bb4c1d482d,699dab450bd2a34594c17a08dd01149fa2610e60,-0.01343909278512001
4685,81da438cb67600f6cb2920021e2327bb4c1d482d,877091fdec0c58d28b7d81094bc73e135a63fe60,-0.03188151866197586
4686,81da438cb67600f6cb2920021e2327bb4c1d482d,c23136a48527a20d6bfef019337ba4494077f7c5,-0.008422279730439186
4687,81da438cb67600f6cb2920021e2327bb4c1d482d,e2d634ee9e9abaca804b69af69a40cf00897b2d0,0.023230023682117462
4688,81da438cb67600f6cb2920021e2327bb4c1d482d,1b90942a7661d956115716f33bd23deb4632266e,-0.039588797837495804
4689,81da438cb67600f6cb2920021e2327bb4c1d482d,353082e23c6677ce6f6af602bbb010e737a99bd0,-0.007884209975600243
4690,81da438cb67600f6cb2920021e2327bb4c1d482d,7e3b4d3b257eb2b907aafd6d158e7fe468fe9eee,-0.05350816994905472
4691,81da438cb67600f6cb2920021e2327bb4c1d482d,5a95410f9f8c842fbd3fdea9b2dabbc60a8547ee,-0.032075539231300354
4692,81da438cb67600f6cb2920021e2327bb4c1d482d,36246ff904be7044ecd536d072b1388ea59aaf43,-0.07557752728462219
4693,81da438cb67600f6cb2920021e2327bb4c1d482d,1f0465bdee312659d13dbb303ca93df6ac259c40,-0.06047824025154114
4694,81da438cb67600f6cb2920021e2327bb4c1d482d,5964e7db2d1e0ad4bcf239fe71142b81646c75d1,-0.07704160362482071
4695,81da438cb67600f6cb2920021e2327bb4c1d482d,5af4ca674872b121fdbbdd46c38db4989dc5fb9d,-0.08112149685621262
4696,81da438cb67600f6cb2920021e2327bb4c1d482d,0d2edc46f81f9a0b0b62937507ad977b46729f64,-0.08261345326900482
4697,81da438cb67600f6cb2920021e2327bb4c1d482d,7dd434b3799a6c8c346a1d7ee77d37980a4ef5b9,-0.055657707154750824
4698,81da438cb67600f6cb2920021e2327bb4c1d482d,ee8cf34756e95f4f58522a663111b04858a8baaa,-0.11643850803375244
4699,81da438cb67600f6cb2920021e2327bb4c1d482d,8dd33fcab782ef611b6ff28ce2f2a355ee5a7a5c,-0.12992313504219055
4700,81da438cb67600f6cb2920021e2327bb4c1d482d,af82f1b9fdee7e6f92fccab2e6f02816965bf937,-0.11335131525993347
4701,3e2d7b31f691f42f141e9f9ecd455c4879292be9,f8c90c6549b97934da4fcdafe0012cea95cc443c,0.5090804100036621
4702,3e2d7b31f691f42f141e9f9ecd455c4879292be9,00cf965e32f89e475e076aab5db97c8b3b36fa63,0.45638978481292725
4703,3e2d7b31f691f42f141e9f9ecd455c4879292be9,4509771bb71500d411ced0d1cb53722fb73c9716,0.3173665702342987
4704,3e2d7b31f691f42f141e9f9ecd455c4879292be9,51796da9284df8eae3a9ab6f2731f27fa8900095,0.2642571032047272
4705,3e2d7b31f691f42f141e9f9ecd455c4879292be9,8f67ff7d7a4fc72d87f82ae340dba4365b7ea664,0.21199160814285278
4706,3e2d7b31f691f42f141e9f9ecd455c4879292be9,a8cb524cb9b052ce5ca2220d4197aa6e86f86036,0.20889222621917725
4707,3e2d7b31f691f42f141e9f9ecd455c4879292be9,385622a5862c989653a648ac8abc59ae3fe785f7,0.27072399854660034
4708,3e2d7b31f691f42f141e9f9ecd455c4879292be9,0bc46478051356455facc79f216a00b896c2dc5f,0.27140724658966064
4709,3e2d7b31f691f42f141e9f9ecd455c4879292be9,2065d635b97b3bc4980432426822b543a909ce4c,0.20940375328063965
4710,3e2d7b31f691f42f141e9f9ecd455c4879292be9,93ce62fb04283efb253b512dc3f02b1d169ee7ed,0.14085358381271362
4711,3e2d7b31f691f42f141e9f9ecd455c4879292be9,9f832bdcbc9d9566f7ab07b7455364bee62086fb,0.15689413249492645
4712,3e2d7b31f691f42f141e9f9ecd455c4879292be9,cf17c2eadd207cdc1e06b6fb0fa0881450e686a2,0.16341650485992432
4713,3e2d7b31f691f42f141e9f9ecd455c4879292be9,f01fbb6236bbf3bddc90ac14a36811f09f45982b,0.1539938896894455
4714,3e2d7b31f691f42f141e9f9ecd455c4879292be9,19003129b41298dca0843f7c9c7fd6ec4bae0556,0.08818406611680984
4715,3e2d7b31f691f42f141e9f9ecd455c4879292be9,c48d3d566dfcb63da6ad9aab48783c5e80adb771,0.10395574569702148
4716,3e2d7b31f691f42f141e9f9ecd455c4879292be9,c28db43fe2bd60c14824c4dc48b7363643a99eee,0.10443956404924393
4717,3e2d7b31f691f42f141e9f9ecd455c4879292be9,9b1918aea35650e8fc3b295417b755d4c5ed748c,0.040794726461172104
4718,3e2d7b31f691f42f141e9f9ecd455c4879292be9,32ca9f202b17a485625909213c23be8b416f9a6a,0.11076764762401581
4719,3e2d7b31f691f42f141e9f9ecd455c4879292be9,386596604cce7bf86c542edbdff32781a6854889,0.08919386565685272
4720,3e2d7b31f691f42f141e9f9ecd455c4879292be9,8213dbed4db44e113af3ed17d6dad57471a0c048,0.47376781702041626
4721,3e2d7b31f691f42f141e9f9ecd455c4879292be9,397e30b7a9fef1f210f29ab46eda013efb093fef,0.07711803913116455
4722,3e2d7b31f691f42f141e9f9ecd455c4879292be9,18bfccf0e0383f5867e60d35759091e5a25099e1,0.06987699121236801
4723,3e2d7b31f691f42f141e9f9ecd455c4879292be9,6b68a0c00a1a6d2ffa96402065378b1dae28f0e2,0.013874243013560772
4724,3e2d7b31f691f42f141e9f9ecd455c4879292be9,798133be9e9a3868ef488395bbe2c644417a6ae7,0.01855505257844925
4725,3e2d7b31f691f42f141e9f9ecd455c4879292be9,76c366859763ace4bbd5d0fbee8f9f094c8dc3d5,0.006703531369566917
4726,3e2d7b31f691f42f141e9f9ecd455c4879292be9,1b1a3ab704ffacdf20062e4b5bbc1f39d46a26c9,-0.040508072823286057
4727,3e2d7b31f691f42f141e9f9ecd455c4879292be9,c1b72345ca83f452c73c8c1f7a3bbb900248dc90,-0.0014471709728240967
4728,3e2d7b31f691f42f141e9f9ecd455c4879292be9,01cdbb5be2c6485f5b5dbc29417498e33e18f5e4,-0.05597430467605591
4729,3e2d7b31f691f42f141e9f9ecd455c4879292be9,509bdbacd064debc94a67f5b2e79dab070cad81c,-0.07490099966526031
4730,3e2d7b31f691f42f141e9f9ecd455c4879292be9,2fd321ca02b89c93cc57f14bf4b2b0912dbd3893,-0.12110809981822968
4731,4877d14b881afad4476891e16e44bf00040f68c0,53d1f9f7c77ffb0af729c173c35f099550f27f6e,0.6345174908638
4732,4877d14b881afad4476891e16e44bf00040f68c0,1a74a968e64e4e8381a6a6ddc7f6f7a7599ce4ee,0.6386863589286804
4733,4877d14b881afad4476891e16e44bf00040f68c0,71b64035eacf2986ca7c153ebec72eb781a23931,0.3611755967140198
4734,4877d14b881afad4476891e16e44bf00040f68c0,e99e5c845d6bda14490a0dacd0d7143c20320e2b,0.3127766251564026
4735,4877d14b881afad4476891e16e44bf00040f68c0,00d23e5c06f90bed0c9d4aec22babb2f7488817f,0.3509168326854706
4736,4877d14b881afad4476891e16e44bf00040f68c0,9b90cb4aea40677494e4a3913878e355c4ae56e8,0.27277541160583496
4737,4877d14b881afad4476891e16e44bf00040f68c0,2564e203c97df4e62348fa116ffa3b18f5151278,0.27396875619888306
4738,4877d14b881afad4476891e16e44bf00040f68c0,073daaf4f6fa972d3bdee3c4e4510d21dc934dfb,0.25312548875808716
4739,4877d14b881afad4476891e16e44bf00040f68c0,cf8f95458591e072835c4372c923e3087754a484,0.2673231065273285
4740,4877d14b881afad4476891e16e44bf00040f68c0,82566f380f61e835292e483cda84eb3d22e32cd4,0.12030096352100372
4741,4877d14b881afad4476891e16e44bf00040f68c0,d2491e8f4e6d5a8d1380efda2ec327ed7afefa63,0.16070005297660828
4742,4877d14b881afad4476891e16e44bf00040f68c0,bd2afb3933cc68270327fbbd7d446fd86b5a7806,0.1046043336391449
4743,4877d14b881afad4476891e16e44bf00040f68c0,876446e5c9eaaf1b54746270abdb690db98b748f,0.09403181076049805
4744,4877d14b881afad4476891e16e44bf00040f68c0,bd151b04739107e09c646933f2abd3ecb3e976c9,0.058828286826610565
4745,4877d14b881afad4476891e16e44bf00040f68c0,afe6e5010ae932071eb6288dd0b02347c5a7f6b1,0.022327378392219543
4746,4877d14b881afad4476891e16e44bf00040f68c0,afdc55d29c3d976b1bbab75fce4f37526ae7977f,0.01336614415049553
4747,4877d14b881afad4476891e16e44bf00040f68c0,8326f86876adc98c72031de6c3d3d3fac0403175,-0.008919060230255127
4748,4877d14b881afad4476891e16e44bf00040f68c0,5b0644069bd4a2fcf9e3272307f68c2002d2122f,0.01319832168519497
4749,4877d14b881afad4476891e16e44bf00040f68c0,af390f5ded307d8f548243163178d2db639b6e5c,-0.01426435261964798
4750,4877d14b881afad4476891e16e44bf00040f68c0,10236985b28470951de73f76d6fba5343d5f788f,-0.029563484713435173
4751,4877d14b881afad4476891e16e44bf00040f68c0,843ae23cbb088640a1697f887b4de82b8ba7a07d,-0.02779843658208847
4752,4877d14b881afad4476891e16e44bf00040f68c0,34245763557c61fb18218543e1fb498970d32d1c,0.0032638944685459137
4753,4877d14b881afad4476891e16e44bf00040f68c0,04fa47f1d3983bacfea1e3c838cf868f9b73dc58,0.0012528039515018463
4754,4877d14b881afad4476891e16e44bf00040f68c0,917ec490106e81e69b3c8a39a04db811079d0b55,-0.03076973557472229
4755,4877d14b881afad4476891e16e44bf00040f68c0,aade79855b2c79d77ee48751fb946c35892fed9b,-0.025117048993706703
4756,4877d14b881afad4476891e16e44bf00040f68c0,590ed266f720d04e8c5b2af3a5a9d8c86c24880d,-0.040508024394512177
4757,4877d14b881afad4476891e16e44bf00040f68c0,aa2ef24ebbe3f1afcd5d5506ee60508195a46c2b,-0.061840277165174484
4758,4877d14b881afad4476891e16e44bf00040f68c0,16ae3881a409835e6e957f96233e7cfbab8481bc,-0.06469138711690903
4759,4877d14b881afad4476891e16e44bf00040f68c0,823c9dc4ef36dd93079dfd640da59d3d6ff2cc22,-0.11645283550024033
4760,4877d14b881afad4476891e16e44bf00040f68c0,3d0dd69d6f49d3b91fad795509c86918b7e4142c,-0.144259512424469
4761,21b1180af3087c1333708a9873f6d473eabe6751,3ca4cbd7bf47ad1d20224b8ebc19980df337697e,0.531243622303009
4762,21b1180af3087c1333708a9873f6d473eabe6751,156b0bcef5d03cdf0a35947030c1c0729ca923d3,0.4990999698638916
4763,21b1180af3087c1333708a9873f6d473eabe6751,019615181a80b6dca5d79a8e72e5eec21eb5cfde,0.41533395648002625
4764,21b1180af3087c1333708a9873f6d473eabe6751,ea389cc6a91d365d003562df896fa5931fb444c6,0.3752831220626831
4765,21b1180af3087c1333708a9873f6d473eabe6751,2c1bfdd311742ec077cdc6e5367e34cfe0acc4c0,0.17297261953353882
4766,21b1180af3087c1333708a9873f6d473eabe6751,0329e02fc187d9d479e6310fa85e3c948b09565d,0.1101464182138443
4767,21b1180af3087c1333708a9873f6d473eabe6751,2b664988a390637f53ade45a8a1c0cd9cc5f0628,0.07420891523361206
4768,21b1180af3087c1333708a9873f6d473eabe6751,8a53c7efcf3b0b0cee5e6dfcea0a3eb0b4b81b01,0.09745751321315765
4769,21b1180af3087c1333708a9873f6d473eabe6751,10146dfeffa2be4267525ae74fda5c644205f497,0.05611281469464302
4770,21b1180af3087c1333708a9873f6d473eabe6751,fabc3f0f51d2bdd1484e36b9b08221b52be6826f,0.05317474156618118
4771,21b1180af3087c1333708a9873f6d473eabe6751,37a26f4601f59ac02136e8f25f94f5f44ca8173a,0.07039764523506165
4772,21b1180af3087c1333708a9873f6d473eabe6751,2760ee22dcea47ac49381ade8edb01d1094d3a33,0.017791692167520523
4773,21b1180af3087c1333708a9873f6d473eabe6751,8be203797e78aa8351c560f067190ce596feec6b,0.01362263411283493
4774,21b1180af3087c1333708a9873f6d473eabe6751,dafdf1c7dec045bee37d4b97aa897717f590e47a,0.0007568253204226494
4775,21b1180af3087c1333708a9873f6d473eabe6751,b83cdc50b0006066d7dbfd4f8bc1aeecf81ddf1c,0.015205977484583855
4776,21b1180af3087c1333708a9873f6d473eabe6751,68102f37d6da41530b63dfd232984f93d8685693,0.006226550787687302
4777,21b1180af3087c1333708a9873f6d473eabe6751,f8ccf1f4c8002ff35ea675122e7c04b35f2000b4,-0.021288689225912094
4778,21b1180af3087c1333708a9873f6d473eabe6751,6800fbe3314be9f638fb075e15b489d1aadb3030,-0.0450320690870285
4779,21b1180af3087c1333708a9873f6d473eabe6751,604ec6924397f793c3286f4e7e2b4ba17a27ee24,-0.04435215890407562
4780,21b1180af3087c1333708a9873f6d473eabe6751,aeaa7a8b4ef97bbf2b0ea2ad2ee88b13fcb2b797,-0.02429276704788208
4781,21b1180af3087c1333708a9873f6d473eabe6751,3ced8df3b0a63c845cabc7971a7464c4905ec8ab,-0.05878986790776253
4782,21b1180af3087c1333708a9873f6d473eabe6751,e6a5a2d440446c1d6e1883cdcb3a855b94b708e7,-0.08086816221475601
4783,21b1180af3087c1333708a9873f6d473eabe6751,49e90a0110123d5644fb6840683e0a05d2f54371,0.007104121148586273
4784,21b1180af3087c1333708a9873f6d473eabe6751,25239ec7fb6159166dfe15adf229fc2415f071df,-0.05523121356964111
4785,21b1180af3087c1333708a9873f6d473eabe6751,0de16a3505e587589fdf35d7f99d26848f362f55,-0.051417026668787
4786,21b1180af3087c1333708a9873f6d473eabe6751,e435ccffa5ae89d22b5062c1e8e3dcd2a0908ee8,-0.07518099993467331
4787,21b1180af3087c1333708a9873f6d473eabe6751,a1746d4e1535564e02a7a4d5e4cdd1fa7bedc571,-0.07739783078432083
4788,21b1180af3087c1333708a9873f6d473eabe6751,13def1f1f6598d4d0c7529e8ef6a7999165fe955,-0.07392343878746033
4789,21b1180af3087c1333708a9873f6d473eabe6751,9ca32800987b1f6092c2cacf028dee7298e73084,-0.11972136050462723
4790,21b1180af3087c1333708a9873f6d473eabe6751,57f9aa83737f2062defaf80afe11448ea5a33ea6,-0.12570242583751678
4791,382bbb79d7ffda63395db3d9b4ebce55d0b2f038,9c1775c992847f31a9bda931a1ecb8cac5365367,0.46212220191955566
4792,382bbb79d7ffda63395db3d9b4ebce55d0b2f038,395f4b41578c3ff5139ddcf9e90eb60801b50394,0.376373291015625
4793,382bbb79d7ffda63395db3d9b4ebce55d0b2f038,4f8781df9fd1d7473a28b86885af30a1cad2a2d0,0.26880505681037903
4794,382bbb79d7ffda63395db3d9b4ebce55d0b2f038,18cdf57195143ed3a3681440ddfb6f1fa839475b,0.24255500733852386
4795,382bbb79d7ffda63395db3d9b4ebce55d0b2f038,12f661171799cbd899e1ff4ae0a7e2170c3d547b,0.3242694139480591
4796,382bbb79d7ffda63395db3d9b4ebce55d0b2f038,9f8eb04dbafdfda997ac5e06cd6c521f82bf4e4c,0.31498342752456665
4797,382bbb79d7ffda63395db3d9b4ebce55d0b2f038,197a7fc2f8d57d93727b348851b59b34ce990afd,0.3215993046760559
4798,382bbb79d7ffda63395db3d9b4ebce55d0b2f038,261069aa06459562a2de3950395b41ed4aebe9df,0.2243822067975998
4799,382bbb79d7ffda63395db3d9b4ebce55d0b2f038,7dd4a0fb7368a510840cffd7dcad618962d3b8e4,0.2767014801502228
4800,382bbb79d7ffda63395db3d9b4ebce55d0b2f038,1324708ddf12d7940bc2377131e54d97111a1197,0.21787285804748535
4801,382bbb79d7ffda63395db3d9b4ebce55d0b2f038,d0596a92400fa2268ee502d682a5b72fca4cc678,0.16275842487812042
4802,382bbb79d7ffda63395db3d9b4ebce55d0b2f038,129371e185855a115d23a36cf78d5fcfb4fdb9ed,0.2955407500267029
4803,382bbb79d7ffda63395db3d9b4ebce55d0b2f038,ede1e7c2dba44f2094307f17322babce38031577,0.12394089251756668
4804,382bbb79d7ffda63395db3d9b4ebce55d0b2f038,c58ae94ed0c4f59e00fde734f8b3ec8a554faf09,0.1200585663318634
4805,382bbb79d7ffda63395db3d9b4ebce55d0b2f038,3d66a00d2fedbdbd6c709cdd2ad764c7963614a4,0.06905973702669144
4806,382bbb79d7ffda63395db3d9b4ebce55d0b2f038,ccc636a980fa307262aef569667a5bcf568e32af,0.036938637495040894
4807,382bbb79d7ffda63395db3d9b4ebce55d0b2f038,6fdbe12fc54a583dfe52315f5694e352185d8f03,0.06278437376022339
4808,382bbb79d7ffda63395db3d9b4ebce55d0b2f038,ed130a246a3ff589096ac2c20babdd986068e528,0.07691293954849243
4809,382bbb79d7ffda63395db3d9b4ebce55d0b2f038,5f0b96c18ac64affb923b28938ac779d7d1e1b81,0.05153129994869232
4810,382bbb79d7ffda63395db3d9b4ebce55d0b2f038,5696eb62fd6f1c039021e66b9f03b50066797a8e,0.04008858650922775
4811,382bbb79d7ffda63395db3d9b4ebce55d0b2f038,dd97a44fdc5923d1d3fd9d7c3dc300fb6f4f04ed,0.00832042470574379
4812,382bbb79d7ffda63395db3d9b4ebce55d0b2f038,e22ab00eaae9e17f2c4c69883b8c111dba5bc646,0.0203945804387331
4813,382bbb79d7ffda63395db3d9b4ebce55d0b2f038,8977709773a432a17bf13dfdee420bf41fdb63fd,-0.0076087405905127525
4814,382bbb79d7ffda63395db3d9b4ebce55d0b2f038,7f1aefe7eeb759bf05c27438c1687380f7b6b06f,-0.027104543522000313
4815,382bbb79d7ffda63395db3d9b4ebce55d0b2f038,f659b381e2074262453e7b92071abe07443640b3,-0.03260254114866257
4816,382bbb79d7ffda63395db3d9b4ebce55d0b2f038,0b8f4edf1a7b4d19d47d419f41cde432b9708ab7,-0.03493621200323105
4817,382bbb79d7ffda63395db3d9b4ebce55d0b2f038,ec1df457a2be681227f79de3ce932fccb65ee2bb,-0.08880239725112915
4818,382bbb79d7ffda63395db3d9b4ebce55d0b2f038,80f83fa19bd5b7d7e94781a1de91609dfbd62937,-0.0801224336028099
4819,382bbb79d7ffda63395db3d9b4ebce55d0b2f038,3ec05afd1eb4bb4d5ec17a9e0b3d09f5cbc30304,-0.1432267129421234
4820,382bbb79d7ffda63395db3d9b4ebce55d0b2f038,271d0fd591c44a018b62e9ba091ee0bd6697af06,-0.1344606876373291
4821,1c454ae4e1bbc600791f3a4796fdb6b1ee2ca016,5d6fca1c2dc1bb30b2bfcc131ec6e35a16374df8,0.713998019695282
4822,1c454ae4e1bbc600791f3a4796fdb6b1ee2ca016,0eb329b3291944ee358fcbad6d26a2e111addd6b,0.45780831575393677
4823,1c454ae4e1bbc600791f3a4796fdb6b1ee2ca016,4b93cb61f17f7ee722dac1c68020d97a1699ace3,0.37196511030197144
4824,1c454ae4e1bbc600791f3a4796fdb6b1ee2ca016,5f274d318b1fac66a01a5ed31f4433de5e1fa032,0.4058365821838379
4825,1c454ae4e1bbc600791f3a4796fdb6b1ee2ca016,b45a3a8e08b80295fa2913e66c673052b142d158,0.41383999586105347
4826,1c454ae4e1bbc600791f3a4796fdb6b1ee2ca016,080c8650dd8b3107fb6af6d3e0d5a1d4aabf4f4b,0.394967257976532
4827,1c454ae4e1bbc600791f3a4796fdb6b1ee2ca016,02227c94dd41fe0b439e050d377b0beb5d427cda,0.48414069414138794
4828,1c454ae4e1bbc600791f3a4796fdb6b1ee2ca016,40ea042765e037628bb2728e34f9800c24f93600,0.37941762804985046
4829,1c454ae4e1bbc600791f3a4796fdb6b1ee2ca016,fb6f5cb26395608a3cf0e9c6c618293a4278a8ad,0.23283639550209045
4830,1c454ae4e1bbc600791f3a4796fdb6b1ee2ca016,8e54c3f24a46be98199a78df6b0ed2c974636fa9,0.25364479422569275
4831,1c454ae4e1bbc600791f3a4796fdb6b1ee2ca016,b8a3c1c0ebe113ffb61b0066aa91ef03701e5550,0.2108161300420761
4832,1c454ae4e1bbc600791f3a4796fdb6b1ee2ca016,229dbc8d379f12d15597b17bb0502667b2ef3fa2,0.1569606512784958
4833,1c454ae4e1bbc600791f3a4796fdb6b1ee2ca016,3342018e8defb402896d2133cda0417e49f1e9aa,0.1634945422410965
4834,1c454ae4e1bbc600791f3a4796fdb6b1ee2ca016,f0bc66a21a03190ce93165085ca313e25be7f1af,0.16911552846431732
4835,1c454ae4e1bbc600791f3a4796fdb6b1ee2ca016,76264abe68ea6de6c14944990c5e01da1725c860,0.14590315520763397
4836,1c454ae4e1bbc600791f3a4796fdb6b1ee2ca016,755050d838b9b27d715c4bf1e8317294011fa5fc,0.10421595722436905
4837,1c454ae4e1bbc600791f3a4796fdb6b1ee2ca016,8abccc77774967a48c3c0f7fb097297aad011d47,0.12775324285030365
4838,1c454ae4e1bbc600791f3a4796fdb6b1ee2ca016,7674e4e66c60a4a31d0b68a07d4ea521cca8a84b,0.13898015022277832
4839,1c454ae4e1bbc600791f3a4796fdb6b1ee2ca016,4dd87fa846dc344dcce5fb12de283a0d51dfe140,0.1613740622997284
4840,1c454ae4e1bbc600791f3a4796fdb6b1ee2ca016,94a4a4fdb58a6777f13bb60955470bb10a415d6f,0.10410062223672867
4841,1c454ae4e1bbc600791f3a4796fdb6b1ee2ca016,968102a9e7329c829e2a5993dc1612ec50a9e4dc,0.09005585312843323
4842,1c454ae4e1bbc600791f3a4796fdb6b1ee2ca016,9b95747c0220379df9c59c29092f22e8e54a681c,0.07836797088384628
4843,1c454ae4e1bbc600791f3a4796fdb6b1ee2ca016,f103fabe05026d93bc1033e0e03bf34b4da0932d,0.012832600623369217
4844,1c454ae4e1bbc600791f3a4796fdb6b1ee2ca016,cd14329ef11aed723d528abb2d48f28e4295d695,0.022775353863835335
4845,1c454ae4e1bbc600791f3a4796fdb6b1ee2ca016,e9ed90f57c55e1229b67628930f37f3b5ed5dc12,0.07588376104831696
4846,1c454ae4e1bbc600791f3a4796fdb6b1ee2ca016,8e2548e29b45fda7725605b71a21318d86f9b00e,0.034574925899505615
4847,1c454ae4e1bbc600791f3a4796fdb6b1ee2ca016,6b09fb02ace9507f5ff50e87cc7171a81f5b2e5f,-0.023655835539102554
4848,1c454ae4e1bbc600791f3a4796fdb6b1ee2ca016,6597eb92249e137c6de9d68013bd683b63234af4,-0.028974637389183044
4849,1c454ae4e1bbc600791f3a4796fdb6b1ee2ca016,19e2ad92d0f6ad3a9c76e957a0463be9ac244203,-0.044599130749702454
4850,1c454ae4e1bbc600791f3a4796fdb6b1ee2ca016,8e917a621d15dc37c71be1bdc3b43c41e56557c8,-0.04767107591032982
4851,89c8e0ac83e8bac69ca41b63bb887a02950bbe9c,fe91d6963010701ab8b3da7910c784fd01a9c5eb,0.7696495056152344
4852,89c8e0ac83e8bac69ca41b63bb887a02950bbe9c,3d4f973896b5f0f00cd614a02cb2e4a1fe2b984b,0.5802946090698242
4853,89c8e0ac83e8bac69ca41b63bb887a02950bbe9c,c8037f66c757cd127d1794f2f6a431a78d1f903d,0.5216084718704224
4854,89c8e0ac83e8bac69ca41b63bb887a02950bbe9c,84d1600a724c4d04c7148d518838cfe1cffc011a,0.26883888244628906
4855,89c8e0ac83e8bac69ca41b63bb887a02950bbe9c,027a8f5b114a1d3e8cc27a5eddc528d039bcc51b,0.42200034856796265
4856,89c8e0ac83e8bac69ca41b63bb887a02950bbe9c,bf8516966cd00efbc3c8ac0b6a360d406971388c,0.18350079655647278
4857,89c8e0ac83e8bac69ca41b63bb887a02950bbe9c,bc267465eafd8fa1f6dacf827649560cf5fb1809,0.08816099911928177
4858,89c8e0ac83e8bac69ca41b63bb887a02950bbe9c,e0e15a2bfc63a9212226611004526f833583ff34,0.024518385529518127
4859,89c8e0ac83e8bac69ca41b63bb887a02950bbe9c,1c01a3943745e91544ccd6afe6869833ca14e388,0.03368443250656128
4860,89c8e0ac83e8bac69ca41b63bb887a02950bbe9c,841a5de1d71a0b51957d9be9d9bebed33fb5d9fa,0.014856318011879921
4861,89c8e0ac83e8bac69ca41b63bb887a02950bbe9c,a54559bc351726d481e94e47094af11287c01ea6,0.01692808046936989
4862,89c8e0ac83e8bac69ca41b63bb887a02950bbe9c,061c5909dd7b41aacf8f6f6700959ee096be36e3,-0.0035324953496456146
4863,89c8e0ac83e8bac69ca41b63bb887a02950bbe9c,713a8b22d15359e3e8380ee81da6de633eed9c8b,0.016042105853557587
4864,89c8e0ac83e8bac69ca41b63bb887a02950bbe9c,308cc1b5156facdf69cb658c56b9233b5cfdd144,-0.008080382831394672
4865,89c8e0ac83e8bac69ca41b63bb887a02950bbe9c,8c1351ff77f34a5a6e11be81a995e3faf862931b,-0.007560966536402702
4866,89c8e0ac83e8bac69ca41b63bb887a02950bbe9c,efdf5b611764da357e881140c76f9af3e85d4093,-0.035170406103134155
4867,89c8e0ac83e8bac69ca41b63bb887a02950bbe9c,6c3b2fd0cb23ddb6ed707d6c9986a78d6b76bf43,-0.026714008301496506
4868,89c8e0ac83e8bac69ca41b63bb887a02950bbe9c,f9fafd8ea1190ffbc2757eed0f0a8bbff610c43e,-0.02504063956439495
4869,89c8e0ac83e8bac69ca41b63bb887a02950bbe9c,ae675bdff2ae0895223cedfaa636ef88308c5a6b,0.0013386734062805772
4870,89c8e0ac83e8bac69ca41b63bb887a02950bbe9c,5550bd0554b93cbea47d629a94810c4b531930fa,-0.03208105266094208
4871,89c8e0ac83e8bac69ca41b63bb887a02950bbe9c,c5bc2a38192c60d00e5160caabfd4a242e699b74,-0.027323493734002113
4872,89c8e0ac83e8bac69ca41b63bb887a02950bbe9c,5627bcd7b6859735d2479c62ae4326dbb4a59e3f,-0.05685073509812355
4873,89c8e0ac83e8bac69ca41b63bb887a02950bbe9c,66ecbdb79ce324a4e1c6f44353e5aaee0f164ad9,-0.06481751799583435
4874,89c8e0ac83e8bac69ca41b63bb887a02950bbe9c,4c9ecc72ded229ca344f043db45b275d8bdf4c67,-0.0769641101360321
4875,89c8e0ac83e8bac69ca41b63bb887a02950bbe9c,da0d6c069a4032294b5acf6c0c84ff206378a070,-0.09088185429573059
4876,89c8e0ac83e8bac69ca41b63bb887a02950bbe9c,7f938500a588132a9e734471bc253246ef1ecf01,-0.09552577137947083
4877,89c8e0ac83e8bac69ca41b63bb887a02950bbe9c,c43826e860dfd9365aa8905397393d96513d1daa,-0.11111724376678467
4878,89c8e0ac83e8bac69ca41b63bb887a02950bbe9c,5511e24f89ed6b63e4aad72c88e20761160b123f,-0.1404401957988739
4879,89c8e0ac83e8bac69ca41b63bb887a02950bbe9c,506d4ca228f81715946ed1ad8d9205fad20fddfe,-0.1316531002521515
4880,89c8e0ac83e8bac69ca41b63bb887a02950bbe9c,f4b381f4482586dbdd15fc92bee81ce68bcb6898,-0.10166526585817337
4881,96dd2785bc42ea77a3afa65701d55212570a76ff,7756c24837b1f9ca3fc5be4ce7b4de0fcf9de8e6,0.5986459851264954
4882,96dd2785bc42ea77a3afa65701d55212570a76ff,8a1a3f4dcb4ae461c3c0063820811d9c37d8ec75,0.4442451298236847
4883,96dd2785bc42ea77a3afa65701d55212570a76ff,712194bd90119fd9f059025fd41b72ed12e5cc32,0.3081786632537842
4884,96dd2785bc42ea77a3afa65701d55212570a76ff,1678a55524be096519b3ea71c9680ba8041a761e,0.37689849734306335
4885,96dd2785bc42ea77a3afa65701d55212570a76ff,08e8ee6fd84dd21028e7f42aa68b333ce4bf13c0,0.2639656662940979
4886,96dd2785bc42ea77a3afa65701d55212570a76ff,8dbb9432e7e7e5c11bbe7bdbbe8eb9a14811c970,0.19783031940460205
4887,96dd2785bc42ea77a3afa65701d55212570a76ff,5807664af8e63d5207f59fb263c9e7bd3673be79,0.2303798794746399
4888,96dd2785bc42ea77a3afa65701d55212570a76ff,bb1d6215f0cfd84b5efc7173247b016ade4c976e,0.2127261906862259
4889,96dd2785bc42ea77a3afa65701d55212570a76ff,379c379e40e6bc5d0f7b8b884a6153585d55b9ca,0.21297073364257812
4890,96dd2785bc42ea77a3afa65701d55212570a76ff,175963e3634457ee55f6d82cb4fafe7bd7469ee2,0.2089073657989502
4891,96dd2785bc42ea77a3afa65701d55212570a76ff,240cc2dbe027400957ed1f8cf8fb092a533c406e,0.1762395203113556
4892,96dd2785bc42ea77a3afa65701d55212570a76ff,ca5766b91da4903ad6f6d40a5b31a3ead1f7f6de,0.18746252357959747
4893,96dd2785bc42ea77a3afa65701d55212570a76ff,3e15fb211f94b2e85d07e60f0aa641797b062e01,0.16668649017810822
4894,96dd2785bc42ea77a3afa65701d55212570a76ff,4424a9788e70ef4a1d447f6e28c1fc0c7cbdefc0,0.055400654673576355
4895,96dd2785bc42ea77a3afa65701d55212570a76ff,eb60bcac9bf7668cc4318995fc8b9b7ada46c090,0.14091695845127106
4896,96dd2785bc42ea77a3afa65701d55212570a76ff,cd866d4510e397dbc18156f8d840d7745943cc1a,0.6501551270484924
4897,96dd2785bc42ea77a3afa65701d55212570a76ff,b82ab6b6885bdd1b06cafd2b3ca892b75352a96b,0.11906050890684128
4898,96dd2785bc42ea77a3afa65701d55212570a76ff,6ee9fcef938389c4cc48fd3b1875d680161ffe0a,0.035174183547496796
4899,96dd2785bc42ea77a3afa65701d55212570a76ff,071a6cd442706e424ea09bc8852eaa2e901c72f3,0.10013972222805023
4900,96dd2785bc42ea77a3afa65701d55212570a76ff,fafe0f7a8f25a06f21962ca5f45361ec75373051,0.03585384786128998
4901,96dd2785bc42ea77a3afa65701d55212570a76ff,cdb25e4df6913bb94edcd1174d00baf2d21c9a6d,0.08751308172941208
4902,96dd2785bc42ea77a3afa65701d55212570a76ff,4a7c79583ffe7a695385d2c4c55f27b645a397ba,0.01859661564230919
4903,96dd2785bc42ea77a3afa65701d55212570a76ff,c4d5b0995a97a3a7824e51e9f71aa1fd700d27e1,0.02200530469417572
4904,96dd2785bc42ea77a3afa65701d55212570a76ff,ac22f98cd13926ed25619c6620990c5c875b3948,0.052089788019657135
4905,96dd2785bc42ea77a3afa65701d55212570a76ff,351a37370f395c3254242a4d8395a89b7072c179,0.03678697720170021
4906,96dd2785bc42ea77a3afa65701d55212570a76ff,6754f7a897bd44364d181fa6946014c9a9165fe4,-0.05802220106124878
4907,96dd2785bc42ea77a3afa65701d55212570a76ff,15b9bb158ef57a73c94cabcf4a95679f7d2f818e,-0.04572063311934471
4908,96dd2785bc42ea77a3afa65701d55212570a76ff,b118b38c180925f9e5bfda98cc12d03f536c12d4,-0.007407106459140778
4909,96dd2785bc42ea77a3afa65701d55212570a76ff,7b4bb79c57bba1bc722a589a43fae2d488bf7e8b,-0.06928172707557678
4910,96dd2785bc42ea77a3afa65701d55212570a76ff,211efdc4db415ad42c7c5eb9b0457c84ad23ef30,-0.08190354704856873
4911,d2c70073316ee264e393411cd49182a9be78deb4,10652afefe9d6470e44f0d70cec80207eb243291,0.36778098344802856
4912,d2c70073316ee264e393411cd49182a9be78deb4,471dc2841c2e735c525a5e9a1846d6f05d0a1001,0.4329712390899658
4913,d2c70073316ee264e393411cd49182a9be78deb4,7e9c01fd5e0b290cec25e9d1a156e8aa473ee151,0.2556561231613159
4914,d2c70073316ee264e393411cd49182a9be78deb4,d45eaee8b2e047306329e5dbfc954e6dd318ca1e,0.2459711879491806
4915,d2c70073316ee264e393411cd49182a9be78deb4,04bc01bbcfa93f72f7ea958911de3aedd7320936,0.20277735590934753
4916,d2c70073316ee264e393411cd49182a9be78deb4,4d4847c1c802c98bc78482d0178788c51691b309,0.20704619586467743
4917,d2c70073316ee264e393411cd49182a9be78deb4,5afb06ed45edcd33e0ba4f83fd2f89288fab9864,0.211211159825325
4918,d2c70073316ee264e393411cd49182a9be78deb4,db10480323bd2b9aeb58268678c204053722d6ad,0.2678985595703125
4919,d2c70073316ee264e393411cd49182a9be78deb4,6aa3d8bcca2ebdc52ef7cd786204c338f9d609f2,0.1947503387928009
4920,d2c70073316ee264e393411cd49182a9be78deb4,e5d0706662f7a9dc37215cd0841c78eca89e709d,0.13201914727687836
4921,d2c70073316ee264e393411cd49182a9be78deb4,96fdc213902146cae5ceae7c43ea9f6c1171d69e,0.1882125735282898
4922,d2c70073316ee264e393411cd49182a9be78deb4,6ddb346a60cbbc6d7328bd19845fa2967725cf2b,0.136583149433136
4923,d2c70073316ee264e393411cd49182a9be78deb4,4b48e7dbbbf337175f5052c0d79c837289dbc25a,0.09267307072877884
4924,d2c70073316ee264e393411cd49182a9be78deb4,38315f3ca2fa0b4c528492ae3eb482fb01a834a6,0.12448285520076752
4925,d2c70073316ee264e393411cd49182a9be78deb4,71245f9d9ba0317f78151698dc1ddba7583a3afd,0.1121826097369194
4926,d2c70073316ee264e393411cd49182a9be78deb4,f3fa1f32535a1725ca3074482aa8304bdd385064,0.10453103482723236
4927,d2c70073316ee264e393411cd49182a9be78deb4,477af70a1b6e9d50464409b694ac8096f09c7fae,0.11572504043579102
4928,d2c70073316ee264e393411cd49182a9be78deb4,4af63ed343df388b6353b6fc77c7137d27822bf4,0.13173896074295044
4929,d2c70073316ee264e393411cd49182a9be78deb4,28bf499a69bd467b9f3c4426cd5d0f4e65724648,0.06871291995048523
4930,d2c70073316ee264e393411cd49182a9be78deb4,e2bcc7d137c3d61b038f1abf54c96d044f516fe2,0.0484931543469429
4931,d2c70073316ee264e393411cd49182a9be78deb4,31bb49ba7df94b88add9e3c2db72a4a98927bb05,0.05554601922631264
4932,d2c70073316ee264e393411cd49182a9be78deb4,38aa85ac4a107ca3bb02575a5a7928023a4f8f56,0.0728294849395752
4933,d2c70073316ee264e393411cd49182a9be78deb4,61513eff4371e48748d792c9b136bc45dd0e625d,0.04141233488917351
4934,d2c70073316ee264e393411cd49182a9be78deb4,338557d69772b2018793e026cda7afa091a638dd,0.04835423454642296
4935,d2c70073316ee264e393411cd49182a9be78deb4,a9fb580a2c961c4921709dd5d7425a12a7c3fc64,-0.008181609213352203
4936,d2c70073316ee264e393411cd49182a9be78deb4,40e06608324781f6de425617a870a103d4233d5c,0.01830384135246277
4937,d2c70073316ee264e393411cd49182a9be78deb4,f3b8decd3d7f320efd60df2ac70fd8972095b7b7,-0.020282624289393425
4938,d2c70073316ee264e393411cd49182a9be78deb4,56495dd3c1f86ed674c524b978958548999f6a1c,-0.01950886845588684
4939,d2c70073316ee264e393411cd49182a9be78deb4,e189b162d573137cc9da570c14575f6f7f785ce0,-0.09087373316287994
4940,d2c70073316ee264e393411cd49182a9be78deb4,e999c63026736b3e2b2f1f59f4441a875e502149,-0.12912137806415558
4941,27efc45254159de1a18554ba8cb603ee70a1f266,6facbe854c57343710d7a4de32cb8ab8d7b1c951,0.47867095470428467
4942,27efc45254159de1a18554ba8cb603ee70a1f266,20b0f0268bc11c55389816223d712d85203e2936,0.48685920238494873
4943,27efc45254159de1a18554ba8cb603ee70a1f266,625e2f3229d75dc6ec346961efe485617dd3e048,0.4659665822982788
4944,27efc45254159de1a18554ba8cb603ee70a1f266,6eb662ef35ec514429c5ba533b212a3a512c3517,0.292237251996994
4945,27efc45254159de1a18554ba8cb603ee70a1f266,9f85c8f83c835b997f4c613525836f6b53cfdb7f,0.285781592130661
4946,27efc45254159de1a18554ba8cb603ee70a1f266,551c028aa8bce0b423f1cb717de868b08bba1aee,0.06844792515039444
4947,27efc45254159de1a18554ba8cb603ee70a1f266,a558ad30dd01010995d4c21b4d219f28e4dc71ee,0.13767287135124207
4948,27efc45254159de1a18554ba8cb603ee70a1f266,8894a55335c7eebe944411bf9df88894ef5dc93d,0.11873438209295273
4949,27efc45254159de1a18554ba8cb603ee70a1f266,664025aae372a2dc5d8f06e877b721b1461c4214,0.07624144852161407
4950,27efc45254159de1a18554ba8cb603ee70a1f266,93b7ffd5ea1955d617396460fa034e972c089e72,0.07317434251308441
4951,27efc45254159de1a18554ba8cb603ee70a1f266,28a699880bce80839953ac07c1d1838822a36120,0.06428779661655426
4952,27efc45254159de1a18554ba8cb603ee70a1f266,c79082ee9822903053974d91d21ab3cbdbe6d2c4,0.06978249549865723
4953,27efc45254159de1a18554ba8cb603ee70a1f266,1c1c40927787c40ffe0db9629ede6828ecf09e65,-0.014725346118211746
4954,27efc45254159de1a18554ba8cb603ee70a1f266,c03233796d17006bd4e5568b3c1f78cebacf87ca,0.037983767688274384
4955,27efc45254159de1a18554ba8cb603ee70a1f266,4b30c2431b8a27a8480d43996f7bb550e73fb268,0.00994613766670227
4956,27efc45254159de1a18554ba8cb603ee70a1f266,04975368149e407c2105b76a7523e027661bd4f0,0.0035072481259703636
4957,27efc45254159de1a18554ba8cb603ee70a1f266,7cb4705968f54b8761cadc46ed8c979ce9c22688,-0.024293284863233566
4958,27efc45254159de1a18554ba8cb603ee70a1f266,3fccc22f283b2319603e69958fe2f51434b914e4,-0.019938234239816666
4959,27efc45254159de1a18554ba8cb603ee70a1f266,97f4bde2776711b2f6e785753c45195d4f78fe0f,-0.041433464735746384
4960,27efc45254159de1a18554ba8cb603ee70a1f266,5ffcc447c7003b7e7199e18cb0f817821dd2e007,-0.042153939604759216
4961,27efc45254159de1a18554ba8cb603ee70a1f266,ffaca6b5174f02c6d43ab0df2991c2a62281b271,-0.07620279490947723
4962,27efc45254159de1a18554ba8cb603ee70a1f266,07fe0ddb6cef7ed8946d416c093452c1d0db0c34,-0.04892650991678238
4963,27efc45254159de1a18554ba8cb603ee70a1f266,9cc8512aed2aaadd9d7529857221c0d3c103cb45,-0.048435330390930176
4964,27efc45254159de1a18554ba8cb603ee70a1f266,45c26fb5050664ea07d53932f8c0fefa7ed3c061,-0.0849781334400177
4965,27efc45254159de1a18554ba8cb603ee70a1f266,03b9563779bb1623a21c30386aef863ae4d11dc0,-0.054346613585948944
4966,27efc45254159de1a18554ba8cb603ee70a1f266,c0f293d40fbf71bf4627de91918bc2cce3ad2ea3,-0.09936216473579407
4967,27efc45254159de1a18554ba8cb603ee70a1f266,1a3cef149d57a7d55a2b3545f5fc3148e4fa2b85,-0.11111179739236832
4968,27efc45254159de1a18554ba8cb603ee70a1f266,5c7f700d28c9e5b5ac115c1409262ecfe89812db,-0.08355478942394257
4969,27efc45254159de1a18554ba8cb603ee70a1f266,c669d5efe471abcb3a28223845a318a562070cc8,-0.11442886292934418
4970,27efc45254159de1a18554ba8cb603ee70a1f266,88323e38f676a31ed613dad604829808ff96f714,-0.11209037899971008
4971,5f98a36570d428d510e9de699b97f4e2c63d7980,3d35faeab92b4f5d64da081d67a326c38736d4dd,0.5984253883361816
4972,5f98a36570d428d510e9de699b97f4e2c63d7980,86d37dcb04055739969c297b45b9e28e4db01b86,0.5648108124732971
4973,5f98a36570d428d510e9de699b97f4e2c63d7980,37300dd4c73fc7e6affc357dbc266b2b4e5c7bea,0.556533694267273
4974,5f98a36570d428d510e9de699b97f4e2c63d7980,0324ed4e0a3a7eb2a3b32198996bc72ecdfde26b,0.5392637252807617
4975,5f98a36570d428d510e9de699b97f4e2c63d7980,f2842d5350b5f0e621fd4cfa176f01da986c962c,0.5637162923812866
4976,5f98a36570d428d510e9de699b97f4e2c63d7980,f4c8df47919c57928f91da5e942bfa5f74fe7aca,0.32977262139320374
4977,5f98a36570d428d510e9de699b97f4e2c63d7980,0d526d3ed49943b302bbbe6747dd3484c7d706af,0.029157958924770355
4978,5f98a36570d428d510e9de699b97f4e2c63d7980,d19c7d0882ae9845f34a84dd4e4dbd1d4cf0b00c,0.025035368278622627
4979,5f98a36570d428d510e9de699b97f4e2c63d7980,95d7c5f1309c7cd60fd3866fbc8199ef694d3ce7,0.04684073105454445
4980,5f98a36570d428d510e9de699b97f4e2c63d7980,5be6e653955d5ff18b7cf2dbffa94d31f11d1f06,-0.016300493851304054
4981,5f98a36570d428d510e9de699b97f4e2c63d7980,104f1e76b653386c38b4a0bd535ad08c4a651832,0.01478753425180912
4982,5f98a36570d428d510e9de699b97f4e2c63d7980,8d5d725091861aac6a63a43a95bb1c96442fdd3b,-0.00047826580703258514
4983,5f98a36570d428d510e9de699b97f4e2c63d7980,5a01793b222acb13543d48b74cb8799b08e8f581,-0.011689528822898865
4984,5f98a36570d428d510e9de699b97f4e2c63d7980,ff8cec504cdaa063278c64a2cb05119fab976db4,-0.03535015136003494
4985,5f98a36570d428d510e9de699b97f4e2c63d7980,aa1c5d1f542a4d762dab40056d2c4bf329e7fd45,-0.05190054327249527
4986,5f98a36570d428d510e9de699b97f4e2c63d7980,7aea1a278ec2678796c9fefe7b8201047d0613e9,-0.051034506410360336
4987,5f98a36570d428d510e9de699b97f4e2c63d7980,0e56b759fc516c0bd91bb2afd113d3eeca9b9c61,-0.05204826593399048
4988,5f98a36570d428d510e9de699b97f4e2c63d7980,842301714c2513659a6814a7e9b5ae761136f9d8,-0.06936516612768173
4989,5f98a36570d428d510e9de699b97f4e2c63d7980,ce9ccf0ded2bcfbb1c63fa7e9db1d310bd3db756,-0.0646040141582489
4990,5f98a36570d428d510e9de699b97f4e2c63d7980,d279e147dde46bbaf74123da4909231b9d1e86e8,-0.048727329820394516
4991,5f98a36570d428d510e9de699b97f4e2c63d7980,ec2a21eff2b5aa3c195feb03a78b478550dd8582,-0.06765352189540863
4992,5f98a36570d428d510e9de699b97f4e2c63d7980,51c6e7ea45aaf4f2374dbf09788d78e2a1973649,-0.09198424220085144
4993,5f98a36570d428d510e9de699b97f4e2c63d7980,9a76cf35c74eb3d17f03973d32415c9bab816acb,-0.06889341026544571
4994,5f98a36570d428d510e9de699b97f4e2c63d7980,9f95b2cd4c22d5f7fce62c9f804e827d2ded0f84,-0.06174541637301445
4995,5f98a36570d428d510e9de699b97f4e2c63d7980,13ae009718f0edf8f6c3d8dc55dd620f3f953ec9,-0.12073802947998047
4996,5f98a36570d428d510e9de699b97f4e2c63d7980,167842cb39be40987b783e2932b9ad2025ab7d07,-0.10857494175434113
4997,5f98a36570d428d510e9de699b97f4e2c63d7980,02677b913f430f419ee8a8f2a8860d1af5e86b63,-0.09843716770410538
4998,5f98a36570d428d510e9de699b97f4e2c63d7980,06db1531ef84602ef1aa8dbdb8e89e04e9034583,-0.11427371203899384
4999,5f98a36570d428d510e9de699b97f4e2c63d7980,21813c61601a8537136488ce55a2c15669365ef9,-0.13834410905838013
5000,5f98a36570d428d510e9de699b97f4e2c63d7980,8f3f222127904d0e3568f4c8c807b1bf26b77f93,-0.16535961627960205
5001,7492683af60d02dbd658acdc61249571f8c20fc8,006df3db364f2a6d7cc23f46d22cc63081dd70db,0.5428628921508789
5002,7492683af60d02dbd658acdc61249571f8c20fc8,16e6938256f8fd82de59aac2257805f692278f03,0.522311806678772
5003,7492683af60d02dbd658acdc61249571f8c20fc8,003715e5bda2dfd2373c937ded390e469e8d84b1,0.5074164867401123
5004,7492683af60d02dbd658acdc61249571f8c20fc8,49ed15db181c74c7067ec01800fb5392411c868c,0.3184467554092407
5005,7492683af60d02dbd658acdc61249571f8c20fc8,6714e4673b514ad9698d4949db763c66ad681d3d,0.26171234250068665
5006,7492683af60d02dbd658acdc61249571f8c20fc8,1d6889c44e11141cc82ef28bba1afe07f3c0a2b4,0.2804533839225769
5007,7492683af60d02dbd658acdc61249571f8c20fc8,977ad29fc117946aa37e4e9b69a7d6cc00cb7388,0.18951869010925293
5008,7492683af60d02dbd658acdc61249571f8c20fc8,3499f071b44d06d576e78c938ca7fc41edff510c,0.11688239127397537
5009,7492683af60d02dbd658acdc61249571f8c20fc8,a7d47e32ee59f2f104ff6120fa82bae912a87c81,0.1543220579624176
5010,7492683af60d02dbd658acdc61249571f8c20fc8,53b85e4066944b1753aae8e3418028a67d9372e1,0.14469726383686066
5011,7492683af60d02dbd658acdc61249571f8c20fc8,78beead3a05f7e8f2dc812298f813c5bacdc3061,0.06894813477993011
5012,7492683af60d02dbd658acdc61249571f8c20fc8,6b60dd4cac27ac7b0f28012322146967c2a388ca,0.05469900369644165
5013,7492683af60d02dbd658acdc61249571f8c20fc8,3e7c554b435525b50b558a05486148376af04ccb,0.04240205138921738
5014,7492683af60d02dbd658acdc61249571f8c20fc8,f49b78324e01d783a66b3b777965b08a7b904a74,0.05987107753753662
5015,7492683af60d02dbd658acdc61249571f8c20fc8,b55aafb62fb0d49ad7e0ed7ab5b936f985e1ac58,0.0020249374210834503
5016,7492683af60d02dbd658acdc61249571f8c20fc8,232ce27451be9cc332969ce20659d28cfc0bbfec,0.021772285923361778
5017,7492683af60d02dbd658acdc61249571f8c20fc8,bf9fd38bdf1d19834f13b675a9052feee4abeeb0,0.017155829817056656
5018,7492683af60d02dbd658acdc61249571f8c20fc8,64f256dd8b83e18bd6c5692f22ac821b622d820a,-0.000844915397465229
5019,7492683af60d02dbd658acdc61249571f8c20fc8,4c34433231e209d0b444cd38dad788de2a973f45,-0.020682167261838913
5020,7492683af60d02dbd658acdc61249571f8c20fc8,cb9155bf684f9146da4605f07fed9224fd8b146b,-0.01606643944978714
5021,7492683af60d02dbd658acdc61249571f8c20fc8,fc10cf04b774b7e1d4e6d6c6c666ae04a07329d9,-0.01962294429540634
5022,7492683af60d02dbd658acdc61249571f8c20fc8,8cb45a5a03d2e8c9cc56030a99b9938cb2981087,-0.012203983962535858
5023,7492683af60d02dbd658acdc61249571f8c20fc8,74a5e76a6e45dfecfb4f4542a6a8cb1c6be3c2cb,-0.04346887022256851
5024,7492683af60d02dbd658acdc61249571f8c20fc8,08567f9b834bdc05a0cf6164ec4a6ab9c985429e,-0.01887095719575882
5025,7492683af60d02dbd658acdc61249571f8c20fc8,2cb7835672029e97a20e006cd8cee918cb351d03,-0.029708925634622574
5026,7492683af60d02dbd658acdc61249571f8c20fc8,16207729492b760cd48bb4b9dd619a433b2e3d25,-0.08117837458848953
5027,7492683af60d02dbd658acdc61249571f8c20fc8,79780f551413667a6a69dc130dcf843516cda6aa,-0.07524576038122177
5028,7492683af60d02dbd658acdc61249571f8c20fc8,491c6e5b40ecef186c232290f6ce5ced2fff1409,-0.07216037809848785
5029,7492683af60d02dbd658acdc61249571f8c20fc8,e918ab254c2cfd832dec13b5a2d98b7e0cc905d5,-0.12721902132034302
5030,7492683af60d02dbd658acdc61249571f8c20fc8,25a26b86f4a2ebca2b154effbaf894aef690c03c,-0.10350091755390167
5031,8407184b67114cbdddfec1bded6bf5a35eb8cb82,5ac65efcf8db05e8f1f70e09d51f275caa9d0aae,0.6437388062477112
5032,8407184b67114cbdddfec1bded6bf5a35eb8cb82,0970c10b5af6c5bbaeedf5d696c3c355aaa97959,0.4832346439361572
5033,8407184b67114cbdddfec1bded6bf5a35eb8cb82,15b9b4e23efe9d1c58217cbe0d3dd154fb65baae,0.5573010444641113
5034,8407184b67114cbdddfec1bded6bf5a35eb8cb82,7f44973b8cb78be47d55d335f40a54aa00ef814c,0.3986119031906128
5035,8407184b67114cbdddfec1bded6bf5a35eb8cb82,5951d6a9d5e2b27c05384204dad7e64f06ee8d2c,0.3167710304260254
5036,8407184b67114cbdddfec1bded6bf5a35eb8cb82,013cd20c0eaffb9cab80875a43086e0c3224fe20,0.4117193818092346
5037,8407184b67114cbdddfec1bded6bf5a35eb8cb82,24aa2f1004aab06000f24d5b650b891d6dc68818,0.35796210169792175
5038,8407184b67114cbdddfec1bded6bf5a35eb8cb82,26aa0aff1ea1baf848a521363cc455044690e090,0.2830338478088379
5039,8407184b67114cbdddfec1bded6bf5a35eb8cb82,3faebe9d5c47fc90998811c4ac768706283d605c,0.26834994554519653
5040,8407184b67114cbdddfec1bded6bf5a35eb8cb82,1b742a290c23c2ed0b3c6c99c3645535882912f6,0.18157120048999786
5041,8407184b67114cbdddfec1bded6bf5a35eb8cb82,bdb806e7a5a1b7982440d74127f8065d6842d7f5,0.23752042651176453
5042,8407184b67114cbdddfec1bded6bf5a35eb8cb82,5b6d075d99abfedf9c773cf7a6e61c391c06510f,0.20416434109210968
5043,8407184b67114cbdddfec1bded6bf5a35eb8cb82,62d37831e00bc0511480f7cb78874ffb30331382,0.2233678698539734
5044,8407184b67114cbdddfec1bded6bf5a35eb8cb82,65a568aa9482c9ad6c21c7444861639432b0efe4,0.15860092639923096
5045,8407184b67114cbdddfec1bded6bf5a35eb8cb82,4938e8c8c9ea3d351d283181819af5e5801efbed,0.26056408882141113
5046,8407184b67114cbdddfec1bded6bf5a35eb8cb82,b454d1385696f4629206e5c8bd190bc707ae75b7,0.13252204656600952
5047,8407184b67114cbdddfec1bded6bf5a35eb8cb82,55cc17d32cc001a2c36b3156bfa0748daf5d0fb4,0.08347339928150177
5048,8407184b67114cbdddfec1bded6bf5a35eb8cb82,1454c2f35dd729083f7e3715d8e6c4a00e9f55bb,0.14668959379196167
5049,8407184b67114cbdddfec1bded6bf5a35eb8cb82,589b1677d6de28c47693c5816c32698860c32d10,0.1573830544948578
5050,8407184b67114cbdddfec1bded6bf5a35eb8cb82,d59694a277deeb3ea5b4191b21a93b8de24c0f62,0.12686334550380707
5051,8407184b67114cbdddfec1bded6bf5a35eb8cb82,7d426470b5f705404d643b796c4b8b3826e8af99,0.10087850689888
5052,8407184b67114cbdddfec1bded6bf5a35eb8cb82,d88fd2ad7c378fff8536e5c2b26034e9917ee8a4,0.06928940117359161
5053,8407184b67114cbdddfec1bded6bf5a35eb8cb82,0b6e98a6a8cf8283fd76fe1100b23f11f4cfa711,0.13630713522434235
5054,8407184b67114cbdddfec1bded6bf5a35eb8cb82,22d35b27bab295efe9d5a28cdf15ed7c4fbcf25c,0.032234154641628265
5055,8407184b67114cbdddfec1bded6bf5a35eb8cb82,b9843426b745ea575276fce3b527a2dc4d2eebb3,0.04004490375518799
5056,8407184b67114cbdddfec1bded6bf5a35eb8cb82,f8cd248abc151a5b972cf7797be94aac0bd4f5e1,0.0394301675260067
5057,8407184b67114cbdddfec1bded6bf5a35eb8cb82,cf20e34a1402a115523910d2a4243929f6704db1,-0.09680803120136261
5058,8407184b67114cbdddfec1bded6bf5a35eb8cb82,7d982bdcf768ffd3199be289db2b2f6e55777b12,0.008875740692019463
5059,8407184b67114cbdddfec1bded6bf5a35eb8cb82,47d91765ea424816bd0320161ae3cefcce462ce6,-0.013218844309449196
5060,8407184b67114cbdddfec1bded6bf5a35eb8cb82,0f32f3a8e401f863899b0ef623a721a0996e7ae3,-0.06644516438245773
5061,ed19aa4eb626c3fc5a64b858bae5f2cdd71e1193,83de43bc849ad3d9579ccf540e6fe566ef90a58e,0.6151240468025208
5062,ed19aa4eb626c3fc5a64b858bae5f2cdd71e1193,20cb9de9921d7efbc1add2848239d7916bf158b2,0.6148672103881836
5063,ed19aa4eb626c3fc5a64b858bae5f2cdd71e1193,15cf63f8d44179423b4100531db4bb84245aa6f1,0.4696354269981384
5064,ed19aa4eb626c3fc5a64b858bae5f2cdd71e1193,2ce6545409d3169c6b8c68f3f38e9f73e58f8c64,0.3249024748802185
5065,ed19aa4eb626c3fc5a64b858bae5f2cdd71e1193,8ff67b8bb53883f2e1c30990bdf44ec2d8b502b9,0.3490258455276489
5066,ed19aa4eb626c3fc5a64b858bae5f2cdd71e1193,82bd131de322e70b8211b18718f58a4c3a5e3ebe,0.3369129002094269
5067,ed19aa4eb626c3fc5a64b858bae5f2cdd71e1193,55b81991fbb025038d98e8c71acf7dc2b78ee5e9,0.38898909091949463
5068,ed19aa4eb626c3fc5a64b858bae5f2cdd71e1193,c37fe13f94dfc2f3494a35a63336689ce4392135,0.2831226587295532
5069,ed19aa4eb626c3fc5a64b858bae5f2cdd71e1193,2b8b023c4a7bc7cd9d38a5acb6e2feaabbea9a36,0.2645648121833801
5070,ed19aa4eb626c3fc5a64b858bae5f2cdd71e1193,053912e76e50c9f923a1fc1c173f1365776060cc,0.30907630920410156
5071,ed19aa4eb626c3fc5a64b858bae5f2cdd71e1193,af24e10093658bd4f70a828372373011f5538cbb,0.12761758267879486
5072,ed19aa4eb626c3fc5a64b858bae5f2cdd71e1193,217577bdff47ff84bcec4b9610a04265f76c9515,0.1905345320701599
5073,ed19aa4eb626c3fc5a64b858bae5f2cdd71e1193,fad4cf87ca2f3948b7a71b306e321454af7b346b,0.14745575189590454
5074,ed19aa4eb626c3fc5a64b858bae5f2cdd71e1193,44b5c555f9d5af4de380ac9d86c20c77521d6eee,0.16109420359134674
5075,ed19aa4eb626c3fc5a64b858bae5f2cdd71e1193,29629ff7367ec1b97e1d27816427c439222b93c6,0.14486940205097198
5076,ed19aa4eb626c3fc5a64b858bae5f2cdd71e1193,0401bd2dd5e613b67e7277a7f519589be7360fd4,0.13993430137634277
5077,ed19aa4eb626c3fc5a64b858bae5f2cdd71e1193,5ad9f87ef6f41eb91bc479cf61c850bdde5a71ef,0.1156245544552803
5078,ed19aa4eb626c3fc5a64b858bae5f2cdd71e1193,620c39cbed9844a38636ae2e42ff82abb1a51f09,0.09213830530643463
5079,ed19aa4eb626c3fc5a64b858bae5f2cdd71e1193,4c32da988c7caef974a3fec6a2c96aee169df84f,0.07189776748418808
5080,ed19aa4eb626c3fc5a64b858bae5f2cdd71e1193,ded6e007efd7288ff2c35b5e95c77dba35058c0a,0.02591468207538128
5081,ed19aa4eb626c3fc5a64b858bae5f2cdd71e1193,937c0f0719d9843b521c8c5b5e13737e8fd91bd4,0.03461472690105438
5082,ed19aa4eb626c3fc5a64b858bae5f2cdd71e1193,4e4040cec4a97fe9c407e00331327d271ae38a18,0.032965704798698425
5083,ed19aa4eb626c3fc5a64b858bae5f2cdd71e1193,dd131cd0a292c8fa2491cf5248b707703c2c03a5,0.011375466361641884
5084,ed19aa4eb626c3fc5a64b858bae5f2cdd71e1193,b10d69c64adb973348c3259b1f3560c432f3234c,-0.010790456086397171
5085,ed19aa4eb626c3fc5a64b858bae5f2cdd71e1193,4eff2292620c21abe259412e7b402fe50c0a100e,-0.04686244577169418
5086,ed19aa4eb626c3fc5a64b858bae5f2cdd71e1193,cabcfc0c8704fa15fa8212a6f8944a249d5dcfa9,-0.07766364514827728
5087,ed19aa4eb626c3fc5a64b858bae5f2cdd71e1193,1c9b97e644ce5dcc417121f0ae6dfb14cce9364c,-0.07509102672338486
5088,ed19aa4eb626c3fc5a64b858bae5f2cdd71e1193,dd04d0106102f3822ad65ae65089821e2c3fc716,-0.06247197836637497
5089,ed19aa4eb626c3fc5a64b858bae5f2cdd71e1193,42f9e29539f63ed000df96da2a2b7d0736698061,-0.07675888389348984
5090,ed19aa4eb626c3fc5a64b858bae5f2cdd71e1193,c601e52e0ebdfc1efddb30ec9710972e18b5652b,-0.13744547963142395
5091,ea813d2ae6cdad4d734ad5b8b39522d6d1392431,5b63a03a937507838d4d85623d72fc1d1a852cc5,0.5248900651931763
5092,ea813d2ae6cdad4d734ad5b8b39522d6d1392431,86b732702d3db71c7865d4e761c8aaa1d6930caa,0.37303799390792847
5093,ea813d2ae6cdad4d734ad5b8b39522d6d1392431,c3b1c33848e93ad6a853a62412494bba36aa7f2a,0.3004635274410248
5094,ea813d2ae6cdad4d734ad5b8b39522d6d1392431,fa543fa269762e795082f51625b91d7860793d90,0.1894870549440384
5095,ea813d2ae6cdad4d734ad5b8b39522d6d1392431,617d424beef3c633d55de45f9009bbc649969877,0.16882732510566711
5096,ea813d2ae6cdad4d734ad5b8b39522d6d1392431,28215a7294a621b3ff0098b3c7b7a4760f9e3e59,0.13221579790115356
5097,ea813d2ae6cdad4d734ad5b8b39522d6d1392431,b4702ebf71b74023d9769677aff2b2f30900a6cf,0.18770019710063934
5098,ea813d2ae6cdad4d734ad5b8b39522d6d1392431,a7141592d15578bff7bf3b694900c929d4e6a5d8,0.17735260725021362
5099,ea813d2ae6cdad4d734ad5b8b39522d6d1392431,7dcb74aa3a2ac4285481dafdbfe2b52197cdd707,0.14576710760593414
5100,ea813d2ae6cdad4d734ad5b8b39522d6d1392431,a8c88986ef5e223261e4689040975a2ccff24017,0.11451771855354309
5101,ea813d2ae6cdad4d734ad5b8b39522d6d1392431,ef153bd9092f142b3845568937145fdb203fd978,0.04900312423706055
5102,ea813d2ae6cdad4d734ad5b8b39522d6d1392431,9091d1c5aa7e07d022865b4800ec1684211d2045,0.11165443062782288
5103,ea813d2ae6cdad4d734ad5b8b39522d6d1392431,2539fad11485821d2bfd573dbabe2f6802d24e07,0.08692311495542526
5104,ea813d2ae6cdad4d734ad5b8b39522d6d1392431,efc9001f54de9c3e984d62fa7e0e911f43eda266,0.0517638623714447
5105,ea813d2ae6cdad4d734ad5b8b39522d6d1392431,c65945c08b7fd77ffd2c53369e8928699c3993e7,0.046073343604803085
5106,ea813d2ae6cdad4d734ad5b8b39522d6d1392431,a494042b43e6a15b23da1b6d3e422b5a932f0aa4,0.04864909127354622
5107,ea813d2ae6cdad4d734ad5b8b39522d6d1392431,70e8634a46013c2eb4140ed3917743910f90657d,0.004715178161859512
5108,ea813d2ae6cdad4d734ad5b8b39522d6d1392431,49472d1bd25a3cf8426ea86aac29d8159a825728,-0.006291283294558525
5109,ea813d2ae6cdad4d734ad5b8b39522d6d1392431,a9ad85feef3ee89492631245a29621454e3d798a,-0.022260818630456924
5110,ea813d2ae6cdad4d734ad5b8b39522d6d1392431,9ae85a3588fce6e500ddef14313e29268b6ce775,0.022778354585170746
5111,ea813d2ae6cdad4d734ad5b8b39522d6d1392431,ff206b8619bc9fa1587c431b329d2fcfb94eb47c,-0.04056529328227043
5112,ea813d2ae6cdad4d734ad5b8b39522d6d1392431,a05ad7eb010dcda96f4b76c56cdf1dce14ea49ed,-0.057918377220630646
5113,ea813d2ae6cdad4d734ad5b8b39522d6d1392431,6180a8a082c3d0e85dcb9cec3677923ff7633bb9,-0.02498485893011093
5114,ea813d2ae6cdad4d734ad5b8b39522d6d1392431,0bd6a7a179f1c6c2b59bf1cc9227703a137767d9,-0.05294612795114517
5115,ea813d2ae6cdad4d734ad5b8b39522d6d1392431,247da68527908544124a1f35b3be527ee0e473ac,-0.08994143456220627
5116,ea813d2ae6cdad4d734ad5b8b39522d6d1392431,fff5273db715623150986d66ec370188a630b4a5,-0.05069546028971672
5117,ea813d2ae6cdad4d734ad5b8b39522d6d1392431,cfb353785d6eb6049e772655553593d95fa090a3,-0.1042078509926796
5118,ea813d2ae6cdad4d734ad5b8b39522d6d1392431,5b37a24a31e4f83d056fa1da4048ea0d4dd6c5e1,-0.09908469766378403
5119,ea813d2ae6cdad4d734ad5b8b39522d6d1392431,3d425a44b54f505a5d280653a3b4f992d4836c80,-0.11144356429576874
5120,60184fecc57b51fd4f312b77e3817af18643ef8e,e74923f05c05a603356c4e88a5bcc1d743aedeb5,0.7263790369033813
5121,60184fecc57b51fd4f312b77e3817af18643ef8e,8900adf0a63fe9a99c2026a897cfcfd2aaf89476,0.6724216938018799
5122,60184fecc57b51fd4f312b77e3817af18643ef8e,cace7912089d586e0acebb4a66329f60d3f1cd09,0.6584473252296448
5123,60184fecc57b51fd4f312b77e3817af18643ef8e,e52c199d4f9f815087fb72702428cd3c7bb9d9ff,0.4271697402000427
5124,60184fecc57b51fd4f312b77e3817af18643ef8e,737568fa4422eae79dcb4dc903565386bdc17e43,0.3135443329811096
5125,60184fecc57b51fd4f312b77e3817af18643ef8e,f163718a70999d849278dde9c7a417df1afdbc78,0.21125562489032745
5126,60184fecc57b51fd4f312b77e3817af18643ef8e,381231eecd132199821c5aa3ff3f2278f593ea33,0.7132439613342285
5127,60184fecc57b51fd4f312b77e3817af18643ef8e,63e1e4ddad1621af02b2f8ad8a0bf5dbd47abf38,0.17779844999313354
5128,60184fecc57b51fd4f312b77e3817af18643ef8e,2730606a9d29bb52bcc42124393460503f736d74,0.13316327333450317
5129,60184fecc57b51fd4f312b77e3817af18643ef8e,94017eca9875a77d7de5daadf5c37023b8bbe6c9,0.13779625296592712
5130,60184fecc57b51fd4f312b77e3817af18643ef8e,63ef86bf94d58343f1484bf415911843da8fd612,0.08463256806135178
5131,60184fecc57b51fd4f312b77e3817af18643ef8e,a8823ab946321079c63b9bd42f58bd17b96a25e4,0.06476046144962311
5132,60184fecc57b51fd4f312b77e3817af18643ef8e,523b8beb41b7890fd4fdd7bd3cba7261137e53b4,0.014679398387670517
5133,60184fecc57b51fd4f312b77e3817af18643ef8e,56d36c2535c867613997688f649cf0461171dbe8,0.0065884217619895935
5134,60184fecc57b51fd4f312b77e3817af18643ef8e,b356bd9e1df74a8fc7a144001a88c0e1f89e616d,0.0237598717212677
5135,60184fecc57b51fd4f312b77e3817af18643ef8e,d35a8ad8133ebcbf7aa4eafa25f753465b3f9fc0,0.008069019764661789
5136,60184fecc57b51fd4f312b77e3817af18643ef8e,8fe2f671089c63a0d3f6f729ca8bc63aa3069263,0.023213708773255348
5137,60184fecc57b51fd4f312b77e3817af18643ef8e,ef583fd79e57ab0b42bf1db466d782ad64aca09e,-0.007059619762003422
5138,60184fecc57b51fd4f312b77e3817af18643ef8e,88a7ae1ba4eefa5f51661faddd023bd8635da19c,-0.04309406131505966
5139,60184fecc57b51fd4f312b77e3817af18643ef8e,2375f6d71ce85a9ff457825e192c36045e994bdd,-0.0551299974322319
5140,60184fecc57b51fd4f312b77e3817af18643ef8e,cb79833f0d3b88963cdc84dbb8cb358fd996946e,-0.041043829172849655
5141,60184fecc57b51fd4f312b77e3817af18643ef8e,94bde5e6667e56c52b040c1d893205828e9e17af,-0.04270949214696884
5142,60184fecc57b51fd4f312b77e3817af18643ef8e,dcfae19ad20ee57b3f68891d8b21570ab2601613,-0.040967535227537155
5143,60184fecc57b51fd4f312b77e3817af18643ef8e,1a3ecd4307946146371852d6571b89b9436e51fa,-0.035732418298721313
5144,60184fecc57b51fd4f312b77e3817af18643ef8e,327eea4fa452df2e9ff0864601bba4051fd9927c,-0.04927168786525726
5145,60184fecc57b51fd4f312b77e3817af18643ef8e,2d54e36c216de770f849125a62b4a2e74284792a,-0.056441083550453186
5146,60184fecc57b51fd4f312b77e3817af18643ef8e,6124e9f8455723e9508fc5d8365b3895b4d15208,-0.11417228728532791
5147,60184fecc57b51fd4f312b77e3817af18643ef8e,4f0ea476d0aa1315c940988a593a1d4055695c79,-0.0803505927324295
5148,60184fecc57b51fd4f312b77e3817af18643ef8e,c7a83708cf93b46e952327822e4fb195b1dafef3,-0.07642079889774323
5149,60184fecc57b51fd4f312b77e3817af18643ef8e,6077b91080f2ac5822fd899e9c41dd82afbdea27,-0.0845976173877716
5150,1066b8c0aaed299874e1989998635dcb879bcd0f,1d3ddcefe4d5fefca04fe730ca73312e2c588b3b,0.5992308259010315
5151,1066b8c0aaed299874e1989998635dcb879bcd0f,60cae7e13210bbba9efc8ad42b75d491b7cc8c84,0.41823697090148926
5152,1066b8c0aaed299874e1989998635dcb879bcd0f,1b3b22b95ab55853aff3ea980a5b4a76b7537980,0.32272985577583313
5153,1066b8c0aaed299874e1989998635dcb879bcd0f,346e6803d8adff413a9def0768637db533fe71b1,0.2608090341091156
5154,1066b8c0aaed299874e1989998635dcb879bcd0f,13d4c2f76a7c1a4d0a71204e1d5d263a3f5a7986,0.2703942656517029
5155,1066b8c0aaed299874e1989998635dcb879bcd0f,275445087a85bf6d3b0f101a60b0be7ab4ed520f,0.20829248428344727
5156,1066b8c0aaed299874e1989998635dcb879bcd0f,46fb1214b2303c61d1684c167b1add1996e15313,0.24574245512485504
5157,1066b8c0aaed299874e1989998635dcb879bcd0f,84875ee58006260d3956f1bac933f1bf7851fdd6,0.17529185116291046
5158,1066b8c0aaed299874e1989998635dcb879bcd0f,c145ac5130bfce3de23de25d6618ea282c67c075,0.07671654224395752
5159,1066b8c0aaed299874e1989998635dcb879bcd0f,e97736b0920af2b5729bf62172a2f20a80dd5666,0.10431890189647675
5160,1066b8c0aaed299874e1989998635dcb879bcd0f,3b02ec4f4b77368f7e34f86f9a49a0d5902c45e0,0.08595438301563263
5161,1066b8c0aaed299874e1989998635dcb879bcd0f,b446e79a70cb0dcbecdfd2f8c11d2ac1bec4c2f7,0.1287641078233719
5162,1066b8c0aaed299874e1989998635dcb879bcd0f,0c668ee24d58ecca165f788d40765e79ed615471,0.3245735168457031
5163,1066b8c0aaed299874e1989998635dcb879bcd0f,8e38ef4ab1097b38e3a5ac1c2b20a5044b1d2e90,0.0579872727394104
5164,1066b8c0aaed299874e1989998635dcb879bcd0f,a01c855b24fea6fe8ecd229e9a3b536760c689e4,0.0681716576218605
5165,1066b8c0aaed299874e1989998635dcb879bcd0f,546aa62efd9639006053b9ed46bca3b7925c7305,0.1180286630988121
5166,1066b8c0aaed299874e1989998635dcb879bcd0f,9fa05d7a03de28f94596f0fa5e8f107cfe4d38d7,0.023841900750994682
5167,1066b8c0aaed299874e1989998635dcb879bcd0f,f2c6c4bc71db8f2f18f81373c65f48d80720d95e,0.06507671624422073
5168,1066b8c0aaed299874e1989998635dcb879bcd0f,7e7f14f325d7e8d70e20ca22800ad87cfbf339ff,0.07908956706523895
5169,1066b8c0aaed299874e1989998635dcb879bcd0f,2591d2d773f38b5c8d17829a3938c85edf2009a6,0.010120786726474762
5170,1066b8c0aaed299874e1989998635dcb879bcd0f,023c3af96af31d7c2a97c9b39028984f6bea8423,-0.009511195123195648
5171,1066b8c0aaed299874e1989998635dcb879bcd0f,537fcac9d4b94cd54d989cbc690d18a4a02898fb,0.021425936371088028
5172,1066b8c0aaed299874e1989998635dcb879bcd0f,a668a6ca3fc8a83436fc28a65a890daf6cd59762,-0.028694260865449905
5173,1066b8c0aaed299874e1989998635dcb879bcd0f,60cc377d4d2b885594906d58bacb5732e8a04eb9,0.0033183787018060684
5174,1066b8c0aaed299874e1989998635dcb879bcd0f,0b41a405b329198428b1ce947b86a0797b59289e,0.011060521006584167
5175,1066b8c0aaed299874e1989998635dcb879bcd0f,3d88c7e728e94278a2f3ef654818a5e93d937743,-0.030007580295205116
5176,1066b8c0aaed299874e1989998635dcb879bcd0f,b1dd6f03a5d7a09850542453695b42665b445fa1,-0.07105977833271027
5177,1066b8c0aaed299874e1989998635dcb879bcd0f,ad6f202e6129ba1e2d743dd7500da6bc9e15bf44,-0.06575138121843338
5178,1066b8c0aaed299874e1989998635dcb879bcd0f,3f2f4e017ad87e57945324877134fe1d0aab1c9f,-0.06096483767032623
5179,1066b8c0aaed299874e1989998635dcb879bcd0f,c36eb6887c13a3fbb9ec01cd5a7501c4e063de73,-0.09145950525999069
5180,c4c47ebf6454e3c5a8417c580c8ecf694e34ad49,1bdfdd4205c0ace6f0d5bb09dd606021a110cf36,0.38207560777664185
5181,c4c47ebf6454e3c5a8417c580c8ecf694e34ad49,f707a81a278d1598cd0a4493ba73f22dcdf90639,0.3120071589946747
5182,c4c47ebf6454e3c5a8417c580c8ecf694e34ad49,0ee392ad467b967c0a32d8ecb19fc20f7c1d62fe,0.3338281810283661
5183,c4c47ebf6454e3c5a8417c580c8ecf694e34ad49,052b1d8ce63b07fec3de9dbb583772d860b7c769,0.3087327480316162
5184,c4c47ebf6454e3c5a8417c580c8ecf694e34ad49,463bec3d0298e96e3702e071e241e3898f76eff2,0.2474219799041748
5185,c4c47ebf6454e3c5a8417c580c8ecf694e34ad49,7ef66d8adc7322218a2420066d27e154535a2460,0.1754492074251175
5186,c4c47ebf6454e3c5a8417c580c8ecf694e34ad49,2819ca354f01bc60bbf0ca13611e0ad66487450a,0.18531137704849243
5187,c4c47ebf6454e3c5a8417c580c8ecf694e34ad49,e3cfdcaf0eb59af379d5081c1caef9b458cd1fba,0.10280420631170273
5188,c4c47ebf6454e3c5a8417c580c8ecf694e34ad49,f9455bf42f61eb8c0ac14e17539366851f64c790,0.14478130638599396
5189,c4c47ebf6454e3c5a8417c580c8ecf694e34ad49,adf29144f925c58d55781307718080f62bc97de3,0.12175818532705307
5190,c4c47ebf6454e3c5a8417c580c8ecf694e34ad49,d5ba527534daf11748a5a1f2d417283ce88d5cd1,0.11757311224937439
5191,c4c47ebf6454e3c5a8417c580c8ecf694e34ad49,475c278c88fa76db47d78d620863d5d9366ab1ef,0.07842880487442017
5192,c4c47ebf6454e3c5a8417c580c8ecf694e34ad49,f1737a54451e79f4c9cff1bc789fbfb0c83aee3a,0.10490313172340393
5193,c4c47ebf6454e3c5a8417c580c8ecf694e34ad49,b20a5427d79c660fe55282da2533071629bfc533,0.08446978032588959
5194,c4c47ebf6454e3c5a8417c580c8ecf694e34ad49,a112d3f6d056cc1d85f4a9902f8660fbeb898f90,0.12973164021968842
5195,c4c47ebf6454e3c5a8417c580c8ecf694e34ad49,b60a86ee106946f74313535c809209a743080f30,0.1159932017326355
5196,c4c47ebf6454e3c5a8417c580c8ecf694e34ad49,4a7478652c1b4f27d1bbf18ea0f1cf47fc30779e,0.10137762129306793
5197,c4c47ebf6454e3c5a8417c580c8ecf694e34ad49,1797a323f1024ba17389befe19824c8d443a0940,0.06943923234939575
5198,c4c47ebf6454e3c5a8417c580c8ecf694e34ad49,30667550901b9420e02c7d61cdf8fa7d5db207af,0.37007468938827515
5199,c4c47ebf6454e3c5a8417c580c8ecf694e34ad49,fc3def67ba2c5956f7d4066df9f1d92a9e65bfd7,0.0585060641169548
5200,c4c47ebf6454e3c5a8417c580c8ecf694e34ad49,254d59ab9cac1921687d2c0313b8f6fc66541dfb,0.058211550116539
5201,c4c47ebf6454e3c5a8417c580c8ecf694e34ad49,60ade26a56f8f34d18b6e3ccfd0cd095b72e3013,0.038111861795186996
5202,c4c47ebf6454e3c5a8417c580c8ecf694e34ad49,1d11abe1ec659bf2a0b078f9e45796889e0c0740,0.03463505953550339
5203,c4c47ebf6454e3c5a8417c580c8ecf694e34ad49,805115059488fe0e5e1e3376f95ad2944bbff76d,0.015199728310108185
5204,c4c47ebf6454e3c5a8417c580c8ecf694e34ad49,0ce9ad941f6da90068759344abf07a4e15cf4ccf,0.033284690231084824
5205,c4c47ebf6454e3c5a8417c580c8ecf694e34ad49,1217c950ba6f73c3e4cbbfb4ed4546f8d6bf914b,0.00736235361546278
5206,c4c47ebf6454e3c5a8417c580c8ecf694e34ad49,756822ece7da9c8b78997cf9001b0ec69a9a2112,-0.030516503378748894
5207,c4c47ebf6454e3c5a8417c580c8ecf694e34ad49,70bda6d1377ad5bd4e9c2902f89dc934b856fcf6,-0.07150512933731079
5208,c4c47ebf6454e3c5a8417c580c8ecf694e34ad49,b23848d181bebd47d4bae1c782534424085bbadf,-0.06308867782354355
5209,c4c47ebf6454e3c5a8417c580c8ecf694e34ad49,d7d901a9e311e6c434a8a39566d1ed2845546f5b,-0.09582782536745071
5210,59dca5c15c275f26c7ae34fc940449aeb918c68b,dc9681dbb3c9cc83b4636ec97680aa3326a7e7d0,0.5501154661178589
5211,59dca5c15c275f26c7ae34fc940449aeb918c68b,023f6fc69fe1f6498e35dbf85932ecb549d36ca4,0.5420185923576355
5212,59dca5c15c275f26c7ae34fc940449aeb918c68b,6ab5acb5f32ef2d28f91109d40e5e859a9c101bf,0.4001816511154175
5213,59dca5c15c275f26c7ae34fc940449aeb918c68b,54e7e6348fc8eb27dd6c34e0afbe8881eeb0debd,0.4673703610897064
5214,59dca5c15c275f26c7ae34fc940449aeb918c68b,e4eaf2eaf4a4a59be1b8a1ae19ca5a9ea58d250f,0.25463783740997314
5215,59dca5c15c275f26c7ae34fc940449aeb918c68b,d764fd52625933692843941825845fcd5ee27f0d,0.30913445353507996
5216,59dca5c15c275f26c7ae34fc940449aeb918c68b,3a1a9e15d42b67bfdee7761311aea9b699cd0d5f,0.2761532664299011
5217,59dca5c15c275f26c7ae34fc940449aeb918c68b,54588be2456c4974d113f066c978feef04b6dacd,0.21253010630607605
5218,59dca5c15c275f26c7ae34fc940449aeb918c68b,e51e557cf4701510916bb1444074f62e6a04f889,0.1683136224746704
5219,59dca5c15c275f26c7ae34fc940449aeb918c68b,e9839782321e25ed87f1a14abf7107e0d037e630,0.12555596232414246
5220,59dca5c15c275f26c7ae34fc940449aeb918c68b,f2020cc2d672f46fb1ad2311c19a82516d57c50d,0.18820035457611084
5221,59dca5c15c275f26c7ae34fc940449aeb918c68b,005aea80a403da18f95fcb9944236a976d83580e,0.17182588577270508
5222,59dca5c15c275f26c7ae34fc940449aeb918c68b,47ff9ef572e8ae8ce8cb1ede47d0b9f215fd30b0,0.13213814795017242
5223,59dca5c15c275f26c7ae34fc940449aeb918c68b,14bc4279dd1d7b1ff48dbced4634983343ee6dc6,0.10179651528596878
5224,59dca5c15c275f26c7ae34fc940449aeb918c68b,a0403302f171cfdc3a89f64d50936f6fcfc1b94f,0.08260929584503174
5225,59dca5c15c275f26c7ae34fc940449aeb918c68b,44925e155f7b15b573e6f3a0bcf023b7623d5e90,0.14417284727096558
5226,59dca5c15c275f26c7ae34fc940449aeb918c68b,d5a14f0808d6f564b6219369986447f3a777972b,0.07540680468082428
5227,59dca5c15c275f26c7ae34fc940449aeb918c68b,44abde153c7507451f073ae361f75edd9d7010dd,0.022754905745387077
5228,59dca5c15c275f26c7ae34fc940449aeb918c68b,d7231356f1d2d87fd02d12c5da88f9a7f0caf541,0.07876670360565186
5229,59dca5c15c275f26c7ae34fc940449aeb918c68b,8f84fd69ea302f28136a756b433ad9a4711571c2,0.16622018814086914
5230,59dca5c15c275f26c7ae34fc940449aeb918c68b,e63ade93d75bc8f34639e16e2b15dc018ec9c208,-0.08285324275493622
5231,59dca5c15c275f26c7ae34fc940449aeb918c68b,66b0d9c3b89d3088ac05102880e18e47f4afcd79,0.027862394228577614
5232,59dca5c15c275f26c7ae34fc940449aeb918c68b,8c5f41936704429ede0bacff65c67119cb5dcc08,-0.0015553263947367668
5233,59dca5c15c275f26c7ae34fc940449aeb918c68b,a970352e2a6c3c998c4e483e2d78c4b3643c7809,0.04373890906572342
5234,59dca5c15c275f26c7ae34fc940449aeb918c68b,21cd3b6a12862b3a355b2c0260fcbcac6a01a233,-0.010940488427877426
5235,59dca5c15c275f26c7ae34fc940449aeb918c68b,119a5ffb74649f1c0248b336bcd7928b36f4438f,-0.08146880567073822
5236,59dca5c15c275f26c7ae34fc940449aeb918c68b,ba371bce57d2c67133ff121cc1c33c314f7ac59e,-0.08796346187591553
5237,59dca5c15c275f26c7ae34fc940449aeb918c68b,353ec611af298e87dd8baf1ac7fb0038182f0fa7,-0.042161740362644196
5238,59dca5c15c275f26c7ae34fc940449aeb918c68b,c0213566808583943c1fcb8b77192d04dd6e749f,-0.07169847935438156
5239,59dca5c15c275f26c7ae34fc940449aeb918c68b,715f389c2879cd4a01d315efe09c94c5c0979176,-0.12659326195716858
5240,2f365204bf3e60465a4ed333b4db725e345a5108,da6c3fdf8ef9aae979a5dd156e074ba6691b2e2c,0.6751424670219421
5241,2f365204bf3e60465a4ed333b4db725e345a5108,507da9473d1b7cf69357e9d987b71cf7b5623b4d,0.6573953032493591
5242,2f365204bf3e60465a4ed333b4db725e345a5108,1f1eaf19e38b541eec8a02f099e3090536a4c936,0.5626219511032104
5243,2f365204bf3e60465a4ed333b4db725e345a5108,16ce0d2712a8f8f4797496cc6c306d6c2b8535e9,0.5135506987571716
5244,2f365204bf3e60465a4ed333b4db725e345a5108,2dff153c498c79232ea5bab523aeca697ae18823,0.5181565284729004
5245,2f365204bf3e60465a4ed333b4db725e345a5108,57bf84b70746c195eaab1ffbc0102673704cc25c,0.15607042610645294
5246,2f365204bf3e60465a4ed333b4db725e345a5108,2d09d2343f319624d80cfd11c993a4b666958c3d,0.1711566001176834
5247,2f365204bf3e60465a4ed333b4db725e345a5108,8968a106e831d668fc44f2083f0abebbcf86f574,0.1526164561510086
5248,2f365204bf3e60465a4ed333b4db725e345a5108,6ee9fcef938389c4cc48fd3b1875d680161ffe0a,0.0841008797287941
5249,2f365204bf3e60465a4ed333b4db725e345a5108,99e6d870a04e5ad7f883d37274537e664391fd5d,0.1054014265537262
5250,2f365204bf3e60465a4ed333b4db725e345a5108,08fa0252365bda9bf7ea5b70a48dd4f744519fed,0.05958319827914238
5251,2f365204bf3e60465a4ed333b4db725e345a5108,1f000e2ca3552bd76f439dbb77c5f7c6c154a662,0.1799977421760559
5252,2f365204bf3e60465a4ed333b4db725e345a5108,f742a220109064ae379a73f6c299ed1b2ca76609,0.09274068474769592
5253,2f365204bf3e60465a4ed333b4db725e345a5108,73e25148341c7b19a0bac423a36c88f6d3da8530,0.033052582293748856
5254,2f365204bf3e60465a4ed333b4db725e345a5108,c2d1bbff6ec6ccfb2e6b49d8f78f6854571941da,0.04338853061199188
5255,2f365204bf3e60465a4ed333b4db725e345a5108,6829120ef2f031003ec855b536e67015d337fc3c,0.037659578025341034
5256,2f365204bf3e60465a4ed333b4db725e345a5108,869f4fc59d74a96098ed46935cb6fd1a537c38ce,0.05296826362609863
5257,2f365204bf3e60465a4ed333b4db725e345a5108,4ef2dc2e02883a0ec13ab7c07121012197a41b76,0.04988856613636017
5258,2f365204bf3e60465a4ed333b4db725e345a5108,89b99f6eb70193b64fd9748b63d773b613b5ed7c,0.053974129259586334
5259,2f365204bf3e60465a4ed333b4db725e345a5108,b44c4d7825747205f5a8feffbc4955ce11eaf69d,0.033103592693805695
5260,2f365204bf3e60465a4ed333b4db725e345a5108,5bf59c644b7e9b5162e37b9c275b5b577505bfff,0.023901578038930893
5261,2f365204bf3e60465a4ed333b4db725e345a5108,f8410bcd477d7be77ba980af61f156d509e81bfb,0.049612753093242645
5262,2f365204bf3e60465a4ed333b4db725e345a5108,a7474af315a38fc6d1f87945fc9ea70eae427ead,-0.029632750898599625
5263,2f365204bf3e60465a4ed333b4db725e345a5108,d0d5c4fc59d9e82318f33c75346de6c4f828a7e0,-0.001900427509099245
5264,2f365204bf3e60465a4ed333b4db725e345a5108,9249389a2fbc2151a80b4731f007c780616b067a,-0.02347511425614357
5265,2f365204bf3e60465a4ed333b4db725e345a5108,8263a8e5bcdcb7385196d30de828060e33f8441b,-0.047823891043663025
5266,2f365204bf3e60465a4ed333b4db725e345a5108,ebe1db7281e17f6e353009efc01b00e4eacc3de3,-0.04509877786040306
5267,2f365204bf3e60465a4ed333b4db725e345a5108,fa310b5c0d5b1466a1234b2bbc396fe8fcf18cad,-0.07651913166046143
5268,2f365204bf3e60465a4ed333b4db725e345a5108,63c30ec269e7e02f97e2a20a9d68e268b4405a5d,-0.09125978499650955
5269,2f365204bf3e60465a4ed333b4db725e345a5108,ef8af16b408a7c78ab0780fe419d37130f2efe4c,-0.13018140196800232
5270,1995f186d00e9fdc1957c76666145c923fa55cf3,712115f791de02aafc675ee84090fdf8e4ed88a5,0.372425377368927
5271,1995f186d00e9fdc1957c76666145c923fa55cf3,0e6c774dd0d11e4a32fc94459ee5f4a9f906fcda,0.3235066533088684
5272,1995f186d00e9fdc1957c76666145c923fa55cf3,b9bc9a32791dba1fc85bb9d4bfb9c52e6f052d2e,0.273937463760376
5273,1995f186d00e9fdc1957c76666145c923fa55cf3,09194121d81be3783fa1719afe51a7056f04e309,0.24191930890083313
5274,1995f186d00e9fdc1957c76666145c923fa55cf3,d967d9550f831a8b3f5cb00f8835a4c866da60ad,0.40217459201812744
5275,1995f186d00e9fdc1957c76666145c923fa55cf3,a095f249e45856953d3e7878ccf172dd83aefdcd,0.1705113649368286
5276,1995f186d00e9fdc1957c76666145c923fa55cf3,7dd2936b73377bf30c91f9a85e17f602e7b53ec5,0.06927963346242905
5277,1995f186d00e9fdc1957c76666145c923fa55cf3,39df57cefdf38c2c9a76b85d7f67505959cfd6e7,0.025255685672163963
5278,1995f186d00e9fdc1957c76666145c923fa55cf3,7855c55eae35e81ba84519aa60b97c51bb6281d5,0.10915214568376541
5279,1995f186d00e9fdc1957c76666145c923fa55cf3,042810cdcfb8f8af2f46e13543ccc9a3c9476f69,0.05377085506916046
5280,1995f186d00e9fdc1957c76666145c923fa55cf3,03f3197f5f2c0415f972111173ed452a39d436d2,0.027105098590254784
5281,1995f186d00e9fdc1957c76666145c923fa55cf3,231be9ffe942d000891197ee45f41ae62adfe9a8,0.010277189314365387
5282,1995f186d00e9fdc1957c76666145c923fa55cf3,9a0c3991537f41238237bd6e78747a6b4512f2b3,-0.00418082345277071
5283,1995f186d00e9fdc1957c76666145c923fa55cf3,739f26126145cbbf1f3d484be429a81e812fd40a,-0.011842933483421803
5284,1995f186d00e9fdc1957c76666145c923fa55cf3,11dbb38b7ff8a54ac8387264abd36b017f50f202,0.005818122997879982
5285,1995f186d00e9fdc1957c76666145c923fa55cf3,1721e4529c5e222dc7070ff318f7e1d815bfb27b,-0.001392897218465805
5286,1995f186d00e9fdc1957c76666145c923fa55cf3,598f98fefa56afe0073d58fd36cc86017f0a4c31,-0.029997941106557846
5287,1995f186d00e9fdc1957c76666145c923fa55cf3,6243769976e9a2e8c33ee9fc28ac0308cb052ebf,-0.005793172866106033
5288,1995f186d00e9fdc1957c76666145c923fa55cf3,95fc8418de56aebf867669c834fbef75f593f403,-0.009520516730844975
5289,1995f186d00e9fdc1957c76666145c923fa55cf3,e7030ed729ac8250d022394ec1df3ed216144f9f,-0.05765397101640701
5290,1995f186d00e9fdc1957c76666145c923fa55cf3,7d3808cc062d5e25eafa92256c72f490be2bff7f,-0.030066104605793953
5291,1995f186d00e9fdc1957c76666145c923fa55cf3,fc10f1ccd2396c1adb4652c807a0c4f6e7534624,-0.0057866838760674
5292,1995f186d00e9fdc1957c76666145c923fa55cf3,4f3d6fdb74ebb2a64369269d402210c83060a8d7,-0.042882516980171204
5293,1995f186d00e9fdc1957c76666145c923fa55cf3,9a870af1c356f14c51c0af75bd9fec5f2e20f8f7,-0.06892263889312744
5294,1995f186d00e9fdc1957c76666145c923fa55cf3,2b877d697fb8ba947fe3f964824098c25636fa0e,-0.09405622631311417
5295,1995f186d00e9fdc1957c76666145c923fa55cf3,6d48640f9f9a1702c13f30a662b115b16ca8ab07,-0.0763360857963562
5296,1995f186d00e9fdc1957c76666145c923fa55cf3,c8f4b2695333abafde9ea253afc5b6a651d1fb54,-0.12389722466468811
5297,1995f186d00e9fdc1957c76666145c923fa55cf3,7e1f274a73803c97db5284da0eb295b2cab12486,-0.08976255357265472
5298,1995f186d00e9fdc1957c76666145c923fa55cf3,32093be6d9bf5038adb5b5b8b8e8a9b62001643c,-0.105780690908432
5299,1995f186d00e9fdc1957c76666145c923fa55cf3,cd43f34d4ce48d4a77b84f1a62d469e8596078d0,-0.13662007451057434
5300,0ee5364a1672ec0b8dbb3e1f84a5eca1d7851a6d,09031aa6d6743bebebc695955cd77c032cd9192f,0.5235061645507812
5301,0ee5364a1672ec0b8dbb3e1f84a5eca1d7851a6d,0e1ebbf27b303b8ccf62176e6e9370261963e2c0,0.5065202713012695
5302,0ee5364a1672ec0b8dbb3e1f84a5eca1d7851a6d,552528ae817834765e491d8f783c785c07ca7ccb,0.32360655069351196
5303,0ee5364a1672ec0b8dbb3e1f84a5eca1d7851a6d,3145fc2e5cbdf877ef07f7408dcaee5e44ba6d4f,0.3518381118774414
5304,0ee5364a1672ec0b8dbb3e1f84a5eca1d7851a6d,1e56ed3d2c855f848ffd91baa90f661772a279e1,0.34021779894828796
5305,0ee5364a1672ec0b8dbb3e1f84a5eca1d7851a6d,682c434becc69b9dc70a4c18305f9d733d03f581,0.2878144681453705
5306,0ee5364a1672ec0b8dbb3e1f84a5eca1d7851a6d,2b97d99ac4c00fe972aa114a9c453a457e894418,0.2349705696105957
5307,0ee5364a1672ec0b8dbb3e1f84a5eca1d7851a6d,8884ef78bba4ceea3272ed2d25cafde8fc981c62,0.21146786212921143
5308,0ee5364a1672ec0b8dbb3e1f84a5eca1d7851a6d,3f52e3e498b81356682e7746910a14d4c3851a77,0.18470019102096558
5309,0ee5364a1672ec0b8dbb3e1f84a5eca1d7851a6d,6d23073dbb68d353f30bb97f4803cfbd66546444,0.07589787244796753
5310,0ee5364a1672ec0b8dbb3e1f84a5eca1d7851a6d,c66689fafa0ce5d6d85ac8b361068de31c623516,0.0817127600312233
5311,0ee5364a1672ec0b8dbb3e1f84a5eca1d7851a6d,ba18b3312b1b811703290c489aac5da193eb2269,0.040794774889945984
5312,0ee5364a1672ec0b8dbb3e1f84a5eca1d7851a6d,f5bbdfe37f5a0c9728c9099d85f0799e67e3d07d,-0.022186078131198883
5313,0ee5364a1672ec0b8dbb3e1f84a5eca1d7851a6d,9d86a9e66856ee6b83b8c62b329d8fa204cf6616,0.020427901297807693
5314,0ee5364a1672ec0b8dbb3e1f84a5eca1d7851a6d,c017a2bc601513a1ec2be2d1155e0384e78b6380,0.04096907004714012
5315,0ee5364a1672ec0b8dbb3e1f84a5eca1d7851a6d,d9ce43229be476f7ae6b372d97b4d371aa65700d,0.026727234944701195
5316,0ee5364a1672ec0b8dbb3e1f84a5eca1d7851a6d,5beaff7d26b72b0ebad27dafa59c36b8c1d94277,-0.020139098167419434
5317,0ee5364a1672ec0b8dbb3e1f84a5eca1d7851a6d,f52f5517f6643739fc939f27d544987d8d681921,0.014045528136193752
5318,0ee5364a1672ec0b8dbb3e1f84a5eca1d7851a6d,fda3b2e98ea0cf73dd3046aa3c2bea3936e89aa4,0.019461968913674355
5319,0ee5364a1672ec0b8dbb3e1f84a5eca1d7851a6d,1f979f28a267522126acd8569ec2e3b964a7f656,-0.008428024128079414
5320,0ee5364a1672ec0b8dbb3e1f84a5eca1d7851a6d,8c047f39221328e3298c5370dd20bcec3e4a8d13,-0.014972751960158348
5321,0ee5364a1672ec0b8dbb3e1f84a5eca1d7851a6d,bfaf51d76280c2ec78eb4227924fbff8cf15624d,-0.05838568136096001
5322,0ee5364a1672ec0b8dbb3e1f84a5eca1d7851a6d,31eb33e47570ca3ccddfb53407115a29f70b2b9f,-0.0519002303481102
5323,0ee5364a1672ec0b8dbb3e1f84a5eca1d7851a6d,92b09523943dcba6de8dcd709f4a510675a107df,-0.06071384996175766
5324,0ee5364a1672ec0b8dbb3e1f84a5eca1d7851a6d,881fffd2d555344fa4171b295cb27df57e06ca5f,-0.054564446210861206
5325,0ee5364a1672ec0b8dbb3e1f84a5eca1d7851a6d,1a7c35dc1e98fa2bf32cd0632a1be240f8c45831,-0.08026379346847534
5326,0ee5364a1672ec0b8dbb3e1f84a5eca1d7851a6d,428b80b4a912f08ce84bf729456407eb2c7392db,-0.10008995980024338
5327,0ee5364a1672ec0b8dbb3e1f84a5eca1d7851a6d,01a9da9886fe353d77b6d6bc6854619ffe148438,-0.07197674363851547
5328,0ee5364a1672ec0b8dbb3e1f84a5eca1d7851a6d,9284c14a3fd370fa4af25c37575b84f58083f72d,-0.08058708906173706
5329,0ee5364a1672ec0b8dbb3e1f84a5eca1d7851a6d,b8e5bc5f31d0d699c3481e5f313e4729a93c5581,-0.09579642117023468
5330,a65e6a974212ed28133c2fe1e3b97a18dbc40cb6,1a0a415178d20754418987e312681f3fb0b40257,0.6128400564193726
5331,a65e6a974212ed28133c2fe1e3b97a18dbc40cb6,1c2381e357c6829c551baee403650e6022ae6c40,0.6026649475097656
5332,a65e6a974212ed28133c2fe1e3b97a18dbc40cb6,016d34269a505a74d1f481314b30c13049d993bb,0.3977682888507843
5333,a65e6a974212ed28133c2fe1e3b97a18dbc40cb6,a7e2814ec5db800d2f8c4313fd436e9cf8273821,0.3433857560157776
5334,a65e6a974212ed28133c2fe1e3b97a18dbc40cb6,0104063400e6d69294edc95fb14c7e8fac347f6a,0.39579179883003235
5335,a65e6a974212ed28133c2fe1e3b97a18dbc40cb6,521d14b514ead0665029d664bce1720558e6e4af,0.32489198446273804
5336,a65e6a974212ed28133c2fe1e3b97a18dbc40cb6,2e3b981b9f3751fc5873f77ad2aa7789c3e1d1d2,0.25815361738204956
5337,a65e6a974212ed28133c2fe1e3b97a18dbc40cb6,c817c3a0acfc49f7eca0e9855b550e242aa0a6d5,0.2011641561985016
5338,a65e6a974212ed28133c2fe1e3b97a18dbc40cb6,0cc899fbc4e1e99cc59335b51afee580a7c245a1,0.18351973593235016
5339,a65e6a974212ed28133c2fe1e3b97a18dbc40cb6,967972821567b8a34dc058c9fbf60c4054dc3b69,0.4475153088569641
5340,a65e6a974212ed28133c2fe1e3b97a18dbc40cb6,5fc541e1431aea41261569af2f9473c8fbd0e5ec,0.15091189742088318
5341,a65e6a974212ed28133c2fe1e3b97a18dbc40cb6,18db25c1a47a17120785fb530bfc8f88727810a0,0.12390904128551483
5342,a65e6a974212ed28133c2fe1e3b97a18dbc40cb6,e4a0312a232d72b477154824fc3b864055aab899,0.10016249865293503
5343,a65e6a974212ed28133c2fe1e3b97a18dbc40cb6,af60cb36fa5e7d29244a827c1f859c65e84ea141,0.12727898359298706
5344,a65e6a974212ed28133c2fe1e3b97a18dbc40cb6,856fd80398c368d2620350b60580a543df8973ec,0.08947014808654785
5345,a65e6a974212ed28133c2fe1e3b97a18dbc40cb6,7ec432f17555c345988b16cf076bfabaabb0dabf,0.08288650959730148
5346,a65e6a974212ed28133c2fe1e3b97a18dbc40cb6,bc0cc6577d15bb8ba71ec7579c1f1cfc006c1603,0.012658566236495972
5347,a65e6a974212ed28133c2fe1e3b97a18dbc40cb6,fec484652cd844bc7f077d9c0d968be818fb19bb,0.028395958244800568
5348,a65e6a974212ed28133c2fe1e3b97a18dbc40cb6,6f5b6b6e94dca127afe5c6effa62a4c6771640d8,-0.00389302521944046
5349,a65e6a974212ed28133c2fe1e3b97a18dbc40cb6,42eaf468b9b50768bf61166f39d06f05b53d6902,0.04310492426156998
5350,a65e6a974212ed28133c2fe1e3b97a18dbc40cb6,ff8a9bac9d6f68e149515bd67a9582ebda51afd7,0.03110162913799286
5351,a65e6a974212ed28133c2fe1e3b97a18dbc40cb6,9ec3c91b255cdd4e47102f40da4d73c8bf23d6f6,-0.00829663872718811
5352,a65e6a974212ed28133c2fe1e3b97a18dbc40cb6,6f90c913e1e5a162371862a6c5e20f8e7de5e9c7,0.02758827432990074
5353,a65e6a974212ed28133c2fe1e3b97a18dbc40cb6,20ffcde31cb03e92f85d3509d2b979706685055f,-0.025047600269317627
5354,a65e6a974212ed28133c2fe1e3b97a18dbc40cb6,6cf05f8ac54cb5f942833839ade392db22e46a3f,-0.03533458709716797
5355,a65e6a974212ed28133c2fe1e3b97a18dbc40cb6,9be1df07e4ffcec086af9fa6ff6177708bba6bb1,-0.025366730988025665
5356,a65e6a974212ed28133c2fe1e3b97a18dbc40cb6,b13d04c9eb5940f443f0c64e88f2bbb573a5fa06,-0.03199702501296997
5357,a65e6a974212ed28133c2fe1e3b97a18dbc40cb6,ffd2667a88b3de52ed04583566831d54c08cc227,-0.034951403737068176
5358,a65e6a974212ed28133c2fe1e3b97a18dbc40cb6,96818e0c101c0edf7ad3a855ca806e381262252c,-0.07313400506973267
5359,a65e6a974212ed28133c2fe1e3b97a18dbc40cb6,1a25c7f8fadb01debaf574ba366c275d1a94dd73,-0.10243407636880875
5360,4715401473dca02ebaa5bdd4d4003705ed91c380,5e86853f533c88a1996455d955a2e20ac47b3878,0.63700932264328
5361,4715401473dca02ebaa5bdd4d4003705ed91c380,14829636fee5a1cf8dee9737849a8e2bdaf9a91f,0.6205736398696899
5362,4715401473dca02ebaa5bdd4d4003705ed91c380,35fe18606529d82ce3fc90961dd6813c92713b3c,0.5632331371307373
5363,4715401473dca02ebaa5bdd4d4003705ed91c380,5fb1285e05bbd78d0094fe8061c644ea09d9da8d,0.5785881280899048
5364,4715401473dca02ebaa5bdd4d4003705ed91c380,3d16ed355757fc13b7c6d7d6d04e6e9c5c9c0b78,0.6031416654586792
5365,4715401473dca02ebaa5bdd4d4003705ed91c380,11b111cbe79e5733fea28e4b9ff99fe7b4a4585c,0.08219383656978607
5366,4715401473dca02ebaa5bdd4d4003705ed91c380,d9d8aafe6856025f2c2b7c70f5e640e03b6bcd46,0.21846173703670502
5367,4715401473dca02ebaa5bdd4d4003705ed91c380,0dbed89ea3296f351eb986cc02678c7a33d50945,0.20165158808231354
5368,4715401473dca02ebaa5bdd4d4003705ed91c380,399bc455dcbaf9eb0b4144d0bc721ac4bb7c8d59,0.15757277607917786
5369,4715401473dca02ebaa5bdd4d4003705ed91c380,d2920567fb66bc69d92ab2208f6455e37ce6138b,0.1295074075460434
5370,4715401473dca02ebaa5bdd4d4003705ed91c380,d19f938c790f0ffd8fa7fccc9fd7c40758a29f94,0.009743434377014637
5371,4715401473dca02ebaa5bdd4d4003705ed91c380,47f0455d65a0823c70ce7cce9749f3abd826e0a7,0.11220327764749527
5372,4715401473dca02ebaa5bdd4d4003705ed91c380,0341cd2fb49a56697edaf03b05734f44d0e41f89,0.062336962670087814
5373,4715401473dca02ebaa5bdd4d4003705ed91c380,1eff385c88fd1fdd1c03fd3fb573de2530b73f99,0.04445144906640053
5374,4715401473dca02ebaa5bdd4d4003705ed91c380,b1b5646683557b38468344dff09ae921a5a4b345,0.0533762127161026
5375,4715401473dca02ebaa5bdd4d4003705ed91c380,2433254a9df37729159daa5eeec56123e122518e,0.010790284723043442
5376,4715401473dca02ebaa5bdd4d4003705ed91c380,6a2311d02aea97f7fe4e78c8bd2a53091364dc3b,0.01243799552321434
5377,4715401473dca02ebaa5bdd4d4003705ed91c380,7a5ae36df3f08df85dfaa21fead748f830d5e4fa,-0.01872926391661167
5378,4715401473dca02ebaa5bdd4d4003705ed91c380,b0f16acfa4efce9c24100ec330b82fb8a28feeec,-0.009316285140812397
5379,4715401473dca02ebaa5bdd4d4003705ed91c380,239222aead65a66be698036d04e4af6eaa24b77b,-0.05224519222974777
5380,4715401473dca02ebaa5bdd4d4003705ed91c380,2bf8acb0bd8b0fde644b91c5dd4bef2e8119e61e,-0.05344586446881294
5381,4715401473dca02ebaa5bdd4d4003705ed91c380,c28bcaab43e57b9b03f09fd2237669634da8a741,-0.05937650054693222
5382,4715401473dca02ebaa5bdd4d4003705ed91c380,2b695f4060e78f9977a3da1c01a07a05a3f94b28,-0.07155650854110718
5383,4715401473dca02ebaa5bdd4d4003705ed91c380,e3ab7a95af2c0efc92f146f8667ff95e46da84f1,-0.057687800377607346
5384,4715401473dca02ebaa5bdd4d4003705ed91c380,3ec40e4f549c49b048cd29aeb0223e709abc5565,-0.08078531175851822
5385,4715401473dca02ebaa5bdd4d4003705ed91c380,b4cbe50b8988e7c9c1a7b982bfb6c708bb3ce3e8,-0.10536171495914459
5386,4715401473dca02ebaa5bdd4d4003705ed91c380,5e90e57fccafbc78ecbac1a78c546b7db9a468ce,-0.08329933881759644
5387,4715401473dca02ebaa5bdd4d4003705ed91c380,991891e3aa226766dcb4ad7221045599f8607685,-0.1267513781785965
5388,4715401473dca02ebaa5bdd4d4003705ed91c380,97aef787d63aef75e6f8055cdac3771f8649f21a,-0.11276435852050781
5389,4715401473dca02ebaa5bdd4d4003705ed91c380,cd5b7d8fb4f8dc3872e773ec24460c9020da91ed,-0.14219072461128235
5390,eafe7346c8fbfd1454a0eac55d2b442f564332ac,fbee79fe48239dbe004431e1cb6943e53957a1f1,0.7365559935569763
5391,eafe7346c8fbfd1454a0eac55d2b442f564332ac,6e8c09f6157371685039c922cc399f37243f0409,0.6815426349639893
5392,eafe7346c8fbfd1454a0eac55d2b442f564332ac,7a641aa209ab3cd2fe7c8b268a39c9a56850d956,0.6197588443756104
5393,eafe7346c8fbfd1454a0eac55d2b442f564332ac,4b4ce1d77ffa509ba5849012cdf40286ac9a5eeb,0.6088207960128784
5394,eafe7346c8fbfd1454a0eac55d2b442f564332ac,a4e14abdd4b7ebe669cdb9f2354b9ef7b0ba83f6,0.6066362857818604
5395,eafe7346c8fbfd1454a0eac55d2b442f564332ac,5034e8b6965dc201f5fca6b9d119005ed10b5352,0.3624933660030365
5396,eafe7346c8fbfd1454a0eac55d2b442f564332ac,8473a97a461625781d0a4747a840196b9a972f33,-0.01719842106103897
5397,eafe7346c8fbfd1454a0eac55d2b442f564332ac,a46105d8e36ee3f9c2fc003e29758894170966b5,-0.023455653339624405
5398,eafe7346c8fbfd1454a0eac55d2b442f564332ac,c422f4d5574f17fdfa32d08d652bf8827216f921,-0.003886280581355095
5399,eafe7346c8fbfd1454a0eac55d2b442f564332ac,eaee9b67377de9985b46d013f77cc37b4b811014,0.010942893102765083
5400,eafe7346c8fbfd1454a0eac55d2b442f564332ac,d771ce5fefb6e853ab176a09204556ae663e682f,0.01855502650141716
5401,eafe7346c8fbfd1454a0eac55d2b442f564332ac,bb0f9676e1c04d2c85edae092564dd04ab0f6dd0,-0.04054050147533417
5402,eafe7346c8fbfd1454a0eac55d2b442f564332ac,ca73bd452855b1b90cecd84e54d703186911e168,-0.04781847447156906
5403,eafe7346c8fbfd1454a0eac55d2b442f564332ac,6ac7f1674286da8473f5c4e2e85b64a68427eaab,-0.03763426095247269
5404,eafe7346c8fbfd1454a0eac55d2b442f564332ac,7fc50128bc9ab46f1f62c203c5fc5d566c680964,-0.05312584340572357
5405,eafe7346c8fbfd1454a0eac55d2b442f564332ac,6ae8e0ea13abfaaeed3fb4c720716e0e89667094,-0.03468633070588112
5406,eafe7346c8fbfd1454a0eac55d2b442f564332ac,8879309ca4222235246039a0e77983b313894ef3,-0.07693329453468323
5407,eafe7346c8fbfd1454a0eac55d2b442f564332ac,eeaf71f0da6fc681de155b5087276665b9a9225e,-0.05521643906831741
5408,eafe7346c8fbfd1454a0eac55d2b442f564332ac,10dd5ac23ec470379da5bf27e0f6ece71b65af8b,-0.05200156569480896
5409,eafe7346c8fbfd1454a0eac55d2b442f564332ac,41c74d11a72f7410aa1d95708a9d710f317522a2,-0.06850854307413101
5410,eafe7346c8fbfd1454a0eac55d2b442f564332ac,1bfe2afcdb8c71f664fb03fb16c3feff661586a6,-0.08199332654476166
5411,eafe7346c8fbfd1454a0eac55d2b442f564332ac,19bf79bb48b27c3334bf6f18c237c2a5f7009b57,-0.07519164681434631
5412,eafe7346c8fbfd1454a0eac55d2b442f564332ac,8774e74ac5d7a93ccecb99f32c81117d27500e5a,-0.08139783889055252
5413,eafe7346c8fbfd1454a0eac55d2b442f564332ac,2e81f32376dac2d8fccd5b9fbbff02e6b408c313,-0.09654872119426727
5414,eafe7346c8fbfd1454a0eac55d2b442f564332ac,9055ab8dfa071f351fbe302938358601769607cd,-0.11451280117034912
5415,eafe7346c8fbfd1454a0eac55d2b442f564332ac,1f9b31e0fc44e9cfce34b43ff681aea42e4c0d96,-0.11537408083677292
5416,eafe7346c8fbfd1454a0eac55d2b442f564332ac,4b0a5d72121400da4979830d632bca7e77361a19,-0.10758956521749496
5417,eafe7346c8fbfd1454a0eac55d2b442f564332ac,f24d3d69ea8c5e18d3fdb70290d52b71378bce5c,-0.1204276978969574
5418,eafe7346c8fbfd1454a0eac55d2b442f564332ac,8c1fd0a75938a2680458f155e60b5bb71be05f84,-0.1247023195028305
5419,eafe7346c8fbfd1454a0eac55d2b442f564332ac,bf9ca74b5b82e9679383e0d1e9e4ae9b14b68b99,-0.13865987956523895
5420,498aad3cb4d2b8e8ff1e68a40be7dec27e8139f4,0dc46bb1828cce90d3fbf240e4ed3a2249a5b79c,0.6873675584793091
5421,498aad3cb4d2b8e8ff1e68a40be7dec27e8139f4,2555b5ff7c8b3dc16541ff76b9b073bea9f11d29,0.6846628189086914
5422,498aad3cb4d2b8e8ff1e68a40be7dec27e8139f4,5f379793c8605eebd07da213aebd6ed8f14c438a,0.6601131558418274
5423,498aad3cb4d2b8e8ff1e68a40be7dec27e8139f4,faf4d5076c513c18c3d502f29e1cc811184f3ebb,0.6821011900901794
5424,498aad3cb4d2b8e8ff1e68a40be7dec27e8139f4,176cc8ef67871579ca4206d0a59f736fe147b80c,0.6838514804840088
5425,498aad3cb4d2b8e8ff1e68a40be7dec27e8139f4,1aa9c2a204196952580ec661bae2a8aa17cee6d3,0.07653512060642242
5426,498aad3cb4d2b8e8ff1e68a40be7dec27e8139f4,c28db43fe2bd60c14824c4dc48b7363643a99eee,0.09736023843288422
5427,498aad3cb4d2b8e8ff1e68a40be7dec27e8139f4,74a1a96742a869d8dc777a9a47a2de6d4ff97554,0.10759516060352325
5428,498aad3cb4d2b8e8ff1e68a40be7dec27e8139f4,cc6cdc2dfda4c23e7fb60eae63e96eda44630161,0.03627728298306465
5429,498aad3cb4d2b8e8ff1e68a40be7dec27e8139f4,42d2a8508953dad947aa39ca348fabda02bc944e,0.019587703049182892
5430,498aad3cb4d2b8e8ff1e68a40be7dec27e8139f4,4d0c1c5005d0dd48374ce5ff78a4eb30ea22d58d,0.016317684203386307
5431,498aad3cb4d2b8e8ff1e68a40be7dec27e8139f4,11f1f4af26e9b8a033e06c9fb00e5fb8794156e2,0.0031470078974962234
5432,498aad3cb4d2b8e8ff1e68a40be7dec27e8139f4,5cb332dbb797cadd573ebc5f6d2149786e09cc47,0.004160129930824041
5433,498aad3cb4d2b8e8ff1e68a40be7dec27e8139f4,df682aa90fbbbf665a8b273a57ca87d6cea9ff99,-0.019615214318037033
5434,498aad3cb4d2b8e8ff1e68a40be7dec27e8139f4,8e87d95d6eb52f5245251fc30a4283f143074fbf,0.019961249083280563
5435,498aad3cb4d2b8e8ff1e68a40be7dec27e8139f4,bb829ff159aef1861ee7e9ce1531ef31aa6b4674,-0.01719503477215767
5436,498aad3cb4d2b8e8ff1e68a40be7dec27e8139f4,6e7f16af764e42f8386705bbc955fd65ae2a5f71,0.02104950323700905
5437,498aad3cb4d2b8e8ff1e68a40be7dec27e8139f4,51cb48aa9022983a1b4f7fcfe994f224dda8b8a5,0.010333165526390076
5438,498aad3cb4d2b8e8ff1e68a40be7dec27e8139f4,624527d8b92bc6d423784113ded0b9fd639add00,-0.0390387587249279
5439,498aad3cb4d2b8e8ff1e68a40be7dec27e8139f4,fc67c8e8894e58f6211a33d4dbdf13371d09c33e,-0.005785269662737846
5440,498aad3cb4d2b8e8ff1e68a40be7dec27e8139f4,29982474bf1c57e4c84b0b0850dd89675fcb9162,-0.09413418918848038
5441,498aad3cb4d2b8e8ff1e68a40be7dec27e8139f4,bcffdf8f1b8214f249cfe7b2d68f433546ac3d51,-0.05700070038437843
5442,498aad3cb4d2b8e8ff1e68a40be7dec27e8139f4,73d3006f7e41ea084b464f868091564432c46e28,-0.08547794818878174
5443,498aad3cb4d2b8e8ff1e68a40be7dec27e8139f4,958340c7ccd205ed7670693fa9519f9c140e372d,-0.0747164636850357
5444,498aad3cb4d2b8e8ff1e68a40be7dec27e8139f4,813ea9404d3483c7b3172c5579946f7cd8cf38ab,-0.13312436640262604
5445,498aad3cb4d2b8e8ff1e68a40be7dec27e8139f4,f09009dd03600485517c373b55eeea34fe83b72c,-0.0770258754491806
5446,498aad3cb4d2b8e8ff1e68a40be7dec27e8139f4,01a59bbc0be0635fb9aa2d23f71cd4cc06175685,-0.08098267018795013
5447,498aad3cb4d2b8e8ff1e68a40be7dec27e8139f4,392fdd9c8944b27ff1f89ae53ab658989452de38,-0.09822562336921692
5448,498aad3cb4d2b8e8ff1e68a40be7dec27e8139f4,47225c992d7086cf5d113942212edb4a57401130,-0.10640603303909302
5449,498aad3cb4d2b8e8ff1e68a40be7dec27e8139f4,5ba6dcdbf846abb56bf9c8a060d98875ae70dbc8,-0.1156596839427948
5450,349fd2000d792b53471cfd98decfd2cb5df5ac7d,517a461a8839733e34c9025154de3d6275543642,0.6672106981277466
5451,349fd2000d792b53471cfd98decfd2cb5df5ac7d,1e56ed3d2c855f848ffd91baa90f661772a279e1,0.603638768196106
5452,349fd2000d792b53471cfd98decfd2cb5df5ac7d,2b85fb16bc42709dbd9defffee20935282f04d65,0.5333161354064941
5453,349fd2000d792b53471cfd98decfd2cb5df5ac7d,24986435c73066aaea0b21066db4539270106bee,0.5478721261024475
5454,349fd2000d792b53471cfd98decfd2cb5df5ac7d,10205ce087b9190ac18ade8be02a660d92a6ea52,0.510093629360199
5455,349fd2000d792b53471cfd98decfd2cb5df5ac7d,ba81b31598b85259b20399e485a1ab156db5511f,0.2861250936985016
5456,349fd2000d792b53471cfd98decfd2cb5df5ac7d,40f2479545c8e3f44a09b3cc7bb2bcf60f0a37d1,0.20175081491470337
5457,349fd2000d792b53471cfd98decfd2cb5df5ac7d,4e4311a5fd99b17bed31b7006a572d29a58cdcf3,0.20728108286857605
5458,349fd2000d792b53471cfd98decfd2cb5df5ac7d,41862f33a6960dc36e495c98a127b26830bad1ed,0.18790817260742188
5459,349fd2000d792b53471cfd98decfd2cb5df5ac7d,c5f29fd458bbed6f9941787b611cc84f04f6ace7,0.14578773081302643
5460,349fd2000d792b53471cfd98decfd2cb5df5ac7d,7ced0987c410c60c030acf02f62e544fb8155800,0.1798807680606842
5461,349fd2000d792b53471cfd98decfd2cb5df5ac7d,36e70ee51cb7b7ec12faac934ae6b6a4d9da15a8,0.2070169597864151
5462,349fd2000d792b53471cfd98decfd2cb5df5ac7d,2d6177244636f892c1620e3e5c2870c5e3902b55,0.10274077951908112
5463,349fd2000d792b53471cfd98decfd2cb5df5ac7d,6fdd6ed847b8591979dd273bd2be85198140f9e3,0.12446748465299606
5464,349fd2000d792b53471cfd98decfd2cb5df5ac7d,2f80c49ba75a0e4dd854ebbcad2f84a4044efbfb,0.07178766280412674
5465,349fd2000d792b53471cfd98decfd2cb5df5ac7d,1c9da6cef6b1be9c116b26dd52c341c0adcf7db2,0.05919526517391205
5466,349fd2000d792b53471cfd98decfd2cb5df5ac7d,ae18f67c10a5d4da91f128ec7a6cf7c784122cd5,0.0592816025018692
5467,349fd2000d792b53471cfd98decfd2cb5df5ac7d,1fe93f4143d17dc3f9057f965a058c6b5d942e05,0.02788728103041649
5468,349fd2000d792b53471cfd98decfd2cb5df5ac7d,3cd0b8a9d322acd3c928e9f208d59e9b22f8f3a0,0.04406698793172836
5469,349fd2000d792b53471cfd98decfd2cb5df5ac7d,c592a4184204f9d65670f4b7bb9aab34cb983492,0.004418710246682167
5470,349fd2000d792b53471cfd98decfd2cb5df5ac7d,9758f1cd6850c4131af304ec8ae57c8f148da8b3,0.04572025686502457
5471,349fd2000d792b53471cfd98decfd2cb5df5ac7d,4ba9a40e2bfccbbff61e7937b02480784b627079,0.010421723127365112
5472,349fd2000d792b53471cfd98decfd2cb5df5ac7d,96e1b777e307086426a993081619b89e700f7f93,0.006397496908903122
5473,349fd2000d792b53471cfd98decfd2cb5df5ac7d,d37a34c204a8beefcaef4dddddb7a90c16e973d4,0.008085360750555992
5474,349fd2000d792b53471cfd98decfd2cb5df5ac7d,fa95c592b091e23c5e01b067381916b15c2afc69,-0.03152001276612282
5475,349fd2000d792b53471cfd98decfd2cb5df5ac7d,d54a9e8b0112cf464a3552ebc2d9b8c33053e0de,-0.010793205350637436
5476,349fd2000d792b53471cfd98decfd2cb5df5ac7d,2e827db520b6d2d781aaa9ec744ccdd7a557c641,-0.03739728778600693
5477,349fd2000d792b53471cfd98decfd2cb5df5ac7d,ffc17dba701eeb4ce5cdbb286403d8f1d5b33e12,-0.08115986734628677
5478,349fd2000d792b53471cfd98decfd2cb5df5ac7d,5694cb74177dab60abdf95010256e1e21377a97e,-0.11355746537446976
5479,349fd2000d792b53471cfd98decfd2cb5df5ac7d,0ae476484e5311e2ec2bedac533977bed941d7ae,-0.1477619707584381
5480,7dcb308b9292a8bc87d6f7793d2ca5e0e19dfa40,4b53f660eb6cfe9180f9e609ad94df8606724a3d,0.5886455774307251
5481,7dcb308b9292a8bc87d6f7793d2ca5e0e19dfa40,033b62167e7358c429738092109311af696e9137,0.5315359234809875
5482,7dcb308b9292a8bc87d6f7793d2ca5e0e19dfa40,110599f48c30251aba60f68b8484a7b0307bcb87,0.496598482131958
5483,7dcb308b9292a8bc87d6f7793d2ca5e0e19dfa40,e645cbd3aaeab56858f1e752677b8792d7377d14,0.4491860270500183
5484,7dcb308b9292a8bc87d6f7793d2ca5e0e19dfa40,105a0b3826710356e218685f87b20fe39c64c706,0.4372810423374176
5485,7dcb308b9292a8bc87d6f7793d2ca5e0e19dfa40,2b337d6a72c8c2b1d97097dc24ec0e9a8d4c2186,0.31703463196754456
5486,7dcb308b9292a8bc87d6f7793d2ca5e0e19dfa40,0651f838d918586ec1df66450c3d324602c9f59e,0.19911399483680725
5487,7dcb308b9292a8bc87d6f7793d2ca5e0e19dfa40,24bbff699187ad6bf37e447627de1ca25267a770,0.26555895805358887
5488,7dcb308b9292a8bc87d6f7793d2ca5e0e19dfa40,954d0346b5cdf3f1ec0fcc74ae5aadc5b733adc0,0.21404044330120087
5489,7dcb308b9292a8bc87d6f7793d2ca5e0e19dfa40,7f90ef42f22d4f9b86d33b0ad7f16261273c8612,0.23787224292755127
5490,7dcb308b9292a8bc87d6f7793d2ca5e0e19dfa40,483b94374944293d2a6d36cc1c97f0544ce3c79c,0.2299053817987442
5491,7dcb308b9292a8bc87d6f7793d2ca5e0e19dfa40,ce148df015fc488ac6fc022dac3da53c141e0ea8,0.09641025960445404
5492,7dcb308b9292a8bc87d6f7793d2ca5e0e19dfa40,b09b43cacd45fd922f7f85b1f8514cb4a775ca5d,0.06721532344818115
5493,7dcb308b9292a8bc87d6f7793d2ca5e0e19dfa40,ccbcaf528a222d04f40fd03b3cb89d5f78acbdc6,0.11806945502758026
5494,7dcb308b9292a8bc87d6f7793d2ca5e0e19dfa40,abd0478f1572d8ecdca4738df3e4b3bd116d7b42,0.13491010665893555
5495,7dcb308b9292a8bc87d6f7793d2ca5e0e19dfa40,40f5430ef326838d5b7ce018f62e51c188d7cdd7,0.09352749586105347
5496,7dcb308b9292a8bc87d6f7793d2ca5e0e19dfa40,522a7178e501018e442c03f4b93e29f62ae1eb64,0.062484655529260635
5497,7dcb308b9292a8bc87d6f7793d2ca5e0e19dfa40,c108437a57bd8f8eaed9e26360ee100074e3f3fc,0.02991054207086563
5498,7dcb308b9292a8bc87d6f7793d2ca5e0e19dfa40,9ea16bc34448ca9d713f4501f1a6215a26746372,0.04083958640694618
5499,7dcb308b9292a8bc87d6f7793d2ca5e0e19dfa40,892fea843d58852a835f38087bc3b5102123f567,0.03389745205640793
5500,7dcb308b9292a8bc87d6f7793d2ca5e0e19dfa40,38d34b02820020aac7f060e84bb6c01b4dee665a,-0.011132651939988136
5501,7dcb308b9292a8bc87d6f7793d2ca5e0e19dfa40,9d1940f843c448cc378214ff6bad3c1279b1911a,-0.022107403725385666
5502,7dcb308b9292a8bc87d6f7793d2ca5e0e19dfa40,a64f48f9810c4788236f31dc2a9b87dd02977c3e,0.018961112946271896
5503,7dcb308b9292a8bc87d6f7793d2ca5e0e19dfa40,4c9774c5e57a4b7535eb19f6584f75c8b9c2cdcc,-0.02047131583094597
5504,7dcb308b9292a8bc87d6f7793d2ca5e0e19dfa40,1d53a898850b8d055db80ba99c59c89b080dfc4c,-0.04873234033584595
5505,7dcb308b9292a8bc87d6f7793d2ca5e0e19dfa40,30f46fdfe1fdab60bdecaa27aaa94526dfd87ac1,-0.011128286831080914
5506,7dcb308b9292a8bc87d6f7793d2ca5e0e19dfa40,746cafc676374114198c414d6426ec2f50e0ff80,-0.04278872162103653
5507,7dcb308b9292a8bc87d6f7793d2ca5e0e19dfa40,76eea8436996c7e9c8f7ad3dac34a12865edab24,-0.03412102907896042
5508,7dcb308b9292a8bc87d6f7793d2ca5e0e19dfa40,54c377407242e74e7c08e4a49e61837fd9ce2b25,-0.09186472743749619
5509,7dcb308b9292a8bc87d6f7793d2ca5e0e19dfa40,4d0130e95925b00a2d1ecba931a1a05a74370f3f,-0.05594060570001602
5510,3f64d4fab50db41c0145759b7410fb4c8b977452,df7c11bf2eaec672904440901efaeba2ef601fef,0.5809237957000732
5511,3f64d4fab50db41c0145759b7410fb4c8b977452,3ab1c861c4be472a9b672214f472e37ad82931bb,0.5863785743713379
5512,3f64d4fab50db41c0145759b7410fb4c8b977452,2d7622afe72922de5c430014965cfddf33692885,0.4293910562992096
5513,3f64d4fab50db41c0145759b7410fb4c8b977452,29dbe7b48f5467370cdf2c017e281a6d7bcae77d,0.24031199514865875
5514,3f64d4fab50db41c0145759b7410fb4c8b977452,7752e0835506a6629c1b06e67f2afb1e5d2bb714,0.19945678114891052
5515,3f64d4fab50db41c0145759b7410fb4c8b977452,7d2edb30786562e0d0f2f1857c02fcd38983b622,0.09062565863132477
5516,3f64d4fab50db41c0145759b7410fb4c8b977452,ab4e3d9ec9bdb389a6077985d328456fc9e699a2,0.11064010858535767
5517,3f64d4fab50db41c0145759b7410fb4c8b977452,462881e12a6708ddc520fa4d58c99ba73b18a6ab,0.09798518568277359
5518,3f64d4fab50db41c0145759b7410fb4c8b977452,8ffd906129ad079e1df379a0be17d3f9f0d80b9c,0.09341273456811905
5519,3f64d4fab50db41c0145759b7410fb4c8b977452,7721cd34379cfebfce7925e38f4832364f404eda,0.11124267429113388
5520,3f64d4fab50db41c0145759b7410fb4c8b977452,11821fd15b7cb58a8fb3e411f140b30683c35c6e,0.12846067547798157
5521,3f64d4fab50db41c0145759b7410fb4c8b977452,f05af9088a50918154628b54e5467ca5b365670d,0.0239720419049263
5522,3f64d4fab50db41c0145759b7410fb4c8b977452,23a317ae53e70094e849f836f9ec21e025903073,0.06579267978668213
5523,3f64d4fab50db41c0145759b7410fb4c8b977452,5054139b40eb3036b7c04ef7dbc401782527dcfb,0.07830140739679337
5524,3f64d4fab50db41c0145759b7410fb4c8b977452,334d6c71b6bce8dfbd376c4203004bd4464c2099,0.06174013763666153
5525,3f64d4fab50db41c0145759b7410fb4c8b977452,b51e6bf2f9dc38f76c55ea2caa185b11833901ee,0.03315454348921776
5526,3f64d4fab50db41c0145759b7410fb4c8b977452,6db97354117e760edb8fb073911a30ca471c5690,0.034456025809049606
5527,3f64d4fab50db41c0145759b7410fb4c8b977452,2c56368255ca6a86ef0a26466b9d0a2425f55e9d,0.14833012223243713
5528,3f64d4fab50db41c0145759b7410fb4c8b977452,89781726d303b54b908029cded8229ee7a42770c,0.02770179510116577
5529,3f64d4fab50db41c0145759b7410fb4c8b977452,87d2c54d5059be201f1701f2b8bc8b4dc2038ba6,0.017896005883812904
5530,3f64d4fab50db41c0145759b7410fb4c8b977452,ce3c1b0e4868d03879aefb6e2198767c4e3e7943,0.012443281710147858
5531,3f64d4fab50db41c0145759b7410fb4c8b977452,90c365effd3b2f3a31082d32cba45ef10f1c515c,-0.022585272789001465
5532,3f64d4fab50db41c0145759b7410fb4c8b977452,329cf7a6528f339560ff9fb617f140b1a54a067e,0.004186281003057957
5533,3f64d4fab50db41c0145759b7410fb4c8b977452,e14fc267137038a1877d4b48e7d17bf9b59087a8,-0.01955360546708107
5534,3f64d4fab50db41c0145759b7410fb4c8b977452,c88e9238b8e564b6554667130996a7c6fa8b2564,-0.06110195815563202
5535,3f64d4fab50db41c0145759b7410fb4c8b977452,7a4cb5714ccd5212f6c9de9829cb17b77fd5fa99,-0.03427872806787491
5536,3f64d4fab50db41c0145759b7410fb4c8b977452,e50d15d7d5a7435d709757fa29da1a752e977d3c,-0.09188887476921082
5537,3f64d4fab50db41c0145759b7410fb4c8b977452,c795c035d563231782711f931e264e629c52de44,-0.06962180137634277
5538,3f64d4fab50db41c0145759b7410fb4c8b977452,c7d0dc4a94b027b0242cd7cf82c9779dc0dd8b33,-0.11575708538293839
5539,3f64d4fab50db41c0145759b7410fb4c8b977452,baca9a36855ee7e5d80a860072be24a865ec8bf1,-0.1462177038192749
5540,f2d5039b55d626ef5466a80e950bddd5cc1819d4,2532d0567c8334e4cadf282a73ffe399c1c32476,0.775461733341217
5541,f2d5039b55d626ef5466a80e950bddd5cc1819d4,117a50fbdfd473e43e550c6103733e6cb4aecb4c,0.6090260744094849
5542,f2d5039b55d626ef5466a80e950bddd5cc1819d4,11b6bdfe36c48b11367b27187da11d95892f0361,0.6770334243774414
5543,f2d5039b55d626ef5466a80e950bddd5cc1819d4,77024583e21d0cb7591900795f43f1a42dd6acf8,0.5731522440910339
5544,f2d5039b55d626ef5466a80e950bddd5cc1819d4,6f20506ce955b7f82f587a14301213c08e79463b,0.8994998335838318
5545,f2d5039b55d626ef5466a80e950bddd5cc1819d4,1ad4d974e4732a9e0a3c857eb182275fb296e62d,0.34506481885910034
5546,f2d5039b55d626ef5466a80e950bddd5cc1819d4,55065876334df2698da179898d2f1be7501beca1,0.24612709879875183
5547,f2d5039b55d626ef5466a80e950bddd5cc1819d4,9d5f36b92ac155fccdae6730660ab44d46ad501a,0.22190549969673157
5548,f2d5039b55d626ef5466a80e950bddd5cc1819d4,4560491820e0ee49736aea9b81d57c3939a69e12,0.17820078134536743
5549,f2d5039b55d626ef5466a80e950bddd5cc1819d4,3a4643a0c11a866e6902baa43e3bee9e3a68a3c6,0.20920675992965698
5550,f2d5039b55d626ef5466a80e950bddd5cc1819d4,0d9ec57e9bfd360c5fa7cee2c2ef149f735b649d,0.17929388582706451
5551,f2d5039b55d626ef5466a80e950bddd5cc1819d4,65541ef6e41cd870eb2d8601c401ac03ac62aacb,0.14881180226802826
5552,f2d5039b55d626ef5466a80e950bddd5cc1819d4,bda5d3785886f9ad9e966fa060aaaaf470436d44,0.13466215133666992
5553,f2d5039b55d626ef5466a80e950bddd5cc1819d4,1471511609f7185544703f0e22777a64c6681f38,0.1239820346236229
5554,f2d5039b55d626ef5466a80e950bddd5cc1819d4,1c56a787cbf99f55b407bb1992d60fdfaf4a69b7,0.09497067332267761
5555,f2d5039b55d626ef5466a80e950bddd5cc1819d4,f8ca1142602ce7b85b24f34c4de7bb2467d2c952,0.06846388429403305
5556,f2d5039b55d626ef5466a80e950bddd5cc1819d4,e1b9ffd685908be70165ce89b83f541ceaf71895,0.05481356382369995
5557,f2d5039b55d626ef5466a80e950bddd5cc1819d4,8281e847faa0afa1fa28a438f214ca94fddcbe7b,0.08166183531284332
5558,f2d5039b55d626ef5466a80e950bddd5cc1819d4,26108bc64c03282bd5ee230afe25306c91cc5cd6,0.04227897524833679
5559,f2d5039b55d626ef5466a80e950bddd5cc1819d4,91908a5b9e3df25a31112818485bd8a4b988cec3,0.020620647817850113
5560,f2d5039b55d626ef5466a80e950bddd5cc1819d4,55eab388ca816eff2c9d4488ef5024840e444854,0.07345445454120636
5561,f2d5039b55d626ef5466a80e950bddd5cc1819d4,b6bb01c270536933cb0778e7d14df32e207b979e,0.036848921328783035
5562,f2d5039b55d626ef5466a80e950bddd5cc1819d4,372d6dcd30f63a1268067f7db6de50c5a49bcf3c,0.05577247217297554
5563,f2d5039b55d626ef5466a80e950bddd5cc1819d4,c467ae4d7209bb6bc06f2d7e8f923e1ebf39213d,0.008049535565078259
5564,f2d5039b55d626ef5466a80e950bddd5cc1819d4,d14ddc01cff72066c6655aa39f3e207e34fb8591,0.0393068753182888
5565,f2d5039b55d626ef5466a80e950bddd5cc1819d4,e8813fa43d641f70ede35477dd21599b9012cab7,-0.031309280544519424
5566,f2d5039b55d626ef5466a80e950bddd5cc1819d4,596bcab1b62bf26d5f172154302f28d705020a1d,-0.033803001046180725
5567,f2d5039b55d626ef5466a80e950bddd5cc1819d4,c78755a1aa972aa59c307ebc284f9e3cdea00784,-0.09331615269184113
5568,f2d5039b55d626ef5466a80e950bddd5cc1819d4,b3ec660a43361ea05b32b1d659210ece24361b6e,-0.11375316232442856
5569,f2d5039b55d626ef5466a80e950bddd5cc1819d4,0177450c77baa6c48c3f1d3180b6683fd67f23b2,-0.15820425748825073
5570,74bd4761b373447079c6e5cd31832c00fab2fa77,f919bc88b746d7a420b6364142e0ac13aa80de44,0.28715577721595764
5571,74bd4761b373447079c6e5cd31832c00fab2fa77,50341a2e4dec45165c75da37296ee7984b71e044,0.26647353172302246
5572,74bd4761b373447079c6e5cd31832c00fab2fa77,222e9d19121c8bb4cb90af0bcbe71599c94c454c,0.20535686612129211
5573,74bd4761b373447079c6e5cd31832c00fab2fa77,3e4004566f45ee28b3a1dd73ba67242d17985160,0.19129996001720428
5574,74bd4761b373447079c6e5cd31832c00fab2fa77,517d6e3999bd425069e45346045adcbd2d0c9299,0.17759767174720764
5575,74bd4761b373447079c6e5cd31832c00fab2fa77,a54eaafe60c3309169a976df7e204c5b066798c7,0.20138943195343018
5576,74bd4761b373447079c6e5cd31832c00fab2fa77,78abaa22d3fdc0181e44a23c4a93ec220840ecd1,0.1812605857849121
5577,74bd4761b373447079c6e5cd31832c00fab2fa77,2bdcc4dbf14e13d33740531ea8954463ca7e68a2,0.1723247617483139
5578,74bd4761b373447079c6e5cd31832c00fab2fa77,4b392162b7bda78308c205928911c42b7ce6a293,0.12395051121711731
5579,74bd4761b373447079c6e5cd31832c00fab2fa77,dbc6fa024c0169a87a33b97634d061a96492db6d,0.12925101816654205
5580,74bd4761b373447079c6e5cd31832c00fab2fa77,df8902f8acb0b30a230dfaa1ead91e27f123472c,0.06624995172023773
5581,74bd4761b373447079c6e5cd31832c00fab2fa77,5a935692eca51f426e8cd2ac548e8e866631278f,0.08253391087055206
5582,74bd4761b373447079c6e5cd31832c00fab2fa77,9a80c4089e2ef8066b4b3b63578543b5b706603e,0.01544063352048397
5583,74bd4761b373447079c6e5cd31832c00fab2fa77,a11f80ce00cac50998ff40fca4af58c58b9e545f,0.09332869946956635
5584,74bd4761b373447079c6e5cd31832c00fab2fa77,44c5433047692f26ae518e5c659eecfcf9325f49,0.03957168385386467
5585,74bd4761b373447079c6e5cd31832c00fab2fa77,1e62935d9288446abdaeb1fec84daa12a684b300,0.06177482753992081
5586,74bd4761b373447079c6e5cd31832c00fab2fa77,5648813f9ab3877b2a15b462663fdedd88d3c432,0.0571555495262146
5587,74bd4761b373447079c6e5cd31832c00fab2fa77,ac7dbcf7b1dba7eb04afc7cde3a07a30b113ba06,0.042302973568439484
5588,74bd4761b373447079c6e5cd31832c00fab2fa77,8dbad88d01e5f5d71e5748ee28247f12436a1797,0.07197798043489456
5589,74bd4761b373447079c6e5cd31832c00fab2fa77,eceedcee47d29c063ce0d36f8fca630b6d68f63f,0.03806839883327484
5590,74bd4761b373447079c6e5cd31832c00fab2fa77,756a8ce1bddd94cf166baadd17ff2b89834a23da,0.02988980896770954
5591,74bd4761b373447079c6e5cd31832c00fab2fa77,49cc527ee351f1a8e087806730936cabd5e6034b,0.016764698550105095
5592,74bd4761b373447079c6e5cd31832c00fab2fa77,800979161bffd5b8534bf7874f1eefec531ccda3,0.05046701058745384
5593,74bd4761b373447079c6e5cd31832c00fab2fa77,3f2f4e017ad87e57945324877134fe1d0aab1c9f,0.03691627457737923
5594,74bd4761b373447079c6e5cd31832c00fab2fa77,bb93e5d1cb062157b19764b78fbfd7911ecbac5a,0.008914665319025517
5595,74bd4761b373447079c6e5cd31832c00fab2fa77,7e1c856f1e8116076248b228d85989ecb860ca23,0.02117294818162918
5596,74bd4761b373447079c6e5cd31832c00fab2fa77,879f70a13aa7e461ec2425093f47475ac601a550,-0.09952548146247864
5597,74bd4761b373447079c6e5cd31832c00fab2fa77,cdf1153e70045098bbc2cb43e3759751f8de03af,-0.0645388513803482
5598,74bd4761b373447079c6e5cd31832c00fab2fa77,4dd7721248c5489e25f46f7ab78c7d0229a596d4,-0.06338629871606827
5599,74bd4761b373447079c6e5cd31832c00fab2fa77,54ee63cdeca5b7673beea700e2e46e1c95a504e9,-0.08928514271974564
5600,43da9037d50745002195abb864243ecc75d4b040,c8958d1d8e6a59127e6277626b18e7b7556f5d31,0.33868324756622314
5601,43da9037d50745002195abb864243ecc75d4b040,c6419ccf4340832b6a23217674ca1a051a3a1416,0.3563477396965027
5602,43da9037d50745002195abb864243ecc75d4b040,0f308ef439e65b6b7df4489df01e47a37e5fba7f,0.39795732498168945
5603,43da9037d50745002195abb864243ecc75d4b040,0757817bf5714bb91c3d4f30cf3144e0837e57e5,0.3478109836578369
5604,43da9037d50745002195abb864243ecc75d4b040,d044d399049bb9bc6df8cc2a5d72610a95611eed,0.36054763197898865
5605,43da9037d50745002195abb864243ecc75d4b040,0e1f0917797ca7db9bc1d042fa88a46b64e8f171,0.3486415147781372
5606,43da9037d50745002195abb864243ecc75d4b040,d5987b0ddbe11cff32e7c8591b2b829127849a31,0.2434873729944229
5607,43da9037d50745002195abb864243ecc75d4b040,f41e3c6d51a18e8365613fdb558dbaee5d859d75,0.22463269531726837
5608,43da9037d50745002195abb864243ecc75d4b040,5df5978d05ace5695ab5856d4a662b93805b9c00,0.20354023575782776
5609,43da9037d50745002195abb864243ecc75d4b040,a23bb18a5219541e8fbe50d0a1fbf7c2acfa7b5c,0.200193852186203
5610,43da9037d50745002195abb864243ecc75d4b040,acdacc042f29dea296c1a5e130ccea7b011d7ca4,0.15797030925750732
5611,43da9037d50745002195abb864243ecc75d4b040,95216a2abf179e26db309d08701f605124233e6d,0.08510824292898178
5612,43da9037d50745002195abb864243ecc75d4b040,4d5ed143295435c85300ecc3dfa05f462f03846c,0.03627145662903786
5613,43da9037d50745002195abb864243ecc75d4b040,f1e0a619b6ad652b65b49f362ac9413e89291ad7,0.08707360178232193
5614,43da9037d50745002195abb864243ecc75d4b040,b30751afa5b2d53bcfe1976782a0d7c43c968f64,0.10861677676439285
5615,43da9037d50745002195abb864243ecc75d4b040,641cb0722bb971117dce3ef53f8de0b1a63ef6f0,0.06732860952615738
5616,43da9037d50745002195abb864243ecc75d4b040,2dd8a75ea1baca4a390a6f5bb24afd95d7bb0e1c,0.020428789779543877
5617,43da9037d50745002195abb864243ecc75d4b040,2f2678e1b54593e54ad63e616729c6e6b4527184,0.055292919278144836
5618,43da9037d50745002195abb864243ecc75d4b040,dbc9313c7633c6555cf5b1d3998ab3f93326b512,0.060896456241607666
5619,43da9037d50745002195abb864243ecc75d4b040,d041316fe31b862110fa4745496f66ec793bf8e3,0.09101244807243347
5620,43da9037d50745002195abb864243ecc75d4b040,9628b0d57eddf932a347d35c247bc8e263e11e2b,0.04486357048153877
5621,43da9037d50745002195abb864243ecc75d4b040,cde617cc3f07faa62ed3812ee150c20559bb91cd,0.037580206990242004
5622,43da9037d50745002195abb864243ecc75d4b040,b0d4b6c5dac78ce88c76c63c41b58084f98b0485,0.04866097867488861
5623,43da9037d50745002195abb864243ecc75d4b040,be5fa72d0bca30184c8bef0361ee07aa5c7a011e,0.040705468505620956
5624,43da9037d50745002195abb864243ecc75d4b040,d1917d0118d1d4574b85fe7023646df5a8dc9512,0.029443401843309402
5625,43da9037d50745002195abb864243ecc75d4b040,32b7c6bf94dc64ca7e64cb2daa1fdad4058912ae,0.04484084993600845
5626,43da9037d50745002195abb864243ecc75d4b040,cc46a8ba591880c791cb3425e94a2d6f614ba016,0.03267756849527359
5627,43da9037d50745002195abb864243ecc75d4b040,49d5fefa7242e2b95e75b59bba288250041c21fd,0.014252869412302971
5628,43da9037d50745002195abb864243ecc75d4b040,108c652bcc4456562762ab2c4b707dc265c4cc7e,-0.06837499141693115
5629,43da9037d50745002195abb864243ecc75d4b040,5b7ad451e0fa36cded02c28f3ec32a0cad5a3df5,-0.03624363988637924
5630,d2e4a2d9590b7ae6c34fc59faa34a4217c5cac53,fa0092adfb76508be15ec05fde2dcf854d4e5d02,0.7786637544631958
5631,d2e4a2d9590b7ae6c34fc59faa34a4217c5cac53,75c4b33059aa300e7b52d1b5dab37968ac927e89,0.6670440435409546
5632,d2e4a2d9590b7ae6c34fc59faa34a4217c5cac53,9268b7db4bd7f94e5c55602a8f7e5c1befa3604f,0.5800126791000366
5633,d2e4a2d9590b7ae6c34fc59faa34a4217c5cac53,f20c6d8c99e06646a063ef71c747d1fe3759d701,0.6194108128547668
5634,d2e4a2d9590b7ae6c34fc59faa34a4217c5cac53,aa33d8f540baf255529392d8d2a96127256307d1,0.5294035077095032
5635,d2e4a2d9590b7ae6c34fc59faa34a4217c5cac53,5d85f0ab7acd995669a24dc93422325e0caea009,0.048578016459941864
5636,d2e4a2d9590b7ae6c34fc59faa34a4217c5cac53,3e28d80281d769a32ff5eb7f9a713b3ae01f6475,-0.006983328610658646
5637,d2e4a2d9590b7ae6c34fc59faa34a4217c5cac53,08d2858762644d85df9112886f10d3abb6465ccb,0.015348106622695923
5638,d2e4a2d9590b7ae6c34fc59faa34a4217c5cac53,95167cfafcd1dd7d15c02d7bb21232b90f9682b1,-0.007906565442681313
5639,d2e4a2d9590b7ae6c34fc59faa34a4217c5cac53,257a795fa475c98906b319ffdb38d49d54e199f2,-0.014869442209601402
5640,d2e4a2d9590b7ae6c34fc59faa34a4217c5cac53,91422d30847919aab2b80a7a14fc1a01f597a8a0,0.011967313475906849
5641,d2e4a2d9590b7ae6c34fc59faa34a4217c5cac53,9b16e0fe76bc9a529d07557f44475b4fd851f71f,-0.021469175815582275
5642,d2e4a2d9590b7ae6c34fc59faa34a4217c5cac53,7b7683a2f570cd3a4c8c139f25af2bad8e889dc9,-0.0265999436378479
5643,d2e4a2d9590b7ae6c34fc59faa34a4217c5cac53,9e2803a17936323ea7fcf2f9b1dd86612b176062,0.0030904412269592285
5644,d2e4a2d9590b7ae6c34fc59faa34a4217c5cac53,1e3182738045e85b289a90f2f6f53565f0d6f9ca,-0.05730212852358818
5645,d2e4a2d9590b7ae6c34fc59faa34a4217c5cac53,3562ed47225c461df47b1d69410e40d58e8860e0,-0.044260215014219284
5646,d2e4a2d9590b7ae6c34fc59faa34a4217c5cac53,3102866d1d3f9e616a6437a719197a78c1590bb1,-0.046262986958026886
5647,d2e4a2d9590b7ae6c34fc59faa34a4217c5cac53,25b63e08ac2a2c4d1dd2f66983a010955ea90192,-0.046644993126392365
5648,d2e4a2d9590b7ae6c34fc59faa34a4217c5cac53,9916ddf04e038c7ca333ff94f8ff613a69778587,-0.05056446045637131
5649,d2e4a2d9590b7ae6c34fc59faa34a4217c5cac53,4dbe9b736de47d92127c8211bf38566ee45d6b43,-0.03442526236176491
5650,d2e4a2d9590b7ae6c34fc59faa34a4217c5cac53,0c5b32acd045996716f66e327a2d39423446a220,-0.08832003176212311
5651,d2e4a2d9590b7ae6c34fc59faa34a4217c5cac53,b891a8df3d7b4a6b73c9de7194f7341b00d93f6f,-0.08973648399114609
5652,d2e4a2d9590b7ae6c34fc59faa34a4217c5cac53,4c60b754ead9755121d7cf7ef31f86ff282cc8fb,-0.07915296405553818
5653,d2e4a2d9590b7ae6c34fc59faa34a4217c5cac53,63396a1a658863faeb9e3c8ee1f1934fd00a7512,-0.11689151078462601
5654,d2e4a2d9590b7ae6c34fc59faa34a4217c5cac53,1459d4d16088379c3748322ab0835f50300d9a38,-0.1161244809627533
5655,d2e4a2d9590b7ae6c34fc59faa34a4217c5cac53,3cf0b2fa44c38feb0276d22e93f2719889b0667a,-0.12502707540988922
5656,d2e4a2d9590b7ae6c34fc59faa34a4217c5cac53,43512258e2670a0abeba714643ec28f3d1c9f8ef,-0.10091418027877808
5657,d2e4a2d9590b7ae6c34fc59faa34a4217c5cac53,682d8bc7bc07cbfa3beed789afafea7e9702e928,-0.13291329145431519
5658,d2e4a2d9590b7ae6c34fc59faa34a4217c5cac53,02dd5b65dfc005c30c2c4f49ba5afb586cd7770c,-0.14141027629375458
5659,d2e4a2d9590b7ae6c34fc59faa34a4217c5cac53,2da593f91bd50a4d7a49a3997a0704f4785124de,-0.17664064466953278
5660,0d21cc2677e544b46673ff19ad4f378f32129069,240d5390af19bb43761f112b0209771f19bfb696,0.5876824855804443
5661,0d21cc2677e544b46673ff19ad4f378f32129069,8626531209284ba1eaba9e41422ef45337d88f01,0.555290699005127
5662,0d21cc2677e544b46673ff19ad4f378f32129069,438219194cedac00974ad28604b63a66e0b6f436,0.5306530594825745
5663,0d21cc2677e544b46673ff19ad4f378f32129069,ad3b3d00d3601190dd04155d69c343fb03bfe704,0.3573910892009735
5664,0d21cc2677e544b46673ff19ad4f378f32129069,cd108ed4f69b754cf0a5f3eb74d6c1949ea6674d,0.27609002590179443
5665,0d21cc2677e544b46673ff19ad4f378f32129069,2315fc6c2c0c4abd2443e26a26e7bb86df8e24cc,0.3127865791320801
5666,0d21cc2677e544b46673ff19ad4f378f32129069,31b52afe4db00f97a703d534803165bbd55359c2,0.17980116605758667
5667,0d21cc2677e544b46673ff19ad4f378f32129069,293878f70c72c0497e0bc62781c6d8a80ecabc10,0.13925452530384064
5668,0d21cc2677e544b46673ff19ad4f378f32129069,4e19c13e368b8e8d23bb50004f9be687273df93f,0.11548186093568802
5669,0d21cc2677e544b46673ff19ad4f378f32129069,9e821b309ed983f90362965a90ba80b02b302caf,0.14952585101127625
5670,0d21cc2677e544b46673ff19ad4f378f32129069,25ec069b381d7c9faacc5ce54225d6aebb998812,0.10817423462867737
5671,0d21cc2677e544b46673ff19ad4f378f32129069,5170a88889fabd660cf337c7887eb490bbc313bd,0.08163370937108994
5672,0d21cc2677e544b46673ff19ad4f378f32129069,7c5c8800e9603fc8c7e04d50fb8a642a9c9dd3bf,0.03396548330783844
5673,0d21cc2677e544b46673ff19ad4f378f32129069,513b0d34c52d4f8e27eed9a13cb3bad160cfc221,0.11490319669246674
5674,0d21cc2677e544b46673ff19ad4f378f32129069,89f253d8b1e80528eaccec801b34410df76a3700,0.04705733805894852
5675,0d21cc2677e544b46673ff19ad4f378f32129069,43dca3f6bce492ae074dac0a2aa27d414b0e6259,0.06765659898519516
5676,0d21cc2677e544b46673ff19ad4f378f32129069,a136d45f1071ed8f68f5c20075576e4c3ee4ef01,0.02887875773012638
5677,0d21cc2677e544b46673ff19ad4f378f32129069,87a2987b5fe3d6e7a63446ab1ceb1dd4e06eaa57,0.0647089034318924
5678,0d21cc2677e544b46673ff19ad4f378f32129069,acfb93ebd449ba2ef5f696034bc6250abff3d3a7,0.07960527390241623
5679,0d21cc2677e544b46673ff19ad4f378f32129069,f390476f22c5962585e7c2cc7a77de770a34b60a,0.053144671022892
5680,0d21cc2677e544b46673ff19ad4f378f32129069,11c116b2750e064ce32b3b8de8760234de508314,0.08014854788780212
5681,0d21cc2677e544b46673ff19ad4f378f32129069,962e86ac97388780cd4b006e428af31a583cc690,-0.0084604537114501
5682,0d21cc2677e544b46673ff19ad4f378f32129069,5cacce78a013fd2a5dcf4457787feff42ddaf68e,0.031859468668699265
5683,0d21cc2677e544b46673ff19ad4f378f32129069,bac6ed8196e3c293d67e383acc63c78c095ea9b5,0.007723739370703697
5684,0d21cc2677e544b46673ff19ad4f378f32129069,3e6a2ec424a8d7229298ffe4cd2343ae56361176,0.005831560119986534
5685,0d21cc2677e544b46673ff19ad4f378f32129069,41761effdfc136061fde3695e2551323d6a3a92d,0.05018235743045807
5686,0d21cc2677e544b46673ff19ad4f378f32129069,32e98f8b38aefea9518e0035be5bf30ee68685cd,0.0009974068962037563
5687,0d21cc2677e544b46673ff19ad4f378f32129069,2542752d40cd5152b0658d17ec8434725858aa53,0.0129671860486269
5688,0d21cc2677e544b46673ff19ad4f378f32129069,1ff86893508bfa418f9da6830453a05b419bc453,-0.02678588032722473
5689,0d21cc2677e544b46673ff19ad4f378f32129069,c9dbf0a8e177c49d7345f44d2c6cd8f8db098677,-0.10513762384653091
5690,1134105faa6a16969fede23d16f0c0df129c5888,8abf8825026792f254d5fd552b6d4840e8849c26,0.6519305109977722
5691,1134105faa6a16969fede23d16f0c0df129c5888,7c46867d278dd5d27ce9b2fcc0ae81234c5a7c33,0.5938212275505066
5692,1134105faa6a16969fede23d16f0c0df129c5888,c4977ec92de2401f0ecf5ed4bdde60d1d7b12d6b,0.3920263648033142
5693,1134105faa6a16969fede23d16f0c0df129c5888,ff1764920c3a523fe4219f490f247669e9703110,0.3868643045425415
5694,1134105faa6a16969fede23d16f0c0df129c5888,16d8b3c370f7cce6c73c65665a83303726dda6d8,0.3790585994720459
5695,1134105faa6a16969fede23d16f0c0df129c5888,849eaeeef1e11280bb7812239d34712b30023165,0.31595519185066223
5696,1134105faa6a16969fede23d16f0c0df129c5888,4c1909b5aab605951c1bef30c45f20511442c18a,0.34892237186431885
5697,1134105faa6a16969fede23d16f0c0df129c5888,8c29335e0f564b86178deb5b15d3224d10ca1d47,0.23743507266044617
5698,1134105faa6a16969fede23d16f0c0df129c5888,87e4178f71990818a3c125a41db91749bba17cc2,0.14411160349845886
5699,1134105faa6a16969fede23d16f0c0df129c5888,52ba137ece8735a31a71792e7b06da838bc173b4,0.09285277128219604
5700,1134105faa6a16969fede23d16f0c0df129c5888,5c0dbbf5c9aa38766d61eac90a0258b4d7d97f6f,0.1368117481470108
5701,1134105faa6a16969fede23d16f0c0df129c5888,259817ee2a4419795f698b123027aad89cf5f903,0.1068623960018158
5702,1134105faa6a16969fede23d16f0c0df129c5888,ba4eec4a53013e4a5ae0151d3722627f68a676c0,0.07648248970508575
5703,1134105faa6a16969fede23d16f0c0df129c5888,239be6b3d6f8305ca43b5828118ad2d71385c660,0.07611645758152008
5704,1134105faa6a16969fede23d16f0c0df129c5888,1bd13095dd38a31ad9089d067134e71eb69bae83,0.08890941739082336
5705,1134105faa6a16969fede23d16f0c0df129c5888,d3462e9d394610fbe18c18b3916f1cdb0fa8e8fb,0.09305354952812195
5706,1134105faa6a16969fede23d16f0c0df129c5888,48a38c7e87e00782a58b4c191c3931030af45d0a,0.0823240727186203
5707,1134105faa6a16969fede23d16f0c0df129c5888,a3d11e98794896849ab2304a42bf83e2979e5fb5,0.07551943510770798
5708,1134105faa6a16969fede23d16f0c0df129c5888,7d6b3286cf05de6924768cf8d347af73df3f25d6,0.08669469505548477
5709,1134105faa6a16969fede23d16f0c0df129c5888,118d375740582c3969efbbf3a785281a3d529d7a,0.07530364394187927
5710,1134105faa6a16969fede23d16f0c0df129c5888,fa7b4843c4d8cf1ad12a4f1f1cf29bc145ccd148,0.05465942993760109
5711,1134105faa6a16969fede23d16f0c0df129c5888,ffa5fd279241c63eb4d6c5385db44c7d59893cf5,0.0824979767203331
5712,1134105faa6a16969fede23d16f0c0df129c5888,4415838adb15f81b712c336fd9839dcafc9b6863,0.02180635929107666
5713,1134105faa6a16969fede23d16f0c0df129c5888,b1f4423c227fa37b9680787be38857069247a307,0.044700391590595245
5714,1134105faa6a16969fede23d16f0c0df129c5888,9062571f97af54f8360a7d8110e7ac3b74f3f04a,0.027931945398449898
5715,1134105faa6a16969fede23d16f0c0df129c5888,562f96fb2e3316dbdf70b4a9dba4e95597e29ad5,-0.0020712800323963165
5716,1134105faa6a16969fede23d16f0c0df129c5888,4393d36d36174aa255008c230baa0ab58d19f29d,0.014640293084084988
5717,1134105faa6a16969fede23d16f0c0df129c5888,9864575864bc497e48569a6604180a64378b95c1,0.009239905513823032
5718,1134105faa6a16969fede23d16f0c0df129c5888,6e54fc48e0e17c0115f77f7c0024a40216c8c376,-0.0016782060265541077
5719,1134105faa6a16969fede23d16f0c0df129c5888,bc437f63023a1791a4f09672a10f5e96f6e3cb65,-0.02949422597885132
5720,999c4ffe9ccf530e62c60fac1271a3787b2c20a9,1cc85952c8588a17fa086d94ae1493a3b0413872,0.5695514678955078
5721,999c4ffe9ccf530e62c60fac1271a3787b2c20a9,20d2438efcd5c21b13f9c226f023506ee98411f2,0.5268725156784058
5722,999c4ffe9ccf530e62c60fac1271a3787b2c20a9,579eb8d73a0b9739b48e34c477c097ebe72d6311,0.4898873567581177
5723,999c4ffe9ccf530e62c60fac1271a3787b2c20a9,de8335a834362c50de9075ccebc20605aa326545,0.37264955043792725
5724,999c4ffe9ccf530e62c60fac1271a3787b2c20a9,6c5a1e4692c07f4069969c423e0767cbb5da6f8e,0.3802655339241028
5725,999c4ffe9ccf530e62c60fac1271a3787b2c20a9,efb20efeb70822b2d9e42542f22793ebbedd5906,0.23129837214946747
5726,999c4ffe9ccf530e62c60fac1271a3787b2c20a9,700fca96469c56254562bfdd9ac6e519c4660e94,0.21552345156669617
5727,999c4ffe9ccf530e62c60fac1271a3787b2c20a9,22f06b536105fca8a9448f1f04b83563a123b587,0.1781795620918274
5728,999c4ffe9ccf530e62c60fac1271a3787b2c20a9,0d60c710406c5f3c1ffa2c225e1b901efa3a7d2e,0.15355834364891052
5729,999c4ffe9ccf530e62c60fac1271a3787b2c20a9,e58636e67665bd7c6ac1b441c353ab6842a65482,0.17185354232788086
5730,999c4ffe9ccf530e62c60fac1271a3787b2c20a9,cc0ed3c19b45f805064e528b7f5adc3cb10486a3,0.06847350299358368
5731,999c4ffe9ccf530e62c60fac1271a3787b2c20a9,6db7d4109a61705f658d315787061f6fa8af3595,0.1434454470872879
5732,999c4ffe9ccf530e62c60fac1271a3787b2c20a9,4b1a998af284a12e8ac17b3b036d77f933c1f0fe,0.10782259702682495
5733,999c4ffe9ccf530e62c60fac1271a3787b2c20a9,3b4287e9a8338ac1f900b1e598816ee7fb22d72b,0.13900817930698395
5734,999c4ffe9ccf530e62c60fac1271a3787b2c20a9,1e74abb7d331b8dddd4326fddd13d487fc8891fa,0.14064425230026245
5735,999c4ffe9ccf530e62c60fac1271a3787b2c20a9,97a6913dbe4d78e3c07fdfb86628d77bb6288502,0.09539574384689331
5736,999c4ffe9ccf530e62c60fac1271a3787b2c20a9,f612f3c61c2cd092dee2bdb05d80a0e09b97c2f6,0.06354080140590668
5737,999c4ffe9ccf530e62c60fac1271a3787b2c20a9,1519790fdcaa4373236e5100ebadbe2e36eb36b9,0.009114539250731468
5738,999c4ffe9ccf530e62c60fac1271a3787b2c20a9,15bb79dc0da9c86bf98d8f787d3be2e5df5c8f5b,0.007691394537687302
5739,999c4ffe9ccf530e62c60fac1271a3787b2c20a9,87fab32403d27e9b46effc69b7d55d65706ca26f,0.06299474835395813
5740,999c4ffe9ccf530e62c60fac1271a3787b2c20a9,bce8e851f2214e6684b0652b792faa8cc02f1448,0.02469848282635212
5741,999c4ffe9ccf530e62c60fac1271a3787b2c20a9,6772164c3dd4ff6e71ba58c5c4c22fa092b9fe55,-0.006875228136777878
5742,999c4ffe9ccf530e62c60fac1271a3787b2c20a9,41642c470d82762821b509a66dad7c04bcd96559,-0.03668058663606644
5743,999c4ffe9ccf530e62c60fac1271a3787b2c20a9,1250ef2f19d0ac751ec7d0e2a22e741ecb40ea92,0.002636335790157318
5744,999c4ffe9ccf530e62c60fac1271a3787b2c20a9,65b56807239cca8067b28669843dd21a22458dd9,0.0012908168137073517
5745,999c4ffe9ccf530e62c60fac1271a3787b2c20a9,61ec08b1fd5dc1a0e000d9cddee6747f58d928ec,-0.02249758690595627
5746,999c4ffe9ccf530e62c60fac1271a3787b2c20a9,7776ccac08ee57fa7495e764ccc1eff052227b7e,-0.04321027174592018
5747,999c4ffe9ccf530e62c60fac1271a3787b2c20a9,d93dd8ac7691967d2de139e2f701dcb28f69abdd,-0.02914658561348915
5748,999c4ffe9ccf530e62c60fac1271a3787b2c20a9,303f17eb4620d18f98d4ab8de9be146dbd59ba12,-0.09772197902202606
5749,2094f315289ccf9b676e0790fb3dd1bc4acad98c,dbd66f601b325404ff3cdd7b9a1a282b2da26445,0.5605382919311523
5750,2094f315289ccf9b676e0790fb3dd1bc4acad98c,9bc8aaaf23e2578c47d5d297d1e1cbb5b067ca3a,0.4942765533924103
5751,2094f315289ccf9b676e0790fb3dd1bc4acad98c,242caa8e04b73f56a8d4adae36028cc176364540,0.5106892585754395
5752,2094f315289ccf9b676e0790fb3dd1bc4acad98c,883b2b981dc04139800f30b23a91b8d27be85b65,0.45497196912765503
5753,2094f315289ccf9b676e0790fb3dd1bc4acad98c,3ffce42ed3d7ac5963e03d4b6e32460ef5b29ff7,0.48428472876548767
5754,2094f315289ccf9b676e0790fb3dd1bc4acad98c,d54672065689c9128354d54aac722bbdf450e406,0.3602752983570099
5755,2094f315289ccf9b676e0790fb3dd1bc4acad98c,61f064c24cb9776a408b8bf4cfbcb5a5105ac31a,0.353066086769104
5756,2094f315289ccf9b676e0790fb3dd1bc4acad98c,33fcc94696ac3ba51e21d61647ff66b0c104e759,0.31472957134246826
5757,2094f315289ccf9b676e0790fb3dd1bc4acad98c,ffa25b893ea72ffb077158eb750df827d154b5b6,0.1661149263381958
5758,2094f315289ccf9b676e0790fb3dd1bc4acad98c,740ffcfc4607b60d55a0d6108ca6ee3b4b5b0f16,0.15993720293045044
5759,2094f315289ccf9b676e0790fb3dd1bc4acad98c,8405b58be29ddc4f4b57557ecf72b4acd374c9f4,0.1365332007408142
5760,2094f315289ccf9b676e0790fb3dd1bc4acad98c,6925dc5d9aed7a3d9640179aca0355c6259db260,0.09666679799556732
5761,2094f315289ccf9b676e0790fb3dd1bc4acad98c,7adc7cbdaf862d23b34e973b05dcbae8ede47bb1,0.1518663763999939
5762,2094f315289ccf9b676e0790fb3dd1bc4acad98c,47165ad181b3da3a615e6e8bc8509fcfc53f49c4,0.09838423132896423
5763,2094f315289ccf9b676e0790fb3dd1bc4acad98c,721e64bfd3158a77c55d59dd6415570594a72e9c,0.11800398677587509
5764,2094f315289ccf9b676e0790fb3dd1bc4acad98c,4a13a1e30069148bf24bdd697ecc139a82f3e19a,0.0916377529501915
5765,2094f315289ccf9b676e0790fb3dd1bc4acad98c,44638b2ab0c1f926b0d79dda8d3508f00b979be9,0.11201059818267822
5766,2094f315289ccf9b676e0790fb3dd1bc4acad98c,87822f10ef2f797c65eba3185a81cd541f8dad6b,0.07335567474365234
5767,2094f315289ccf9b676e0790fb3dd1bc4acad98c,a8e5c255bcc474194777f884ee4caec841269200,0.05891179293394089
5768,2094f315289ccf9b676e0790fb3dd1bc4acad98c,df45ccf1189bc212cacb7e12c796f9d16bbeb4bf,0.07376274466514587
5769,2094f315289ccf9b676e0790fb3dd1bc4acad98c,55b0e1c5e1ef6060b9fdcb5f644b01d89afe5b27,0.04524873197078705
5770,2094f315289ccf9b676e0790fb3dd1bc4acad98c,e11086c453c6be433084a45d1cc2aeb403d73f23,0.03606180474162102
5771,2094f315289ccf9b676e0790fb3dd1bc4acad98c,b88678762b44ea53db95365fd62e6f0426b195a8,0.03982977941632271
5772,2094f315289ccf9b676e0790fb3dd1bc4acad98c,bd7eb1e0dfb280ffcccbb07c9c5f6bfc3b79f6c3,0.020320817828178406
5773,2094f315289ccf9b676e0790fb3dd1bc4acad98c,73f35cb89d62a1ee7ace46d047956a2a0353719a,-0.004304487258195877
5774,2094f315289ccf9b676e0790fb3dd1bc4acad98c,74257c2a5c9633565c3becdb9139789bcf14b478,0.016582615673542023
5775,2094f315289ccf9b676e0790fb3dd1bc4acad98c,d3c86e4f26b379a091cb915c73480d8db5d8fd9e,-0.09875507652759552
5776,2094f315289ccf9b676e0790fb3dd1bc4acad98c,e3ab8a2d775e74641b4612fac4f33b5b1895d8ea,-0.03216894716024399
5777,2094f315289ccf9b676e0790fb3dd1bc4acad98c,095836eda402aae1cf22e515fef662dc5a1bb2cb,-0.0317051038146019
5778,2094f315289ccf9b676e0790fb3dd1bc4acad98c,49c5b67d22a3d8929913efeb3621fb7f5c9160ef,-0.09589681774377823
5779,3aba958809c43b0af8df66e5338d9310549eeb58,9091d1c5aa7e07d022865b4800ec1684211d2045,0.6995769739151001
5780,3aba958809c43b0af8df66e5338d9310549eeb58,450d6ef1acfe802ae0cfeca71a8b355d103b2865,0.7240374088287354
5781,3aba958809c43b0af8df66e5338d9310549eeb58,52f89a99c7e5af264a878dd05b62e94622c6bdac,0.6287153959274292
5782,3aba958809c43b0af8df66e5338d9310549eeb58,5f8112731bd0a2bfa91158753242bae2f540d72d,0.6724178791046143
5783,3aba958809c43b0af8df66e5338d9310549eeb58,5a608ebb9b0e462a36857ee8ae3c9fde04efee9f,0.6465390920639038
5784,3aba958809c43b0af8df66e5338d9310549eeb58,f88fc26bef96d2c430eb758f6e925824b82d8139,0.23065492510795593
5785,3aba958809c43b0af8df66e5338d9310549eeb58,7606f448d1ad155bb6d61aed0aa2e1b22723f4db,0.1444007158279419
5786,3aba958809c43b0af8df66e5338d9310549eeb58,5401869e90d4ab31a72ae6dc627dd0bbadb63814,0.20370060205459595
5787,3aba958809c43b0af8df66e5338d9310549eeb58,e21fe0c4ef27d2b218988deb0625c09790b28a77,0.18197616934776306
5788,3aba958809c43b0af8df66e5338d9310549eeb58,a7aeeb9b1a3ebbb79fdaf17232e89e6ff202aca7,0.15260960161685944
5789,3aba958809c43b0af8df66e5338d9310549eeb58,536727a754e1d04bd2a749a813c0ac68eb2bb1f5,0.09468702971935272
5790,3aba958809c43b0af8df66e5338d9310549eeb58,6bf1770a79309e4f05ef65e65e19f99c25974657,0.14980219304561615
5791,3aba958809c43b0af8df66e5338d9310549eeb58,f417e2c902ec6fc9ffbbf975740e4590147448b2,0.06906412541866302
5792,3aba958809c43b0af8df66e5338d9310549eeb58,4ae1a837c6b74f48d6a048c2d687c5387b9d70cb,0.05080601945519447
5793,3aba958809c43b0af8df66e5338d9310549eeb58,263c66b0c2dc996c46d11693ad3d6f8d3f7f3d3c,0.20750564336776733
5794,3aba958809c43b0af8df66e5338d9310549eeb58,02d08628572431c910b30a29796dd1a676ae0784,0.03410941734910011
5795,3aba958809c43b0af8df66e5338d9310549eeb58,9abd3bd7588182f84e539ec0df36cd1721cf17f8,0.054318517446517944
5796,3aba958809c43b0af8df66e5338d9310549eeb58,c5cc6243f070d80f5edef24608694c39195e2d1a,-0.018143124878406525
5797,3aba958809c43b0af8df66e5338d9310549eeb58,f744715aedba86271000c1f49352e0bfdcaa3204,-0.03513471782207489
5798,3aba958809c43b0af8df66e5338d9310549eeb58,4229a5426c6250a31d84aed1a5cd51dc8d9c6065,-0.03259250149130821
5799,3aba958809c43b0af8df66e5338d9310549eeb58,38f5b25b0c2f640e2a1e0e5ee9babe237dc6f654,0.0011957865208387375
5800,3aba958809c43b0af8df66e5338d9310549eeb58,9182452cd181022034cc810c263d397fbc3dd75d,-0.02076682820916176
5801,3aba958809c43b0af8df66e5338d9310549eeb58,20687676930b1f3923732b3319b9cddbe27a10e6,-0.04033134877681732
5802,3aba958809c43b0af8df66e5338d9310549eeb58,9b312435f460f8137aa0b083b999794f676d9a38,-0.0253324955701828
5803,3aba958809c43b0af8df66e5338d9310549eeb58,342cc16e5a32613e325146c0ac06716850919234,-0.052128538489341736
5804,3aba958809c43b0af8df66e5338d9310549eeb58,3dedf830742049a9fa5d773ecf16f254b3f7e0ad,-0.04011586681008339
5805,3aba958809c43b0af8df66e5338d9310549eeb58,f4fdaaf864ca6f73ced06f937d3af978568998eb,-0.033694058656692505
5806,3aba958809c43b0af8df66e5338d9310549eeb58,29deb8c68de5ed69eb3c4b2234350ad2fdaaf2b8,-0.08646223694086075
5807,3aba958809c43b0af8df66e5338d9310549eeb58,ff3b75ff35cf1a680b622b60f5cedf2b01016800,-0.06095515936613083
5808,3aba958809c43b0af8df66e5338d9310549eeb58,329d527a353c8f0c112bf702617ec6643a77b7ec,-0.139500230550766
5809,958ebc7e24012b419316489515f2c2f908773bd5,779f05bf98049762df4298043ac6f38c82a07607,0.6291612386703491
5810,958ebc7e24012b419316489515f2c2f908773bd5,10cfa5bfab3da9c8026d3a358695ea2a5eba0f33,0.4904688596725464
5811,958ebc7e24012b419316489515f2c2f908773bd5,79465f3bac4fb9f8cc66dcbe676022ddcd9c05c6,0.48283058404922485
5812,958ebc7e24012b419316489515f2c2f908773bd5,5137516a2604bb0828e59dc517b252d489409986,0.42568591237068176
5813,958ebc7e24012b419316489515f2c2f908773bd5,e2f8ea2a3504d2984ed91ef8666874d91fd2a400,0.31298828125
5814,958ebc7e24012b419316489515f2c2f908773bd5,69524d5b10b0bb7e4aa1c9057eefe197b230922e,0.44293057918548584
5815,958ebc7e24012b419316489515f2c2f908773bd5,7c20a16d1666e990e6499995556578c1649d191b,0.46978533267974854
5816,958ebc7e24012b419316489515f2c2f908773bd5,8d4fd3f3f9cab5f24bdb0ec533a1304eca6a8331,0.2672443389892578
5817,958ebc7e24012b419316489515f2c2f908773bd5,2fc1e38198f2961969f3863230c0a2993e156506,0.23172082006931305
5818,958ebc7e24012b419316489515f2c2f908773bd5,0943ed739c909d17f8686280d43d50769fe2c2f8,0.2836351692676544
5819,958ebc7e24012b419316489515f2c2f908773bd5,d2656083425ffd4135cc13d0b444dbc605ebb6ba,0.19282037019729614
5820,958ebc7e24012b419316489515f2c2f908773bd5,46fd85775cab39ecb32cf2e41642ed2d0984c760,0.13265138864517212
5821,958ebc7e24012b419316489515f2c2f908773bd5,53c08abb25ba0573058ad2692ffed39fbd65eb0d,0.11151094734668732
5822,958ebc7e24012b419316489515f2c2f908773bd5,9878cc39383560752c5379a7e9641fc82a4daf7f,0.06769755482673645
5823,958ebc7e24012b419316489515f2c2f908773bd5,600c91dd8c2ad24217547d506ec2f89316f21e15,0.10877344012260437
5824,958ebc7e24012b419316489515f2c2f908773bd5,618b5ebc365fb374faf0276633b11bcf249efa0e,0.007758118212223053
5825,958ebc7e24012b419316489515f2c2f908773bd5,edb92581ae897424de756257b82389c6cb21f28b,0.03957478702068329
5826,958ebc7e24012b419316489515f2c2f908773bd5,949b3f3ee6256aa3465914b6697f0a17475a3112,0.05476624518632889
5827,958ebc7e24012b419316489515f2c2f908773bd5,c805f7e151418da74df326c730cc690f2c081b7d,0.03274492174386978
5828,958ebc7e24012b419316489515f2c2f908773bd5,26ae715ca80c4057a9e1ddce311b45ce5e2de835,0.028065266087651253
5829,958ebc7e24012b419316489515f2c2f908773bd5,9bd38b75d75ea35a720b7647a93e8f5526348be6,0.0066647278144955635
5830,958ebc7e24012b419316489515f2c2f908773bd5,177a167ba6a2e0b84d5e6f1375f6b54e14a8c6c2,-0.021533221006393433
5831,958ebc7e24012b419316489515f2c2f908773bd5,27b807162372574a2317b92a66396ba15c10d290,-0.012289470061659813
5832,958ebc7e24012b419316489515f2c2f908773bd5,7cba794f1a270d0f44c76114c1c9d57718abe033,-0.03446876257658005
5833,958ebc7e24012b419316489515f2c2f908773bd5,aec61d77458e8d2713c29d12d49ed2eaf814c98f,-0.02484980784356594
5834,958ebc7e24012b419316489515f2c2f908773bd5,e79b273af2f644753eef96f39e39bff973ce21a1,-0.022252049297094345
5835,958ebc7e24012b419316489515f2c2f908773bd5,5dfbf6d15c47637fa5d62e27f9b26c59fc249ab3,-0.024995483458042145
5836,958ebc7e24012b419316489515f2c2f908773bd5,1f050eb09a40c7d59715d2bb3b9d2d3708e99dda,-0.02756013348698616
5837,958ebc7e24012b419316489515f2c2f908773bd5,b7ec80b305ee1705a107989b4a56a24801084dbd,-0.08360996842384338
5838,958ebc7e24012b419316489515f2c2f908773bd5,c4f7dcd553740d393544c2e2016809ba2c03e3a4,-0.10552594065666199
5839,de77514c78432a0b17cf30baa024434173908f89,aae4665c2bd9f04e0c7f993123b30d87486b79f7,0.7712044715881348
5840,de77514c78432a0b17cf30baa024434173908f89,d8b69a91ff70de099aeaee3b448ef02f889f3faf,0.5075811147689819
5841,de77514c78432a0b17cf30baa024434173908f89,375d5a31e1f15b4b4dab3428f0517e014fa61a91,0.4100319743156433
5842,de77514c78432a0b17cf30baa024434173908f89,dec3de4ae1cb82c75189eb98b5ebb9a1a683f334,0.3696078658103943
5843,de77514c78432a0b17cf30baa024434173908f89,6dc4be33a07c277ee68d42c151b4ee866108281f,0.14840814471244812
5844,de77514c78432a0b17cf30baa024434173908f89,d45eaee8b2e047306329e5dbfc954e6dd318ca1e,0.25894811749458313
5845,de77514c78432a0b17cf30baa024434173908f89,02b8a4d6e4df5d2a5db57786bb047ed08105336f,0.09394720196723938
5846,de77514c78432a0b17cf30baa024434173908f89,082e75207b76185cdd901b18ec09b1a5b694922a,0.15083928406238556
5847,de77514c78432a0b17cf30baa024434173908f89,97ea7509c7f08b82b30676195b21ddc15c3b7712,0.06451871991157532
5848,de77514c78432a0b17cf30baa024434173908f89,aa5a3009c83b497918127f6696557658d142b706,0.056795425713062286
5849,de77514c78432a0b17cf30baa024434173908f89,f93c86a40e38465762397b66bea99ceaec6fdf94,0.07423155009746552
5850,de77514c78432a0b17cf30baa024434173908f89,ff6c257dbac99b39e1e2fb3f5c0154268e9f1022,0.03950560465455055
5851,de77514c78432a0b17cf30baa024434173908f89,46f91a6cf5047498c0bf4c75852ecdb1a72fadd7,0.021099932491779327
5852,de77514c78432a0b17cf30baa024434173908f89,a32ba4129c23051e23d49b75bd84967dd532ad1b,0.02007458545267582
5853,de77514c78432a0b17cf30baa024434173908f89,abbb1ed6bd09bbeae2b7f5d438950d774dbfdb42,0.005833401344716549
5854,de77514c78432a0b17cf30baa024434173908f89,5cd8a2a85caaa1fdc48f67957db3ac5350e69127,-0.07838894426822662
5855,de77514c78432a0b17cf30baa024434173908f89,8293ab4ce2ccf1fd64f816b274838fe19c569d40,-0.02085673063993454
5856,de77514c78432a0b17cf30baa024434173908f89,561612d24c6c793143c7e5c41a241933b3349299,-0.06387820839881897
5857,de77514c78432a0b17cf30baa024434173908f89,17f84250276a340edcac9e5173e2d55020922deb,-0.06373102962970734
5858,de77514c78432a0b17cf30baa024434173908f89,603561e877ceee2213a72b90a9248d684f83e6ba,-0.05597236007452011
5859,de77514c78432a0b17cf30baa024434173908f89,cfce4a3e3a626d6e0d9a155706d995f5d406d5a0,-0.06527842581272125
5860,de77514c78432a0b17cf30baa024434173908f89,b56d1c7cef034003e469701d215394db3d8cc675,-0.07006926089525223
5861,de77514c78432a0b17cf30baa024434173908f89,1553fc8c9a9e7ab44aa948ca641bd9148e3f0f6b,-0.06328550726175308
5862,de77514c78432a0b17cf30baa024434173908f89,5fed66826bc19773b2c281997db3cc2233e1f14a,-0.06525900214910507
5863,de77514c78432a0b17cf30baa024434173908f89,4d2074c1b6ee5562f815e489c5db366d2ec0d894,-0.09717715531587601
5864,de77514c78432a0b17cf30baa024434173908f89,75acb0d2d776889fb6e2387b82140336839820cb,-0.06349971890449524
5865,de77514c78432a0b17cf30baa024434173908f89,0bb71e91b29cf9739c0e1334f905baad01b663e6,-0.05755990743637085
5866,de77514c78432a0b17cf30baa024434173908f89,4ce54221d9c2fc3ecf38aedc3eecefee53e568b8,-0.1195237785577774
5867,de77514c78432a0b17cf30baa024434173908f89,e66877f07bdbf5ac394880f0ad630117e63803a9,-0.14105062186717987
5868,de77514c78432a0b17cf30baa024434173908f89,5f271829cb0fd59e97a2b1c5c1fb9fa9ab4973c2,-0.16481554508209229
5869,d2f8863857f6a26e917af5044189c02fff697e98,c4d7be4bddb5326d03d43a0763b7b31ffc118627,0.5650708675384521
5870,d2f8863857f6a26e917af5044189c02fff697e98,5324ba064dc1656dd51c04122c2c802ef9ec28ce,0.4163665771484375
5871,d2f8863857f6a26e917af5044189c02fff697e98,377ce926004ff65cfdcc2c4c6a7bac11ea2f6221,0.3261038064956665
5872,d2f8863857f6a26e917af5044189c02fff697e98,0b3cfbf79d50dae4a16584533227bb728e3522aa,0.38161325454711914
5873,d2f8863857f6a26e917af5044189c02fff697e98,22ae02d81c21cb90b0de071550cfb99e6a623e62,0.2892671823501587
5874,d2f8863857f6a26e917af5044189c02fff697e98,9c2297dfd6b37c0d75554ad6b343b91c70faf682,0.3285057544708252
5875,d2f8863857f6a26e917af5044189c02fff697e98,e9fac1091d9a1646314b1b91e58f40dae3a750cd,0.3185564875602722
5876,d2f8863857f6a26e917af5044189c02fff697e98,ab1b2029dafea99f4c98aa50767ac1df447fe48a,0.24739760160446167
5877,d2f8863857f6a26e917af5044189c02fff697e98,3e903f452549d3f9e49f820ae6b93e8785e50c67,0.2487814724445343
5878,d2f8863857f6a26e917af5044189c02fff697e98,35c0559556471f6bcda1c2b7a70a64f029a63421,0.22786204516887665
5879,d2f8863857f6a26e917af5044189c02fff697e98,a6614dc9ebf183b5accfe13d43f46f68d2ce2cac,0.1405927538871765
5880,d2f8863857f6a26e917af5044189c02fff697e98,d6a22e135a9c214f2dd4f71a50b5cf7e082853f0,0.14659476280212402
5881,d2f8863857f6a26e917af5044189c02fff697e98,19d8b1dd85080d25c0670ecaab58c52fdc41d54c,0.18150527775287628
5882,d2f8863857f6a26e917af5044189c02fff697e98,70732a229f9d114f76c895575fe11a9982965d7b,0.06976102292537689
5883,d2f8863857f6a26e917af5044189c02fff697e98,4658a728225d2408a93c8706c2418dc4379d6be7,0.10145063698291779
5884,d2f8863857f6a26e917af5044189c02fff697e98,0d8e2f4d60c102975055080427731f2d14dcebc3,0.09826165437698364
5885,d2f8863857f6a26e917af5044189c02fff697e98,3e677c2114908857885c0199ba41f6594ee017be,0.10063081979751587
5886,d2f8863857f6a26e917af5044189c02fff697e98,eb16157bceceac9bfa66c85c8975658d6d71df4b,0.05770872160792351
5887,d2f8863857f6a26e917af5044189c02fff697e98,d522a9452a436dce6770443d9ac8c1245e7e3510,0.01524899248033762
5888,d2f8863857f6a26e917af5044189c02fff697e98,229dbc8d379f12d15597b17bb0502667b2ef3fa2,0.07599269598722458
5889,d2f8863857f6a26e917af5044189c02fff697e98,2ad062fa4cbf5cb59104a5b02d563d99d74240b8,0.04729204624891281
5890,d2f8863857f6a26e917af5044189c02fff697e98,53633cc15e299d5ad3c726f677cbd9f7746a553a,0.01428290456533432
5891,d2f8863857f6a26e917af5044189c02fff697e98,854146b2b4dc4bb12df9d6a2d66aa3a392ae0c40,0.02501540444791317
5892,d2f8863857f6a26e917af5044189c02fff697e98,1b4fba54272e3d5431ba54ebc111247d111d2458,-0.0239123422652483
5893,d2f8863857f6a26e917af5044189c02fff697e98,8924a32c1b0769b1d523739217fe07c876571700,-0.0071438634768128395
5894,d2f8863857f6a26e917af5044189c02fff697e98,569e269798afcd9586e0144e0cdd26b21828587c,-0.04572945460677147
5895,d2f8863857f6a26e917af5044189c02fff697e98,b7f96e579f96e3c64a10b2d2eb4a051be5978d7e,-0.05939386039972305
5896,d2f8863857f6a26e917af5044189c02fff697e98,3fe53582d5c5721ae0db0e3020849d0e5e05ef0c,-0.03597100079059601
5897,d2f8863857f6a26e917af5044189c02fff697e98,f587e64e5659eab13a3768f12b1a02d7575c8bc2,-0.06835328042507172
5898,d2f8863857f6a26e917af5044189c02fff697e98,e6caaf79e301c50beafab5dfb801136da91e5c17,-0.06317733228206635
5899,26b90ccf7541fd2cd4235118493e1e49d358c351,34b5da5845a4307eb8342efcb95e5155f661b5f8,0.506036102771759
5900,26b90ccf7541fd2cd4235118493e1e49d358c351,2088c55ec3e52a8be99cd933907020c70b281383,0.49815285205841064
5901,26b90ccf7541fd2cd4235118493e1e49d358c351,c017364530e9f113497c4532458fd70ac6f576d6,0.4496081471443176
5902,26b90ccf7541fd2cd4235118493e1e49d358c351,47960e52dd5968f83c29df6d594354c661043532,0.5327839851379395
5903,26b90ccf7541fd2cd4235118493e1e49d358c351,1862833e6e0eda58f82fe646578d671d0e13d54b,0.49468231201171875
5904,26b90ccf7541fd2cd4235118493e1e49d358c351,fcb3402c8bbe7c75f207dde41affb2f688b77680,0.1252863109111786
5905,26b90ccf7541fd2cd4235118493e1e49d358c351,bc6cc2d3a8e8a04b575dcb0df99697b5b446b26d,0.10209867358207703
5906,26b90ccf7541fd2cd4235118493e1e49d358c351,15cf63f8d44179423b4100531db4bb84245aa6f1,0.09326961636543274
5907,26b90ccf7541fd2cd4235118493e1e49d358c351,75d17e8fa5165a849ebe5f0475bdf77bf0b6be74,0.07779759168624878
5908,26b90ccf7541fd2cd4235118493e1e49d358c351,b5fe4731ff6a7a7f1ad8232186e84b1f944162e0,0.06658339500427246
5909,26b90ccf7541fd2cd4235118493e1e49d358c351,72d1423fdb2e2587a230356b7c1313a3571d9993,0.06367671489715576
5910,26b90ccf7541fd2cd4235118493e1e49d358c351,388874cac122fd33ef8eef839392b60cf6e9c508,0.05369339510798454
5911,26b90ccf7541fd2cd4235118493e1e49d358c351,d7fd575c7fae05e055e47d898a5d9d2766f742b9,-0.0036800019443035126
5912,26b90ccf7541fd2cd4235118493e1e49d358c351,84ade3cb5b57624baee89d9e617bb5847ee07375,-0.01687488704919815
5913,26b90ccf7541fd2cd4235118493e1e49d358c351,85fcdef58294d1502bf8be6358ac1d31baaf0a85,0.01781296543776989
5914,26b90ccf7541fd2cd4235118493e1e49d358c351,1e8e1c16cea908db84b83d0ec1a37a497dd1f4de,0.020703841000795364
5915,26b90ccf7541fd2cd4235118493e1e49d358c351,f5f206e8d4c71ac1197eae0e203d5436cdc39ec9,0.00220368430018425
5916,26b90ccf7541fd2cd4235118493e1e49d358c351,7c4318bfdc3a12c2665814c1dd845349eef8ad10,-0.010507490485906601
5917,26b90ccf7541fd2cd4235118493e1e49d358c351,0c839ef5d71bb0878ce4df0f28eb7635795e850c,-0.007743915542960167
5918,26b90ccf7541fd2cd4235118493e1e49d358c351,80898c89f32975f33e42a680a4d675df63a8a3e5,0.004472935572266579
5919,26b90ccf7541fd2cd4235118493e1e49d358c351,9e5158222c911bec96d4f533cd0d7a1a0cff1731,0.018452100455760956
5920,26b90ccf7541fd2cd4235118493e1e49d358c351,52d09d745295ed32519a74291f890a5115798d58,-0.02599683217704296
5921,26b90ccf7541fd2cd4235118493e1e49d358c351,fbed5b41187e8c789115cf21a53282a3f5765f41,-0.039351094514131546
5922,26b90ccf7541fd2cd4235118493e1e49d358c351,371a80bcdd2538df8ef999c1216fd87aa8742562,0.014249972999095917
5923,26b90ccf7541fd2cd4235118493e1e49d358c351,7f9a1a8460201a5686672ce946f7631be6a41cf2,-0.036959823220968246
5924,26b90ccf7541fd2cd4235118493e1e49d358c351,d10df96b3fb0ab5c6b1d0cc22c7400d0acccc3cc,-0.05773786082863808
5925,26b90ccf7541fd2cd4235118493e1e49d358c351,053b97e316fc43588e6235f88a1a7a4077342de7,-0.062346868216991425
5926,26b90ccf7541fd2cd4235118493e1e49d358c351,0b5d303b212f99d8f04de77f0c7fd5724871b6b7,-0.038683947175741196
5927,26b90ccf7541fd2cd4235118493e1e49d358c351,77a9473256f6841d40cb9198feb5b91dccf9ffd1,-0.10499587655067444
5928,26b90ccf7541fd2cd4235118493e1e49d358c351,1c1c40927787c40ffe0db9629ede6828ecf09e65,-0.07439330220222473
5929,d212691257354c201a32729b997ede447e498640,61c901789c7fb4721aae63769d7c4eb0e27a7e45,0.6450401544570923
5930,d212691257354c201a32729b997ede447e498640,3939607e665159002391082cd4a8952374d6bd99,0.7010520696640015
5931,d212691257354c201a32729b997ede447e498640,ff5c193fd7142b3f426baf997b43937eca1bbbad,0.6475857496261597
5932,d212691257354c201a32729b997ede447e498640,c29ac3455cb73a777e1908b2c2c09b1d14ea1e9e,0.595245897769928
5933,d212691257354c201a32729b997ede447e498640,bb004d2d04ce6872d0f7965808ae4867aa037f8b,0.5076477527618408
5934,d212691257354c201a32729b997ede447e498640,68f78dcd8644b99a8df8826e97df1589758bd1a8,0.21190741658210754
5935,d212691257354c201a32729b997ede447e498640,ce44a911d1742ee9c20d6ae2ba3eda486f8dc3ff,0.16066870093345642
5936,d212691257354c201a32729b997ede447e498640,1bb06f401fac046234a9eeeb8735b8a456ba9d6d,0.1116066724061966
5937,d212691257354c201a32729b997ede447e498640,e48532330a4d3fca4f361077c8e33bdea47f3e71,0.1387847512960434
5938,d212691257354c201a32729b997ede447e498640,d74ab74217d921df6cdf54ad75e41cbd9a058081,0.10499557852745056
5939,d212691257354c201a32729b997ede447e498640,b77dc5d09e39caf87df306d6f1b5758907bbbe6a,0.08377092331647873
5940,d212691257354c201a32729b997ede447e498640,893e9798b276285a05bcba80db42480819b8a648,0.10613542795181274
5941,d212691257354c201a32729b997ede447e498640,478fe2cf0f6cbaf8305d239d3cbbc5b33dab9294,0.08514130115509033
5942,d212691257354c201a32729b997ede447e498640,76e6d5341030b5581940d3d7b5d8d4d1fda0b479,0.06282338500022888
5943,d212691257354c201a32729b997ede447e498640,46d70bc351599ab79cebf89c82745597cf6d1f01,0.06274133920669556
5944,d212691257354c201a32729b997ede447e498640,abbc1e4150e8fc40300d3b5d1ac05153583f4f95,0.05186474695801735
5945,d212691257354c201a32729b997ede447e498640,36cc47e2eb5c977836d5e06549221f1fba613274,0.017069652676582336
5946,d212691257354c201a32729b997ede447e498640,c2549417671e020ab02d0e41a894d37efed6267d,0.021453218534588814
5947,d212691257354c201a32729b997ede447e498640,4361e64f2d12d63476fdc88faf72a0f70d9a2ffb,0.01390744000673294
5948,d212691257354c201a32729b997ede447e498640,3d80f420b87bf16eabac6142275e71bf48aa61a5,0.014410991221666336
5949,d212691257354c201a32729b997ede447e498640,fa3c0d69a8e2bcbee6e53f4d021303c809061ae2,-0.021026799455285072
5950,d212691257354c201a32729b997ede447e498640,a35d08cfb6d45d6aaa710bfcb8d37d2560cbc4fc,0.05342550575733185
5951,d212691257354c201a32729b997ede447e498640,c5fe87291747c39f56bf0cbe4499cca77ae91351,-0.03195349499583244
5952,d212691257354c201a32729b997ede447e498640,4d657317f96981acec7d221fff227e97d705ea77,-0.05019526928663254
5953,d212691257354c201a32729b997ede447e498640,281d46e96a589cb7e3d17222ef5c09d35fbbcdd7,0.007859474048018456
5954,d212691257354c201a32729b997ede447e498640,4682e3fc0dd2dd604d6128056fcabd48acb80dfd,-0.04052286967635155
5955,d212691257354c201a32729b997ede447e498640,00d6b0615ed514b03eac655ce7c8d624fff3b89b,-0.04269366338849068
5956,d212691257354c201a32729b997ede447e498640,4efeae137ccd1ac4c10f0107597e0a9b6b2e88ba,-0.047723110765218735
5957,d212691257354c201a32729b997ede447e498640,71d7a5110d0bdacec57e7dd2ece7bc13f84614e6,-0.02848299965262413
5958,d212691257354c201a32729b997ede447e498640,a9791c944e9933fae1d25ebdb053f8572497b40c,-0.04889797046780586
5959,51ee97313309157219412b6f5dfb314682b33992,83aa6f19894dba0b1251d8f89c0eb6e1629597c5,0.8142765760421753
5960,51ee97313309157219412b6f5dfb314682b33992,8e6430426c0e33a5ce30d1aecb00ced5e746986c,0.7841581106185913
5961,51ee97313309157219412b6f5dfb314682b33992,2ef1890d43cbb30e26a3616ee569fca3e5330c41,0.7864748239517212
5962,51ee97313309157219412b6f5dfb314682b33992,67258a2679601d2cc69e533c49fcfd6366d7315e,0.7808367609977722
5963,51ee97313309157219412b6f5dfb314682b33992,48852c8241f8e1be64f419aca5fe6150bab89e85,0.6333078145980835
5964,51ee97313309157219412b6f5dfb314682b33992,059eb34d95c73e37dca8e35b0ac5a2fb0142f3ee,0.16805784404277802
5965,51ee97313309157219412b6f5dfb314682b33992,17963c800077aedd3802b3e97d45c286ba953ba4,0.28547608852386475
5966,51ee97313309157219412b6f5dfb314682b33992,f0447698008f9eafe8ed93d87def1ee5d5cf79c4,0.1844572126865387
5967,51ee97313309157219412b6f5dfb314682b33992,1bb239731589f3114a3fe5b35e42a635b5eacb38,0.12923564016819
5968,51ee97313309157219412b6f5dfb314682b33992,b30ee7be57a522ea05b87224f52148f0a6f65576,0.042295534163713455
5969,51ee97313309157219412b6f5dfb314682b33992,c276b0314dadbd7e575d926cb92b67932662a3be,0.13389259576797485
5970,51ee97313309157219412b6f5dfb314682b33992,1a7de56cb569e5efad77640cc566bf6007b6f03b,0.09262001514434814
5971,51ee97313309157219412b6f5dfb314682b33992,bf48f1d556fdb85d5dbe8cfd93ef13c212635bcf,0.08198176324367523
5972,51ee97313309157219412b6f5dfb314682b33992,bbe657fbc16cbf0ceaebd596cea5b3915f4eb39c,0.04045184329152107
5973,51ee97313309157219412b6f5dfb314682b33992,aeba4287d11d3c135115bb42225fc10fbe2f8b1b,0.03114764578640461
5974,51ee97313309157219412b6f5dfb314682b33992,539290b571b918da959fabaae7f605bb07850518,0.06484534591436386
5975,51ee97313309157219412b6f5dfb314682b33992,092f25f2269b13266fdbef278f4ec7abc9598f00,-0.05745584890246391
5976,51ee97313309157219412b6f5dfb314682b33992,a91859d1c485f738a522474f7d91f2f5e66d2f33,-0.011382834054529667
5977,51ee97313309157219412b6f5dfb314682b33992,3d0091f5ddd63884a80e517b07c3063b1d22608f,-0.022537777200341225
5978,51ee97313309157219412b6f5dfb314682b33992,271ca0385fa41d3639f93ea4066f88fb83376d87,-0.06619938462972641
5979,51ee97313309157219412b6f5dfb314682b33992,74aa24a6b41363c37ee1d4a4c57b138af7e5be54,-0.04257950559258461
5980,51ee97313309157219412b6f5dfb314682b33992,71c415d469d19c45da66e0f672fb9a70425ea2d1,-0.019899532198905945
5981,51ee97313309157219412b6f5dfb314682b33992,5a73fe1896167b3dbfcaad154ee544222cd25027,0.007162583991885185
5982,51ee97313309157219412b6f5dfb314682b33992,0a8b0568d6c4f9db98fe5968a64a40e19a64387d,-0.06564103066921234
5983,51ee97313309157219412b6f5dfb314682b33992,af876ac8caa0223341640c2a4908daac3b651541,-0.05828259140253067
5984,51ee97313309157219412b6f5dfb314682b33992,8ec62b78c47be98d4807703e5a15f8d64e747e81,-0.09390843659639359
5985,51ee97313309157219412b6f5dfb314682b33992,976a5ddd57d47f8a527089f37db042902598e684,-0.06855921447277069
5986,51ee97313309157219412b6f5dfb314682b33992,a61fd72060277132fa29b784edf1175f7b2e1b48,-0.05098576098680496
5987,51ee97313309157219412b6f5dfb314682b33992,29b09a84ff5f90aed578f75f4b41ae49e7d9b6d7,-0.09965680539608002
5988,51ee97313309157219412b6f5dfb314682b33992,0e5bb591f2c66b201541d17b009ad65e58686816,-0.15324603021144867
5989,b7771386689647fb7d5ff8e533f6a29169846364,2c2d5f44384b9505764ac51145c2b5d897b14a0c,0.6498866081237793
5990,b7771386689647fb7d5ff8e533f6a29169846364,3d5107b913ff3cc3da3455c186f1e949bfbcd94e,0.5892659425735474
5991,b7771386689647fb7d5ff8e533f6a29169846364,21753be26268473ffc863fb56d5ebc6af025bdc3,0.5976056456565857
5992,b7771386689647fb7d5ff8e533f6a29169846364,1790ae874429c5e033677c358cb43a77e4486f55,0.36769843101501465
5993,b7771386689647fb7d5ff8e533f6a29169846364,9afba7cb45c8cfb32fe9cb625444a54244b1d15f,0.31439918279647827
5994,b7771386689647fb7d5ff8e533f6a29169846364,0d3950fa9967d74825d7685be052ed55b231347c,0.17205126583576202
5995,b7771386689647fb7d5ff8e533f6a29169846364,07e1c0c5e28491a8464052826eaa075db3abb9c2,0.22603708505630493
5996,b7771386689647fb7d5ff8e533f6a29169846364,0ce9ad941f6da90068759344abf07a4e15cf4ccf,0.30522894859313965
5997,b7771386689647fb7d5ff8e533f6a29169846364,37b3100d4a069513f2639f07fe7f99f96567b675,0.13871976733207703
5998,b7771386689647fb7d5ff8e533f6a29169846364,9c5fe19670efc5ccecaea9e2348d9e74c7f7a465,0.1585482507944107
5999,b7771386689647fb7d5ff8e533f6a29169846364,ff0858c76442a86c50803917433f09ca0b42f3fe,0.10269795358181
6000,b7771386689647fb7d5ff8e533f6a29169846364,6a419bedf54e67dd3da2ee95f82b6a1eabe5db59,0.14087875187397003
6001,b7771386689647fb7d5ff8e533f6a29169846364,719de8345edd73a78566e1267aeca60c9545e3df,0.11966126412153244
6002,b7771386689647fb7d5ff8e533f6a29169846364,ac06b09e232fe9fd8c3fabef71e1fd7f6f752a7b,0.08321921527385712
6003,b7771386689647fb7d5ff8e533f6a29169846364,fee14e570861573f920036f2abaae119fc46a659,0.004011832177639008
6004,b7771386689647fb7d5ff8e533f6a29169846364,e8f65887210e6f20413a60a1e0a0ec4a4e2735bd,-0.0029891766607761383
6005,b7771386689647fb7d5ff8e533f6a29169846364,4c12f8f4821eb40e2a0db1cd22fbce68a72406df,0.04258112981915474
6006,b7771386689647fb7d5ff8e533f6a29169846364,0b85249b2707b9a5b5a170f1bde0afe168e3b51d,-0.012801622971892357
6007,b7771386689647fb7d5ff8e533f6a29169846364,0390337f0a3315051ed685e943c2fe676b332357,-0.011539161205291748
6008,b7771386689647fb7d5ff8e533f6a29169846364,caf9b9c92d4b58ed3f5b517bfde1f2faf3bad34f,0.005812625400722027
6009,b7771386689647fb7d5ff8e533f6a29169846364,b7ebcec93f35e52ef14a41c9c9d55fa132987473,-0.008600620552897453
6010,b7771386689647fb7d5ff8e533f6a29169846364,b6203f82bf276fff9a0082ee1b51d37ac90f4b79,-0.02972859889268875
6011,b7771386689647fb7d5ff8e533f6a29169846364,791f07be56d1188b69bf103786d8cf30a0c97f24,0.0026531312614679337
6012,b7771386689647fb7d5ff8e533f6a29169846364,2f83d2294d44b44ad07d327635a34276abe1ec55,-0.0827811136841774
6013,b7771386689647fb7d5ff8e533f6a29169846364,e3f20444124a645b825afa1f79186e9547175fe9,-0.08015987277030945
6014,b7771386689647fb7d5ff8e533f6a29169846364,6695ef22b146f1669b7530236e8859e0a0e527ed,-0.0844457745552063
6015,b7771386689647fb7d5ff8e533f6a29169846364,3b01c11e8f1eaf57d484b1561b76b1d5b03129e2,-0.08922673761844635
6016,b7771386689647fb7d5ff8e533f6a29169846364,ba0644aa7569f33194090ade9f8f91fa51968b18,-0.1224714070558548
6017,b7771386689647fb7d5ff8e533f6a29169846364,ed261525dd4648b01f494ffc3974b906d3fc5c85,-0.10869109630584717
6018,b7771386689647fb7d5ff8e533f6a29169846364,3f4b312d0bc1c954064eca04f2663d8ee72b5dcf,-0.13136455416679382
6019,5707844e76b0c5a39110f079e4b3c9cad1b7fb12,a901ad23ab9c642870a39f4d9a301e8d5155109b,0.6359407305717468
6020,5707844e76b0c5a39110f079e4b3c9cad1b7fb12,84c0aea208e1a5ec6db1be97f603a81458efbe0c,0.5927915573120117
6021,5707844e76b0c5a39110f079e4b3c9cad1b7fb12,3d47e902337023a2aaccdd054691c930cd44774a,0.6147680878639221
6022,5707844e76b0c5a39110f079e4b3c9cad1b7fb12,3f04541a67b60285be3fc6d0b2af5ff3c5221eda,0.35326629877090454
6023,5707844e76b0c5a39110f079e4b3c9cad1b7fb12,1c8b4806083aac9ba1b95997f37399ff1b2c28fc,0.2986215353012085
6024,5707844e76b0c5a39110f079e4b3c9cad1b7fb12,8308e7b39d1f556e4041b4630a41aa8435fe1a49,0.3384925127029419
6025,5707844e76b0c5a39110f079e4b3c9cad1b7fb12,e71c20f9dad2ed9b5af1858d058f8e064099a522,0.226803719997406
6026,5707844e76b0c5a39110f079e4b3c9cad1b7fb12,f5a4b898100e7a2bc1a6c8e4e9ed09c05148aae7,0.2341976910829544
6027,5707844e76b0c5a39110f079e4b3c9cad1b7fb12,853ac9d5ae2662b8e33946d106b261005e391fed,0.1463870406150818
6028,5707844e76b0c5a39110f079e4b3c9cad1b7fb12,111efb3210a43ed3d2c5461393e0692f614495f6,0.18783968687057495
6029,5707844e76b0c5a39110f079e4b3c9cad1b7fb12,e792ccdd678fe367b7acd09b54e65e5ffc9cde3c,0.1584826111793518
6030,5707844e76b0c5a39110f079e4b3c9cad1b7fb12,783a911805ec8fa146ede0f29c4f8d90e42db509,0.11882889270782471
6031,5707844e76b0c5a39110f079e4b3c9cad1b7fb12,30a6c14efb53eabbce6b92ffae610eabc5476f34,0.14983642101287842
6032,5707844e76b0c5a39110f079e4b3c9cad1b7fb12,25da55b05adae832338b95f6b9ecd6df35107f7b,0.1747884303331375
6033,5707844e76b0c5a39110f079e4b3c9cad1b7fb12,de08d2d7f8196824db1b5dd8921af2ededd73635,0.11767078936100006
6034,5707844e76b0c5a39110f079e4b3c9cad1b7fb12,c6f152deb9e2204c5eedc4904b6371a3f15b7e3d,0.08842963725328445
6035,5707844e76b0c5a39110f079e4b3c9cad1b7fb12,0970c10b5af6c5bbaeedf5d696c3c355aaa97959,0.01393299549818039
6036,5707844e76b0c5a39110f079e4b3c9cad1b7fb12,408a8e250316863da94ffb3eab077175d08c01bf,0.2756173610687256
6037,5707844e76b0c5a39110f079e4b3c9cad1b7fb12,cb77af14bd6c4ed4f8de654350260afc303f3b71,0.042691946029663086
6038,5707844e76b0c5a39110f079e4b3c9cad1b7fb12,d59814a5014f220c1bd43fef6393b1250ecdc58b,0.016318364068865776
6039,5707844e76b0c5a39110f079e4b3c9cad1b7fb12,367639c6ebd74f1e6d1c45ca2d30bf3d985a53df,0.020434662699699402
6040,5707844e76b0c5a39110f079e4b3c9cad1b7fb12,bb9e418469d018be7f5ac2c4b2435ccac50088a3,-0.015217328444123268
6041,5707844e76b0c5a39110f079e4b3c9cad1b7fb12,2ecb9944ff5ab08924729a6e87d90a9ff3662851,-0.023489389568567276
6042,5707844e76b0c5a39110f079e4b3c9cad1b7fb12,958d165f8bb77838ec915d4f214a2310e3adde19,0.005162089131772518
6043,5707844e76b0c5a39110f079e4b3c9cad1b7fb12,f49d19f1faad32c3e29fc0838f9b859a3f7306cf,-0.044110141694545746
6044,5707844e76b0c5a39110f079e4b3c9cad1b7fb12,2b1b3fa2e9e2c57dfcca772865e12f2dc18b9c10,-0.05515905097126961
6045,5707844e76b0c5a39110f079e4b3c9cad1b7fb12,8e6a2774982d24492273558a85eef0cec056efba,-0.04885466396808624
6046,5707844e76b0c5a39110f079e4b3c9cad1b7fb12,c481fb721531640e047ac7f598bd7714a5e62b33,-0.09097949415445328
6047,5707844e76b0c5a39110f079e4b3c9cad1b7fb12,ff3dc99b64ed951801b3e2a27f39167cf97181b0,-0.08161035925149918
6048,5707844e76b0c5a39110f079e4b3c9cad1b7fb12,6fbf0dce656a2d15fe844c01227dbe7b2a43f09d,-0.12347069382667542
6049,45182cf235fd8f9dd8a81f61f3efd488f78df75e,2483949663c6ba1632924e5a891edf7c8e2d3674,0.688875138759613
6050,45182cf235fd8f9dd8a81f61f3efd488f78df75e,42ff8359321613d209e38f30c90361b4935f3f36,0.3000251352787018
6051,45182cf235fd8f9dd8a81f61f3efd488f78df75e,8bdfdc2c2777b395c086810c03a8cdeccc55c4db,0.3040744364261627
6052,45182cf235fd8f9dd8a81f61f3efd488f78df75e,2c361ef5db3231d34656dd86d9b288397f0b929e,0.33409053087234497
6053,45182cf235fd8f9dd8a81f61f3efd488f78df75e,2ce0fc69327726b577854d1cb0fdca03b92bbeed,0.251863956451416
6054,45182cf235fd8f9dd8a81f61f3efd488f78df75e,5e25309f3f583f6ce606128b99659dc8400b25d0,0.20329934358596802
6055,45182cf235fd8f9dd8a81f61f3efd488f78df75e,c064b8dff03dcefdbb54e8d50264954fe018db09,0.16109946370124817
6056,45182cf235fd8f9dd8a81f61f3efd488f78df75e,048e82ac9c88c458a50cc6289662e9cb2ecb4fc9,0.14353309571743011
6057,45182cf235fd8f9dd8a81f61f3efd488f78df75e,5991fee5265df4466627ebba62e545a242d9e22d,0.17116622626781464
6058,45182cf235fd8f9dd8a81f61f3efd488f78df75e,ed581941ff272d18eb37bece2a2de7b9903fea3d,0.14745666086673737
6059,45182cf235fd8f9dd8a81f61f3efd488f78df75e,2b02c8cfbe38dd1543c251022253ddc0b818cc34,0.13262994587421417
6060,45182cf235fd8f9dd8a81f61f3efd488f78df75e,2242ede94533652741db89db0a186d2ee61dfa72,0.18936824798583984
6061,45182cf235fd8f9dd8a81f61f3efd488f78df75e,0f34fcab599aabf0ab46d91c21703a9a86b5f048,0.2032838761806488
6062,45182cf235fd8f9dd8a81f61f3efd488f78df75e,e00151237f247900f6d32525882a870ef4db5d65,0.12665021419525146
6063,45182cf235fd8f9dd8a81f61f3efd488f78df75e,c1d4d3b2dab80ac3eb4a0a537696248adabd1922,0.12131044268608093
6064,45182cf235fd8f9dd8a81f61f3efd488f78df75e,2ed677f29416f44196f379a3f06f682f53911bcf,0.1071644276380539
6065,45182cf235fd8f9dd8a81f61f3efd488f78df75e,0be0d781305750b37acb35fa187febd8db67bfcc,0.1675323247909546
6066,45182cf235fd8f9dd8a81f61f3efd488f78df75e,919f3ad43b48142ca52c979a956f0799e11d0f6c,0.07794755697250366
6067,45182cf235fd8f9dd8a81f61f3efd488f78df75e,c55cf8ec010075318fbe893280a29e8d14dfc0bd,0.06387864053249359
6068,45182cf235fd8f9dd8a81f61f3efd488f78df75e,326132546d6b4bd9e1a8237378b37b96cd47e51a,0.0453813374042511
6069,45182cf235fd8f9dd8a81f61f3efd488f78df75e,85db2d575c43e154a4f29a3062ed410b202043b5,0.05850354954600334
6070,45182cf235fd8f9dd8a81f61f3efd488f78df75e,2c13578a6a9257a048121bd8238b140e3350657e,0.06955714523792267
6071,45182cf235fd8f9dd8a81f61f3efd488f78df75e,5d52ab2645380ca0732717a914f337f7a1b1c4a5,0.06152288615703583
6072,45182cf235fd8f9dd8a81f61f3efd488f78df75e,57e2a179c15fa8fd62d6f6c7cb45186c5838d372,0.016362113878130913
6073,45182cf235fd8f9dd8a81f61f3efd488f78df75e,d5b023d962e15c519993eed913a73f44c595a7ad,-0.013630159199237823
6074,45182cf235fd8f9dd8a81f61f3efd488f78df75e,8bb53e8e02e7e3c17028d4e9b83b091ca0781490,-0.046561986207962036
6075,45182cf235fd8f9dd8a81f61f3efd488f78df75e,d6cc46d8da91ded74ff31785000edc9ca8d67e23,-0.0712621659040451
6076,45182cf235fd8f9dd8a81f61f3efd488f78df75e,577921d236feabd239113305e8fed707036bf5a8,-0.08205404877662659
6077,45182cf235fd8f9dd8a81f61f3efd488f78df75e,1cb051fe38814109803218301a2156e0b1649c88,-0.11627032607793808
6078,45182cf235fd8f9dd8a81f61f3efd488f78df75e,bff6bdff8f79702cc65e0811a4fab33a13379aee,-0.11799344420433044
6079,54cd8bfbe670a2fd787ff079bdeb11244a2609e8,0e851f49432767888b6ef4421beb268b9f2fc057,0.68282151222229
6080,54cd8bfbe670a2fd787ff079bdeb11244a2609e8,0e316f76dac185ee2d922e64d4659b2e36842196,0.6136791110038757
6081,54cd8bfbe670a2fd787ff079bdeb11244a2609e8,18f2d484c7722f4fcd21e1e2a3ae6ea5641dd104,0.48437798023223877
6082,54cd8bfbe670a2fd787ff079bdeb11244a2609e8,52b0c5495e8341c7a6f0afe4bba6b2e0c0dc3a68,0.48752593994140625
6083,54cd8bfbe670a2fd787ff079bdeb11244a2609e8,089895ef5f96bdb7eed9dd54f482c22350c2f30d,0.452383816242218
6084,54cd8bfbe670a2fd787ff079bdeb11244a2609e8,17d00c5f11e0fb83946ccb681b9f7ea1b403f26b,0.31696057319641113
6085,54cd8bfbe670a2fd787ff079bdeb11244a2609e8,87c69cdc26590970e08fed0d8f08af096963122f,0.24730053544044495
6086,54cd8bfbe670a2fd787ff079bdeb11244a2609e8,46609ce9194f801bc65afe73f581f753bb8563d0,0.16903933882713318
6087,54cd8bfbe670a2fd787ff079bdeb11244a2609e8,f30fe8b675bd0d11dc4c2bd4dcaa05b8b7599010,0.07037658989429474
6088,54cd8bfbe670a2fd787ff079bdeb11244a2609e8,ecdbf3e6aae8f11caef57fff9a76a3b5d4095d10,0.05926913395524025
6089,54cd8bfbe670a2fd787ff079bdeb11244a2609e8,f1e011307ccc62ce526849fc8ffd8487f452b5d4,0.0379796028137207
6090,54cd8bfbe670a2fd787ff079bdeb11244a2609e8,ab41136c0a73b42463db10f9dd2913f8d8735155,-0.01267719641327858
6091,54cd8bfbe670a2fd787ff079bdeb11244a2609e8,fddfd37d19c22809556dc9a6566f49dee80696a9,-0.020032621920108795
6092,54cd8bfbe670a2fd787ff079bdeb11244a2609e8,4ab50e9055d08365db3ae56187d3aba56a82a36d,-0.0015940722078084946
6093,54cd8bfbe670a2fd787ff079bdeb11244a2609e8,d168c2bd29fcad2083586430dd76f54da69bc8a6,0.006935775279998779
6094,54cd8bfbe670a2fd787ff079bdeb11244a2609e8,6d1ec802547fbf40f34b4ef5380d76a0c6321d14,-0.0030986834317445755
6095,54cd8bfbe670a2fd787ff079bdeb11244a2609e8,efe133717899b41cd4c0b0c999da312d3af60a6e,0.02580707147717476
6096,54cd8bfbe670a2fd787ff079bdeb11244a2609e8,84534c6fa2dab4768617205b302bfbce9b3bb376,-0.01133772823959589
6097,54cd8bfbe670a2fd787ff079bdeb11244a2609e8,56c700693b63e3da3b985777da6d9256e2e0dc21,-0.03104015812277794
6098,54cd8bfbe670a2fd787ff079bdeb11244a2609e8,9fc7bec27774eb786feced2d0fe522092bc553fe,-0.003953013569116592
6099,54cd8bfbe670a2fd787ff079bdeb11244a2609e8,4729943ac1bb2eaf39d3d734d94b21b55f0920ec,-0.04680832475423813
6100,54cd8bfbe670a2fd787ff079bdeb11244a2609e8,589d06db45e2319b29fc96582ea6c8be369f57ed,-0.015736788511276245
6101,54cd8bfbe670a2fd787ff079bdeb11244a2609e8,23a0a9b16462b96bf7b5aa6bb4709e919d7d7626,-0.026088504120707512
6102,54cd8bfbe670a2fd787ff079bdeb11244a2609e8,6ed760ce183fad4c40f05b68b637095b6ff5d245,-0.031424351036548615
6103,54cd8bfbe670a2fd787ff079bdeb11244a2609e8,c0bf57b798b7350ab8ace771faad6320663300bd,-0.07214976847171783
6104,54cd8bfbe670a2fd787ff079bdeb11244a2609e8,c67a8f1da910152dcfda706bda25a37164a75110,-0.06770581007003784
6105,54cd8bfbe670a2fd787ff079bdeb11244a2609e8,65643341ba8172057229074fe2eb31258650adb2,-0.09183663129806519
6106,54cd8bfbe670a2fd787ff079bdeb11244a2609e8,6a636ea58ecf86cba2f25579c3e9806bbd5ddce9,-0.10966529697179794
6107,54cd8bfbe670a2fd787ff079bdeb11244a2609e8,d85a5e4f1d3108a96490259540973f4032f43ce1,-0.1266268789768219
6108,54cd8bfbe670a2fd787ff079bdeb11244a2609e8,3580ebc04b2ee9fe95652436f1b4c9a2779e1733,-0.06783563643693924
6109,51236676c3bba877d82c31b393db1af4846527ac,3b4d901574162750af343c3d564ed4f514273c67,0.6857227683067322
6110,51236676c3bba877d82c31b393db1af4846527ac,4e97b53926d997f451139f74ec1601bbef125599,0.6858813762664795
6111,51236676c3bba877d82c31b393db1af4846527ac,373cf414cc038516a2cff11d7caafa3ff1031c6d,0.637668788433075
6112,51236676c3bba877d82c31b393db1af4846527ac,245414e768c3b8c8288ac0651604a36b1a44a446,0.6106686592102051
6113,51236676c3bba877d82c31b393db1af4846527ac,02227c94dd41fe0b439e050d377b0beb5d427cda,0.4282348155975342
6114,51236676c3bba877d82c31b393db1af4846527ac,ca5766b91da4903ad6f6d40a5b31a3ead1f7f6de,0.3120806813240051
6115,51236676c3bba877d82c31b393db1af4846527ac,69097673bd39554bbbd880ef588763b073fe79c7,0.22353194653987885
6116,51236676c3bba877d82c31b393db1af4846527ac,efa426e829e887efdef3ba0df5566097685a6b0e,0.25811076164245605
6117,51236676c3bba877d82c31b393db1af4846527ac,e0739088d578b2abf583e30953ffa000620cca98,0.1369808167219162
6118,51236676c3bba877d82c31b393db1af4846527ac,c425c7d84356bb827bb5a26d66497b24e5201fd8,0.1302519589662552
6119,51236676c3bba877d82c31b393db1af4846527ac,1af2e075903a3cc5ad5a192921a0b4fb67645dc1,0.13828860223293304
6120,51236676c3bba877d82c31b393db1af4846527ac,6863dc9fa61e47b839f1e481a396913b42c9b239,0.10309641063213348
6121,51236676c3bba877d82c31b393db1af4846527ac,cbb1787d507436048865ee2127044f2ab42b5b90,0.15250763297080994
6122,51236676c3bba877d82c31b393db1af4846527ac,8db9e3f2384b032278ed9e9113021538ef4b9b94,0.13525095582008362
6123,51236676c3bba877d82c31b393db1af4846527ac,d33c745e04b36f269d660dea6719b0c47c9478b7,0.09245138615369797
6124,51236676c3bba877d82c31b393db1af4846527ac,576203782173f94d3dfe779f7157645c990242f0,0.08509334176778793
6125,51236676c3bba877d82c31b393db1af4846527ac,554f6cc9cb9c64a25670eeb12827b803f3db2f71,0.10339534282684326
6126,51236676c3bba877d82c31b393db1af4846527ac,5732afb98a2e5b2970344b255b7af10f5c363873,-0.08462532609701157
6127,51236676c3bba877d82c31b393db1af4846527ac,ee8c779e7823814a5f1746d883ca77b26671b617,0.07910071313381195
6128,51236676c3bba877d82c31b393db1af4846527ac,8fd1d13e18c5ef8b57296adab6543cb810c36d81,0.015368764288723469
6129,51236676c3bba877d82c31b393db1af4846527ac,5367c2c9eeefe666a41cb4c13b7a6f4e9661eb1c,0.033544331789016724
6130,51236676c3bba877d82c31b393db1af4846527ac,6ec17e735cd9f7cb37485ab07b905a7895b0067d,-0.013255116529762745
6131,51236676c3bba877d82c31b393db1af4846527ac,812f3d2b8be0e8ae54a2cc7983a834ed91e3a49a,0.011369023472070694
6132,51236676c3bba877d82c31b393db1af4846527ac,8dce45a4fac6493985ac990f03108ba6b332006c,-0.018295839428901672
6133,51236676c3bba877d82c31b393db1af4846527ac,48f28c57e9a37333bb626412460877f0c9ca52ec,-0.040041085332632065
6134,51236676c3bba877d82c31b393db1af4846527ac,32e12185035cc61e5d7519b79e5f679684582b91,-0.0433831661939621
6135,51236676c3bba877d82c31b393db1af4846527ac,d08a2f386acded08a31a1fa945fdb00fababa00b,-0.08396319299936295
6136,51236676c3bba877d82c31b393db1af4846527ac,1df692629297cdb028a402a453f6f7a25d44fe45,-0.06460145115852356
6137,51236676c3bba877d82c31b393db1af4846527ac,99f3f950286b130f10e38127f903dfc0dfc843c8,-0.07302258163690567
6138,51236676c3bba877d82c31b393db1af4846527ac,bd5c67bf72da28a5f4bc06e58555683505d10ef1,-0.11048915982246399
6139,2d2f14551b8b7163558e97902e7b456b0ba0a8d0,519feb1f3c23baea6960dfa204521f96a74b82bb,0.4811127483844757
6140,2d2f14551b8b7163558e97902e7b456b0ba0a8d0,722fcc35def20cfcca3ada76c8dd7a585d6de386,0.5056623816490173
6141,2d2f14551b8b7163558e97902e7b456b0ba0a8d0,284b18d7196f608448ca3d9496bf220b1dfffcf5,0.5044265389442444
6142,2d2f14551b8b7163558e97902e7b456b0ba0a8d0,1432d0c3a4b96bc3af9f83d65d77be2fb1046fb6,0.478482723236084
6143,2d2f14551b8b7163558e97902e7b456b0ba0a8d0,5d69d9163d3fa1fbfd9d416e37e803d911885983,0.3887479901313782
6144,2d2f14551b8b7163558e97902e7b456b0ba0a8d0,8ecc044d920df247fbd455b752fd7cc0f7363ad7,0.48396775126457214
6145,2d2f14551b8b7163558e97902e7b456b0ba0a8d0,411a22de263daebb60aaae6da713f345e72e20a5,0.40337538719177246
6146,2d2f14551b8b7163558e97902e7b456b0ba0a8d0,b99f72445b1d4acb91aa159f0555f95e80e12b53,0.2886373996734619
6147,2d2f14551b8b7163558e97902e7b456b0ba0a8d0,b6450f16a6c23242dd96f9ba543b3339919d4832,0.24606245756149292
6148,2d2f14551b8b7163558e97902e7b456b0ba0a8d0,22e584677475a4a807b852a1ced75d5cdf24e23c,0.200651153922081
6149,2d2f14551b8b7163558e97902e7b456b0ba0a8d0,d5fb5f3f152236781faa0affd2f01fa3794479ae,0.208512082695961
6150,2d2f14551b8b7163558e97902e7b456b0ba0a8d0,64f0ab3f2c141779fa8769ea192bd40b0a9529c7,0.1624482423067093
6151,2d2f14551b8b7163558e97902e7b456b0ba0a8d0,9f6fa9677c015a1d7078f5bacda9e51c3fc0397a,0.14063836634159088
6152,2d2f14551b8b7163558e97902e7b456b0ba0a8d0,1a590df6a3d209206ccdb7fe81e62dfe72525897,0.1825563609600067
6153,2d2f14551b8b7163558e97902e7b456b0ba0a8d0,ccb01a51ed204da01a12728bf168376bd2415b38,0.07589356601238251
6154,2d2f14551b8b7163558e97902e7b456b0ba0a8d0,1c1406a873ac215ac4ccfdb37d9876e7902e080c,0.07630573213100433
6155,2d2f14551b8b7163558e97902e7b456b0ba0a8d0,5a886f4eb71afadbf04e9ee38643eb9f9143a0ac,0.07014215737581253
6156,2d2f14551b8b7163558e97902e7b456b0ba0a8d0,6261795029d0c97a06d81472e55618b9b7fd5f20,0.09665574133396149
6157,2d2f14551b8b7163558e97902e7b456b0ba0a8d0,60d188dd81d30d1b959a0a1ff8c0b0d768025dc7,0.11264774203300476
6158,2d2f14551b8b7163558e97902e7b456b0ba0a8d0,0de651bb9e647683eb06d9362a2690a6b3ad26a3,0.14507976174354553
6159,2d2f14551b8b7163558e97902e7b456b0ba0a8d0,eb2897f5aec62135da5ac896bf6c8ed23a27caca,0.06732004880905151
6160,2d2f14551b8b7163558e97902e7b456b0ba0a8d0,419ba9915c21bb56402a89e4d4612fb77ed6da2f,0.029749050736427307
6161,2d2f14551b8b7163558e97902e7b456b0ba0a8d0,c26a8ab9f2b31a3c4a9b86afccd579b0b73e81db,0.07532934844493866
6162,2d2f14551b8b7163558e97902e7b456b0ba0a8d0,4e582bd1f4a175abc142ad005bae6bba6b3b53e8,0.03185344487428665
6163,2d2f14551b8b7163558e97902e7b456b0ba0a8d0,853ba021b20e566a632a3c6e047b06c8914ec37d,-0.009294239804148674
6164,2d2f14551b8b7163558e97902e7b456b0ba0a8d0,3e1e94b06abc988cea6abbe85728ba182af5b5a1,-0.0001528523862361908
6165,2d2f14551b8b7163558e97902e7b456b0ba0a8d0,16be065238cc8120bbf66bcb098f578c65e0b17b,-0.038769640028476715
6166,2d2f14551b8b7163558e97902e7b456b0ba0a8d0,162d50e6e2c000baf10148f761cc0929aad48ca2,-0.04394160211086273
6167,2d2f14551b8b7163558e97902e7b456b0ba0a8d0,6e3e199268c96bed239f2b25dfa1d21d5e16d824,-0.07235415279865265
6168,2d2f14551b8b7163558e97902e7b456b0ba0a8d0,a607849a8327d36f987560653789a5f423e1bfa3,-0.14549985527992249
6169,8869669bc06dd9fa5a16be05c39e2e89bae49b7a,1783cbfb965484403b6702d07ccde5dc74ebb132,0.585288405418396
6170,8869669bc06dd9fa5a16be05c39e2e89bae49b7a,35deb0910773b810a642ff3b546de4eecfdc3ac3,0.5632197856903076
6171,8869669bc06dd9fa5a16be05c39e2e89bae49b7a,1821fbfc03a45af816a8d7aef50321654b0aeec0,0.5182576775550842
6172,8869669bc06dd9fa5a16be05c39e2e89bae49b7a,2a628e4a9c5f78bc6dcdf16514353336547846cc,0.517745852470398
6173,8869669bc06dd9fa5a16be05c39e2e89bae49b7a,122560e02003d5c0f1de3e0083c7a0474c8f1a53,0.24777650833129883
6174,8869669bc06dd9fa5a16be05c39e2e89bae49b7a,34ad25995c2e2ab2ef6e39d36db8808805b2914b,0.12534545361995697
6175,8869669bc06dd9fa5a16be05c39e2e89bae49b7a,25b87d1d17adabe2923da63e0b93fb7d2bac73f7,0.14891330897808075
6176,8869669bc06dd9fa5a16be05c39e2e89bae49b7a,c1ff5cdadaa8215d885c398fb0a3691550ad5770,0.14964695274829865
6177,8869669bc06dd9fa5a16be05c39e2e89bae49b7a,790989568b2290298bcf15a7b06abc6c27720f75,0.09970101714134216
6178,8869669bc06dd9fa5a16be05c39e2e89bae49b7a,10338babf0119e3dba196aef44fa717a1d9a06df,0.23188874125480652
6179,8869669bc06dd9fa5a16be05c39e2e89bae49b7a,71271e751e94ede85484250d0d8f7fc444423533,0.10602229833602905
6180,8869669bc06dd9fa5a16be05c39e2e89bae49b7a,8b9b7e1fb101a899b0309ec508ac5912787cc12d,0.10437972098588943
6181,8869669bc06dd9fa5a16be05c39e2e89bae49b7a,c6a2aaf173061731ec7f06f3a1d4b3734f10af18,0.10654532164335251
6182,8869669bc06dd9fa5a16be05c39e2e89bae49b7a,770ce8f2b66749c017a7e38ba7e8d504576afccf,0.08257793635129929
6183,8869669bc06dd9fa5a16be05c39e2e89bae49b7a,df91209c3933b263885a42934f78e7216bc2dc74,0.06310833245515823
6184,8869669bc06dd9fa5a16be05c39e2e89bae49b7a,70fc8f3b9727a028e23ae89bbf1bb4ec4feb8db6,0.03111276961863041
6185,8869669bc06dd9fa5a16be05c39e2e89bae49b7a,2740b1c450c7b6fa0d7cb8b52681c2e5b6f72752,0.022246666252613068
6186,8869669bc06dd9fa5a16be05c39e2e89bae49b7a,cf28677d9a095fde0ea19cb90d1f84f8b8d2e56c,0.014201611280441284
6187,8869669bc06dd9fa5a16be05c39e2e89bae49b7a,e50d15d7d5a7435d709757fa29da1a752e977d3c,-0.003442727029323578
6188,8869669bc06dd9fa5a16be05c39e2e89bae49b7a,e773cdd58f066db97b305fcb5dbad551aa38f00c,-0.004573699086904526
6189,8869669bc06dd9fa5a16be05c39e2e89bae49b7a,2815c2835d6056479d64aa64d879df9cd2572d2f,-0.030478112399578094
6190,8869669bc06dd9fa5a16be05c39e2e89bae49b7a,dc1b9c537812b3542c08ab982394abca998fc211,-0.03588724508881569
6191,8869669bc06dd9fa5a16be05c39e2e89bae49b7a,b24799316c69f367fccbd7ce2c4c732f9f92d1b5,-0.06608583778142929
6192,8869669bc06dd9fa5a16be05c39e2e89bae49b7a,a477778d8ae4cb70b67d02d094d030c44d0c6ffd,-0.068311907351017
6193,8869669bc06dd9fa5a16be05c39e2e89bae49b7a,36e41cdfddd190d7861b91b04a515967fd1541d9,-0.15389202535152435
6194,8869669bc06dd9fa5a16be05c39e2e89bae49b7a,9d3133a2d3c536fe628fd1fe1d428371b414ba0e,-0.1079377681016922
6195,8869669bc06dd9fa5a16be05c39e2e89bae49b7a,873c4a435d52f803e8391dde9be89044ff630725,-0.1164010614156723
6196,8869669bc06dd9fa5a16be05c39e2e89bae49b7a,bffe23d44eec0324f1be57877f05b06c379e77d5,-0.11014211177825928
6197,8869669bc06dd9fa5a16be05c39e2e89bae49b7a,d67cd96b0a30c5d2b2703491e02ec0f7d1954bb8,-0.11110074818134308
6198,8869669bc06dd9fa5a16be05c39e2e89bae49b7a,59b6d25b2e69f6114646e2913005263817fdf00e,-0.1445750594139099
6199,0bfa2ab02f3c9a9fe06fcebf34bd8f371e206512,387ef15ce6de4a74b1a51f3694419b90d3d81fba,0.5594368577003479
6200,0bfa2ab02f3c9a9fe06fcebf34bd8f371e206512,07c095dc513b7ac94a9360fab68ec4d2572797e2,0.5257858037948608
6201,0bfa2ab02f3c9a9fe06fcebf34bd8f371e206512,43d15ec7a3f7c26830541ea57f4af56b61983ca4,0.5572788119316101
6202,0bfa2ab02f3c9a9fe06fcebf34bd8f371e206512,1347af2305933f77953c881a78c6029ab50ae460,0.42450857162475586
6203,0bfa2ab02f3c9a9fe06fcebf34bd8f371e206512,801307124a2e4098b8d7402241ed189fed123be5,0.21539905667304993
6204,0bfa2ab02f3c9a9fe06fcebf34bd8f371e206512,7780c59bcc110b9b1987d74ccab27c3e108ebf0d,0.138579323887825
6205,0bfa2ab02f3c9a9fe06fcebf34bd8f371e206512,b3870b319e32b0a2f687aa873d7935f0043f6aa5,0.10838760435581207
6206,0bfa2ab02f3c9a9fe06fcebf34bd8f371e206512,602bb6a3eaab203895d5daaf311b728c53a41463,0.10496817529201508
6207,0bfa2ab02f3c9a9fe06fcebf34bd8f371e206512,4e348a6bb29f7ac5514ba52d503417424153223c,0.08528091013431549
6208,0bfa2ab02f3c9a9fe06fcebf34bd8f371e206512,11d11c127be2a23596e38e868977188f8eb59cd8,0.08312225341796875
6209,0bfa2ab02f3c9a9fe06fcebf34bd8f371e206512,eee5594f8e88e51f4fb86b43c9f4cb54d689f73c,0.06566375494003296
6210,0bfa2ab02f3c9a9fe06fcebf34bd8f371e206512,f4fdaaf864ca6f73ced06f937d3af978568998eb,0.03000170737504959
6211,0bfa2ab02f3c9a9fe06fcebf34bd8f371e206512,6123e52c1a560c88817d8720e05fbff8565271fb,0.05605020746588707
6212,0bfa2ab02f3c9a9fe06fcebf34bd8f371e206512,4469ff0b698d4752504b4b900b0cbef38ded59e4,0.034654401242733
6213,0bfa2ab02f3c9a9fe06fcebf34bd8f371e206512,28e28ba720462ced332bd649fcc6283fec9c134a,0.03907720744609833
6214,0bfa2ab02f3c9a9fe06fcebf34bd8f371e206512,fcb58022e146719109af0b527352d9a313705828,0.05111365020275116
6215,0bfa2ab02f3c9a9fe06fcebf34bd8f371e206512,55c769b5829ca88ba940e0050497f4956c233445,0.0013497918844223022
6216,0bfa2ab02f3c9a9fe06fcebf34bd8f371e206512,c5ae787fe9a647636da5384da552851a327159c0,-0.010196968913078308
6217,0bfa2ab02f3c9a9fe06fcebf34bd8f371e206512,3e37eb2620e86bafdcab25f7086806ba1bac3404,0.012973643839359283
6218,0bfa2ab02f3c9a9fe06fcebf34bd8f371e206512,22ddd63b622aa19166322abed42c3971685accd1,0.006632741540670395
6219,0bfa2ab02f3c9a9fe06fcebf34bd8f371e206512,1c9eb312cd57109b4040aab332aeff3e6661a929,0.005518291145563126
6220,0bfa2ab02f3c9a9fe06fcebf34bd8f371e206512,353656b577e1fbbbe995a1a623698f6fd8559b3d,0.0010059443302452564
6221,0bfa2ab02f3c9a9fe06fcebf34bd8f371e206512,fcdfdf3012bdd8feeaffc43f15bc976c11944ec3,-0.004913496784865856
6222,0bfa2ab02f3c9a9fe06fcebf34bd8f371e206512,93ade051f51f727ef745f2c417ed30eb08148e85,0.024828460067510605
6223,0bfa2ab02f3c9a9fe06fcebf34bd8f371e206512,4f0bfa3fb030a6aa6dc84ac97052583e425a1521,-0.06314335018396378
6224,0bfa2ab02f3c9a9fe06fcebf34bd8f371e206512,b6a8927a47dce4daf240c70711358727cac371c5,-0.06076083704829216
6225,0bfa2ab02f3c9a9fe06fcebf34bd8f371e206512,2cc0df76c91c52a497906abc1cdeda91edb2923c,0.0015465207397937775
6226,0bfa2ab02f3c9a9fe06fcebf34bd8f371e206512,5054139b40eb3036b7c04ef7dbc401782527dcfb,-0.02529733069241047
6227,0bfa2ab02f3c9a9fe06fcebf34bd8f371e206512,337cafd0035dee02fd62550bae301f796a553ac7,-0.08227750658988953
6228,dc344ea8e993584b924522d95febaeb74de2ad30,540c90efdf4c2a5c1f63e69cdd56fcbc79291f94,0.6024107933044434
6229,dc344ea8e993584b924522d95febaeb74de2ad30,31900b62fabf7da87573e93e473dd72cc68f24fa,0.5786531567573547
6230,dc344ea8e993584b924522d95febaeb74de2ad30,82ff00b247f05d486e02f36bbca498eb2992b778,0.5167802572250366
6231,dc344ea8e993584b924522d95febaeb74de2ad30,11a0dabaacc40144adcae5df3b06873236acca8f,0.5075528025627136
6232,dc344ea8e993584b924522d95febaeb74de2ad30,fd3c4a6fd18eaa55b9bc86cfbbd5039024576430,0.24935153126716614
6233,dc344ea8e993584b924522d95febaeb74de2ad30,318eb2148da32a4de2c5912733dfe936bdd66987,0.34783583879470825
6234,dc344ea8e993584b924522d95febaeb74de2ad30,129028ab6e19452b441994b929c64a198fee8dc0,0.17127278447151184
6235,dc344ea8e993584b924522d95febaeb74de2ad30,f0bb2eac780d33a2acc129a17e502a3aca28d3a3,0.12031856179237366
6236,dc344ea8e993584b924522d95febaeb74de2ad30,85b53ce504a6c9a087e4bacf1550221ad9f9787a,0.10123205929994583
6237,dc344ea8e993584b924522d95febaeb74de2ad30,76c20893b2e4e613b539f582b20cedb2136a7c60,0.08121597766876221
6238,dc344ea8e993584b924522d95febaeb74de2ad30,0a7c04c252621633992810bf0f184f287610c461,0.08243691176176071
6239,dc344ea8e993584b924522d95febaeb74de2ad30,fea861d6560483ee4460a86c9276f2f7f95de2d9,0.04583748057484627
6240,dc344ea8e993584b924522d95febaeb74de2ad30,40fe35ad80100a66ce386ecf2b6c1b76c90e2537,0.06735067814588547
6241,dc344ea8e993584b924522d95febaeb74de2ad30,30436a7ecdf498ea43136241524378b3c67cc2c7,0.018907122313976288
6242,dc344ea8e993584b924522d95febaeb74de2ad30,c1318f3cb939774c3a0fde4426c624c32d480486,-0.008425124920904636
6243,dc344ea8e993584b924522d95febaeb74de2ad30,c030c6d72c4bb170602120d6ef447564648f726d,-0.02300970070064068
6244,dc344ea8e993584b924522d95febaeb74de2ad30,9860e4fe7e3be606b6f9432319e6b2273687bf08,-0.007964033633470535
6245,dc344ea8e993584b924522d95febaeb74de2ad30,0a3b32fee59e5c419b3aa33d53c89843377b2200,0.019258324056863785
6246,dc344ea8e993584b924522d95febaeb74de2ad30,3f787bfac8f9d35a0cf1fe66cc275b6ed3e26819,-0.029519550502300262
6247,dc344ea8e993584b924522d95febaeb74de2ad30,d29ddce3ce4d8b85fcf0036d13e17a97506c6257,-0.03242206200957298
6248,dc344ea8e993584b924522d95febaeb74de2ad30,257c1b75d56c7a13975ea0f000a9ba4ff833cd6c,-0.03621327131986618
6249,dc344ea8e993584b924522d95febaeb74de2ad30,b92e1545fe1ac506a2649a2086e51840a8651b82,-0.06750543415546417
6250,dc344ea8e993584b924522d95febaeb74de2ad30,903148db6796946182f27affc89c5045e6572ada,-0.025359831750392914
6251,dc344ea8e993584b924522d95febaeb74de2ad30,791d2f15a664afa3de93151d81589a661ad1f5bf,-0.06397833675146103
6252,dc344ea8e993584b924522d95febaeb74de2ad30,1008e1b5d8d30a7d2f3a3113521e840c58d7b4ac,-0.07350915670394897
6253,dc344ea8e993584b924522d95febaeb74de2ad30,bf5230d345c1f1e3d876ab240f5e087e5d6a629b,-0.09144105017185211
6254,dc344ea8e993584b924522d95febaeb74de2ad30,360d4003511682c5f5b5f82f6befdda88ca3fa73,-0.09803508222103119
6255,dc344ea8e993584b924522d95febaeb74de2ad30,9e01c1886c389662f6e4a6074273272bb0d5b9a7,-0.07051651179790497
6256,dc344ea8e993584b924522d95febaeb74de2ad30,4e8930ae948262a89acf2e43c8e8b6e902c312c4,-0.08319662511348724
6257,dc344ea8e993584b924522d95febaeb74de2ad30,928e85a76a346ef5296e6e2e895a03f915cd952f,-0.1559775024652481
6258,46fe01be6684b2c6d04298f0e40589eff560af2b,c3da1095536f2fb5dd69ad86e39c7bd8d665e100,0.6899120807647705
6259,46fe01be6684b2c6d04298f0e40589eff560af2b,7dd98cd1dac8babb66c58c63c5aab3e4b98d0fe3,0.6717270612716675
6260,46fe01be6684b2c6d04298f0e40589eff560af2b,0236a9d8e9d3a648a5a945524f79b75dd5d01edb,0.6812797784805298
6261,46fe01be6684b2c6d04298f0e40589eff560af2b,8de327d3ec7b2b3a9ec007cdf532360482bd8017,0.6685793399810791
6262,46fe01be6684b2c6d04298f0e40589eff560af2b,1beeb25756ea352634e0c78ed653496a3474925e,0.7442874908447266
6263,46fe01be6684b2c6d04298f0e40589eff560af2b,6e675106f43d519a1afbc87fef836e7a445b26ef,0.21692928671836853
6264,46fe01be6684b2c6d04298f0e40589eff560af2b,4820cba0c8428defee3edc89fe0a7105b517940c,0.1323477327823639
6265,46fe01be6684b2c6d04298f0e40589eff560af2b,e24876e5b81381415eb39f2ee8655c1ea732b1ef,0.07308569550514221
6266,46fe01be6684b2c6d04298f0e40589eff560af2b,488fff23542ff397cdb1ced64db2c96320afc560,0.08546291291713715
6267,46fe01be6684b2c6d04298f0e40589eff560af2b,53588e00d970eda07b1d9109306f4a72a0c5e455,0.10173630714416504
6268,46fe01be6684b2c6d04298f0e40589eff560af2b,7c6e7d3ee5904ad940426bbb3e473cc9fbafdbe0,0.05899205803871155
6269,46fe01be6684b2c6d04298f0e40589eff560af2b,fac5a9a18157962cff38df6d4ae69f8a7da1cfa8,0.02778545394539833
6270,46fe01be6684b2c6d04298f0e40589eff560af2b,3661933b3173af59a20adbf129c0e3efa42c8ae4,0.016761567443609238
6271,46fe01be6684b2c6d04298f0e40589eff560af2b,6831db33ea9db905b66b09f476c429f085ebb45f,0.037511005997657776
6272,46fe01be6684b2c6d04298f0e40589eff560af2b,01dbd4ceafcd428bbb7b15db10d53952d0ad8ae7,0.011395072564482689
6273,46fe01be6684b2c6d04298f0e40589eff560af2b,787da29b8e0226a7b451ffd7f5d17f3394c3e615,0.01821059361100197
6274,46fe01be6684b2c6d04298f0e40589eff560af2b,fe4886dcc8132fc19f1bb25cde4fee08292915ce,-0.011556146666407585
6275,46fe01be6684b2c6d04298f0e40589eff560af2b,86e7ada570fdb001115a56176adeebcbc1afd722,-0.020755404606461525
6276,46fe01be6684b2c6d04298f0e40589eff560af2b,d9b826bf3fe005554fe05b5d219e34ec160d9270,-0.03272092342376709
6277,46fe01be6684b2c6d04298f0e40589eff560af2b,2ddb82c5e45e839d15a1579e530b7e640114fdff,-0.03380127623677254
6278,46fe01be6684b2c6d04298f0e40589eff560af2b,531673beb6db0a1e439da5920769be52af7be228,-0.027431510388851166
6279,46fe01be6684b2c6d04298f0e40589eff560af2b,5bc8b5d860b8a05ee7f894c5be3068fb59fa5f4a,-0.04443534463644028
6280,46fe01be6684b2c6d04298f0e40589eff560af2b,2b5cea3171e911c444f8253c68312d93c1545572,-0.07876083999872208
6281,46fe01be6684b2c6d04298f0e40589eff560af2b,65aa21f154b32635eee0c35799b23ab86ec1c799,-0.054400734603405
6282,46fe01be6684b2c6d04298f0e40589eff560af2b,655207daf6b6594a1dd13b00f9334fb78972d348,-0.03974625840783119
6283,46fe01be6684b2c6d04298f0e40589eff560af2b,11469352326248de37b299d6f49b0b5b107a083b,-0.05059697851538658
6284,46fe01be6684b2c6d04298f0e40589eff560af2b,dc12776d80c545ea320da23e536845b41bbf2d2b,-0.0514368936419487
6285,46fe01be6684b2c6d04298f0e40589eff560af2b,8f8686e0bd7db0fc2f9eddda2f24aea71f85d863,-0.07938873022794724
6286,46fe01be6684b2c6d04298f0e40589eff560af2b,d152dc9f111c39ab424a8049eb050ca67678656d,-0.10650372505187988
6287,46fe01be6684b2c6d04298f0e40589eff560af2b,3feb26730e17d76156dc22cbf4654ad17e2576dd,-0.13637284934520721
6288,04ca5de59edbdd49a9c0502c58331524d220bc8c,2414283ed14ebb0eec031bb75cd25fbad000687e,0.484050989151001
6289,04ca5de59edbdd49a9c0502c58331524d220bc8c,0788cda105da9853627d3e1ec8d01e01f7239c30,0.49437835812568665
6290,04ca5de59edbdd49a9c0502c58331524d220bc8c,f9f92fad17743dd14be7b8cc05ad0881b67f32c2,0.355347603559494
6291,04ca5de59edbdd49a9c0502c58331524d220bc8c,17d8fa4be0e351e62e6f1c72296e1f6136d3b9df,0.3917998671531677
6292,04ca5de59edbdd49a9c0502c58331524d220bc8c,76eea8436996c7e9c8f7ad3dac34a12865edab24,0.3701712489128113
6293,04ca5de59edbdd49a9c0502c58331524d220bc8c,51e93552fe55be91a5711ff2aabc04b742503e68,0.3621830344200134
6294,04ca5de59edbdd49a9c0502c58331524d220bc8c,8318fa48ed23f9e8b9909385d3560f029c623171,0.25778821110725403
6295,04ca5de59edbdd49a9c0502c58331524d220bc8c,3502439dbd2bdfb0a1b452f90760d8ff1fbb2c73,0.22727668285369873
6296,04ca5de59edbdd49a9c0502c58331524d220bc8c,4d0f1ef8e1ae14af8db252bb9057da17c55bef21,0.15155529975891113
6297,04ca5de59edbdd49a9c0502c58331524d220bc8c,46f0d44599188dadf831a3c0e486b2f0391d0dec,0.19215986132621765
6298,04ca5de59edbdd49a9c0502c58331524d220bc8c,bbb31f0a7c620cb168c9860167eae36e7936382d,0.1520272195339203
6299,04ca5de59edbdd49a9c0502c58331524d220bc8c,877aff9bd05de7e9d82587b0e6f1cda28fd33171,0.10935458540916443
6300,04ca5de59edbdd49a9c0502c58331524d220bc8c,226ac4e235990a4bfe0e4c77695e036d66f6c4d9,0.11347636580467224
6301,04ca5de59edbdd49a9c0502c58331524d220bc8c,40c5050e470fa0890e85487e4679197e07a91c09,0.13194124400615692
6302,04ca5de59edbdd49a9c0502c58331524d220bc8c,f825ae0fb460d4ca71ca308d8887b47fef47144b,0.09772921353578568
6303,04ca5de59edbdd49a9c0502c58331524d220bc8c,3e4c19f558862a92c8e7485758b5809a0b8338db,0.1054982990026474
6304,04ca5de59edbdd49a9c0502c58331524d220bc8c,511c905fcd908e46116c37dbb650e5609d4b3a14,0.13142971694469452
6305,04ca5de59edbdd49a9c0502c58331524d220bc8c,903520b0b13edc0e6a18a05dde11ff64f7a7582f,0.12948323786258698
6306,04ca5de59edbdd49a9c0502c58331524d220bc8c,2a65a1a126f843f0e3600ba80da50bc6d4c32855,0.29134368896484375
6307,04ca5de59edbdd49a9c0502c58331524d220bc8c,465fd6e50dc5c3c2583bc1d7a7b3b424e0101b9f,0.08808396756649017
6308,04ca5de59edbdd49a9c0502c58331524d220bc8c,48a7b3c5d2592ee6e5760f2dd3d771f2b701b682,0.045766107738018036
6309,04ca5de59edbdd49a9c0502c58331524d220bc8c,f5ceb1d4403a710fa2e0002755f286756b407c16,0.038776084780693054
6310,04ca5de59edbdd49a9c0502c58331524d220bc8c,82b90cbbfc440d3b932df2e732d37aa86af138e9,-0.0010929359123110771
6311,04ca5de59edbdd49a9c0502c58331524d220bc8c,fc64015f62631b642e0162860be9d753cc4a1b0a,0.014775058254599571
6312,04ca5de59edbdd49a9c0502c58331524d220bc8c,dd9d624bc79f0c08378fedb6ddbe772581fa0d45,0.00978626124560833
6313,04ca5de59edbdd49a9c0502c58331524d220bc8c,a7ebc07154979549def2c39e33ad711ae5f41c65,-0.03215811774134636
6314,04ca5de59edbdd49a9c0502c58331524d220bc8c,6d9dc7c078bc32f2b7c17637ecc60e5ffe410897,-0.03980551287531853
6315,04ca5de59edbdd49a9c0502c58331524d220bc8c,e17c0ca1e9e5658c54d0c556644bb0c8b5a606c7,-0.0437786802649498
6316,04ca5de59edbdd49a9c0502c58331524d220bc8c,8f50f6a53ac6c81ce583d098c5339058e7343794,-0.04860301688313484
6317,04ca5de59edbdd49a9c0502c58331524d220bc8c,967852b62d5ef4c0f65f7f5568c5ed8661b77460,-0.07062655687332153
6318,458f1428273254fc5dd399f3c104f507680ddd54,4556f3f9463166aa3e27b2bec798c0ca7316bd65,0.6122368574142456
6319,458f1428273254fc5dd399f3c104f507680ddd54,37c3303d173c055592ef923235837e1cbc6bd986,0.5345191955566406
6320,458f1428273254fc5dd399f3c104f507680ddd54,17fac85921a6538161b30665f55991f7c7e0f940,0.28980836272239685
6321,458f1428273254fc5dd399f3c104f507680ddd54,048c1752c56a64ee9883ee960b385835474b7fc0,0.21677106618881226
6322,458f1428273254fc5dd399f3c104f507680ddd54,af359fbcfc6d58a741ac0d597cd20eb9a68dfa51,0.20264598727226257
6323,458f1428273254fc5dd399f3c104f507680ddd54,872be69f66b12879d4741b0f0df02738452e3483,0.14912572503089905
6324,458f1428273254fc5dd399f3c104f507680ddd54,77abdfbfe65af328f61c6c0ed30b388c6cde8d63,0.1550750881433487
6325,458f1428273254fc5dd399f3c104f507680ddd54,d4ddf8e44d13ac198384819443d6170fb4428614,0.14162039756774902
6326,458f1428273254fc5dd399f3c104f507680ddd54,72e8b0167757b9c8579972ee6972065ba5cb762d,0.08206674456596375
6327,458f1428273254fc5dd399f3c104f507680ddd54,bebdd553058ab50d0cb19a1f65d7f4daeb7cda37,0.1285037249326706
6328,458f1428273254fc5dd399f3c104f507680ddd54,2a622720d4021259a6f6d3c6298559d1b56e7e62,0.14590173959732056
6329,458f1428273254fc5dd399f3c104f507680ddd54,f7a0d42044b26be8d509310ba20fd8d665943eba,0.1002943217754364
6330,458f1428273254fc5dd399f3c104f507680ddd54,2e4e83ec31b43595ee7160a7bdb5c3a7dc4a1db2,0.09679675102233887
6331,458f1428273254fc5dd399f3c104f507680ddd54,7848c7c6a782c6941bdd67556521aa97569366a4,0.10017998516559601
6332,458f1428273254fc5dd399f3c104f507680ddd54,04f39720b9b20f8ab990228ae3fe4f473e750fe3,0.2926904559135437
6333,458f1428273254fc5dd399f3c104f507680ddd54,1407b3363d9bd817b00e95190a95372d3cb3694a,0.08089040964841843
6334,458f1428273254fc5dd399f3c104f507680ddd54,48aef24024c979d70161cb8ca86793c2de8584ff,0.09383365511894226
6335,458f1428273254fc5dd399f3c104f507680ddd54,104e29743b98ea97d73ce9558e839e0a6e90113f,0.05355162173509598
6336,458f1428273254fc5dd399f3c104f507680ddd54,2bcdc111f96df6b77a7d6be8c9a7e54eeda6d443,0.08995673805475235
6337,458f1428273254fc5dd399f3c104f507680ddd54,c5ad3dc750cc9c8316ee5903141baa7e857e670e,0.029690561816096306
6338,458f1428273254fc5dd399f3c104f507680ddd54,0ee6254ab9bd1bc52d851206a84ec5f3fab9a308,0.0321318544447422
6339,458f1428273254fc5dd399f3c104f507680ddd54,1bf9a76c9d9838afc51983894b58790b14c2e3d3,-0.0033786408603191376
6340,458f1428273254fc5dd399f3c104f507680ddd54,97bafb07cb97c7847b0b39bc0cafd1bafc28cca7,0.004093704745173454
6341,458f1428273254fc5dd399f3c104f507680ddd54,5786cb96af196a5e70660689fe6bd92d40e6d7ab,-0.016239073127508163
6342,458f1428273254fc5dd399f3c104f507680ddd54,b90a3e7d80eeb1f320e2d548cf17e7d17718d1eb,-0.026978978887200356
6343,458f1428273254fc5dd399f3c104f507680ddd54,9cc995f368233a7dce30d5a48c3509b5b4ffa57b,-0.04886467009782791
6344,458f1428273254fc5dd399f3c104f507680ddd54,b8349a89ef37e5f741da19609b6aea777cbc39ca,-0.05145740136504173
6345,458f1428273254fc5dd399f3c104f507680ddd54,64c7f6717d962254721c204e60ea106c0ff4acda,-0.034989822655916214
6346,458f1428273254fc5dd399f3c104f507680ddd54,f5de0751d6d73f0496ac5842cc6ca84b2d0c2063,-0.09532526880502701
6347,458f1428273254fc5dd399f3c104f507680ddd54,5a2b6c6a7b9cb12554f660610526b22da8e070a7,-0.07898924499750137
6348,944776444c62932a5dd703a082f7ce53c4153d61,1f6ba0782862ec12a5ec6d7fb608523d55b0c6ba,0.5946627855300903
6349,944776444c62932a5dd703a082f7ce53c4153d61,d9a6ca780e82477e8d77e4abd02c09d8057cfb8c,0.35263216495513916
6350,944776444c62932a5dd703a082f7ce53c4153d61,649922386f1222a2e64c1c80bcc171431c070e92,0.4660210609436035
6351,944776444c62932a5dd703a082f7ce53c4153d61,052b1d8ce63b07fec3de9dbb583772d860b7c769,0.4031977951526642
6352,944776444c62932a5dd703a082f7ce53c4153d61,f2545e19fe7af037f13f693711afe3eb9019bf72,0.2814103364944458
6353,944776444c62932a5dd703a082f7ce53c4153d61,1efea64c597a295e8302c3678a29ec7aff0c9460,0.28965437412261963
6354,944776444c62932a5dd703a082f7ce53c4153d61,e6556a463c21cc3b114ac63b02b1667a73ff7d2c,0.25586602091789246
6355,944776444c62932a5dd703a082f7ce53c4153d61,543b52629963eac11b2b8b3cf05273539277bafb,0.2151026576757431
6356,944776444c62932a5dd703a082f7ce53c4153d61,272216c1f097706721096669d85b2843c23fa77d,0.2994774580001831
6357,944776444c62932a5dd703a082f7ce53c4153d61,3d0df7797a91b5ba7d9e018842a6a1d7abd8fd80,0.24178177118301392
6358,944776444c62932a5dd703a082f7ce53c4153d61,16358a75a3a6561d042e6874d128d82f5b0bd4b3,0.24474550783634186
6359,944776444c62932a5dd703a082f7ce53c4153d61,8109c1996d8e3463bf771e278a78f2c9a3fbc52d,0.1064896211028099
6360,944776444c62932a5dd703a082f7ce53c4153d61,32f140fbb9514fd3ead5177025c467b50896db30,0.38609778881073
6361,944776444c62932a5dd703a082f7ce53c4153d61,7a4741355af401a9b65297960593c645fde364a4,0.11660829931497574
6362,944776444c62932a5dd703a082f7ce53c4153d61,b49e31fe5948b3ca4552ac69dd7a735607467f1c,0.07823742926120758
6363,944776444c62932a5dd703a082f7ce53c4153d61,5c3785bc4dc07d7e77deef7e90973bdeeea760a5,0.33221256732940674
6364,944776444c62932a5dd703a082f7ce53c4153d61,250fdb28cb6515147eff52ad18bc07902c9d88ad,0.050928615033626556
6365,944776444c62932a5dd703a082f7ce53c4153d61,3181b9ce21265bbf8175314714e1535f75b3d80f,0.06240198016166687
6366,944776444c62932a5dd703a082f7ce53c4153d61,b91d2354302da4db06841a474ce37ee98656bcda,0.08413749188184738
6367,944776444c62932a5dd703a082f7ce53c4153d61,38a08fbe5eabbd68db495fa38f4ee506d82095d4,0.03960798680782318
6368,944776444c62932a5dd703a082f7ce53c4153d61,81179a51e518238e004b07e5c7f2fcef2ac3868f,0.04240260273218155
6369,944776444c62932a5dd703a082f7ce53c4153d61,62198d1c71b827f0674da3d4d7ebf718702713eb,0.049306683242321014
6370,944776444c62932a5dd703a082f7ce53c4153d61,b3b3818d5c94db12fb632354926ccbcf02b14a4e,0.055610932409763336
6371,944776444c62932a5dd703a082f7ce53c4153d61,7fd3bf8fe9c17b7dfed46412efe8549f76b6c1cc,0.022541962563991547
6372,944776444c62932a5dd703a082f7ce53c4153d61,807168ac98191495a6fec9e992f9a5588c59c2b6,-0.03143637999892235
6373,944776444c62932a5dd703a082f7ce53c4153d61,a7f0587ea7ddfb9fcef6210a898b6fe37884182a,-0.027538536116480827
6374,944776444c62932a5dd703a082f7ce53c4153d61,6c9bbae1bb6eaa7bd66b226ac6a5d4341f14f7dc,-0.028039634227752686
6375,944776444c62932a5dd703a082f7ce53c4153d61,ccfb3ce17d27d239ac39458987f67fcade966b62,-0.05312561243772507
6376,944776444c62932a5dd703a082f7ce53c4153d61,742ae6841eefa0ce5ec2f22cef938f88e660f677,-0.05598323047161102
6377,944776444c62932a5dd703a082f7ce53c4153d61,0c8f2cd4282d31cdff72d9471f2639d66fe28047,-0.08669345080852509
6378,068a88330c93a41058d6e04e576d7e1a21dc6ee7,05ff07498f456ce7504ec1a2b6b646647157d4b8,0.4890657663345337
6379,068a88330c93a41058d6e04e576d7e1a21dc6ee7,9327691fac69ecc6fbe848df94a6e5d358c76b29,0.42639315128326416
6380,068a88330c93a41058d6e04e576d7e1a21dc6ee7,1e300582966022da2126753fa406db29404784e1,0.367378294467926
6381,068a88330c93a41058d6e04e576d7e1a21dc6ee7,3c86958bd1902e60496a8fcb8312ec1ab1c32b63,0.3743996322154999
6382,068a88330c93a41058d6e04e576d7e1a21dc6ee7,1ad0ffeb6e69a5bc09ffa53712888b84a3b9df95,0.4109245240688324
6383,068a88330c93a41058d6e04e576d7e1a21dc6ee7,c8a5e1a8c46fa368449d3afd6da5e0f5b2812659,0.2608456015586853
6384,068a88330c93a41058d6e04e576d7e1a21dc6ee7,244c7d89bcd67b26756123edf44c71fd5f39dea6,0.2575523853302002
6385,068a88330c93a41058d6e04e576d7e1a21dc6ee7,c6916fc5b6798c91c1c7f486d95cc94bc0a61afa,0.16681694984436035
6386,068a88330c93a41058d6e04e576d7e1a21dc6ee7,fa6e2cc0ddae94afdebd494e94bb54fa74fed209,0.19389986991882324
6387,068a88330c93a41058d6e04e576d7e1a21dc6ee7,0c643edaa987db5aef20ffe44d651c1c4c122233,0.16207289695739746
6388,068a88330c93a41058d6e04e576d7e1a21dc6ee7,bdd85b0db321ed22a3b2dc77154dac8b3ec3ad4d,0.13420143723487854
6389,068a88330c93a41058d6e04e576d7e1a21dc6ee7,80c77d57a4e1c365d1feb7c0a1ba165b10f7de7c,0.17206035554409027
6390,068a88330c93a41058d6e04e576d7e1a21dc6ee7,1d72c53e99e9e35c5556ee9732887425b05930bb,0.151078000664711
6391,068a88330c93a41058d6e04e576d7e1a21dc6ee7,1003462fd2d360542ea712430b13cf0c43fc7f9d,0.10318153351545334
6392,068a88330c93a41058d6e04e576d7e1a21dc6ee7,46d16042c6edb8d1992ffa2a2fd853dca85af7cb,0.1450084149837494
6393,068a88330c93a41058d6e04e576d7e1a21dc6ee7,5b64fb780ed5705409d3cbc895ca64054a15d725,0.11846806108951569
6394,068a88330c93a41058d6e04e576d7e1a21dc6ee7,0d42801cda0e6c80a6bcaf31efe6cf853fa052d0,0.04710216447710991
6395,068a88330c93a41058d6e04e576d7e1a21dc6ee7,c1bd81e6b1ea16547b24cebda62db9c636646dfb,0.0389886349439621
6396,068a88330c93a41058d6e04e576d7e1a21dc6ee7,14ba087f7fb4e5e1c3c850f5795caf279786e6ca,0.04935836046934128
6397,068a88330c93a41058d6e04e576d7e1a21dc6ee7,a6a6690ad6e6a2d7db8bcfff884feb34e2a5113f,0.05116838589310646
6398,068a88330c93a41058d6e04e576d7e1a21dc6ee7,b274ec2cd276a93d899ae923932d27293417b26e,0.023602649569511414
6399,068a88330c93a41058d6e04e576d7e1a21dc6ee7,43c2933035ed445c22bd8ee20179d64b084f29ca,-0.0002835523337125778
6400,068a88330c93a41058d6e04e576d7e1a21dc6ee7,de3189199c3da03c24cc56b1610e6993c86b389b,-0.030694324523210526
6401,068a88330c93a41058d6e04e576d7e1a21dc6ee7,47a44665e0b6b70b5566bcbf201abc5bfdc630f2,-0.01853078044950962
6402,068a88330c93a41058d6e04e576d7e1a21dc6ee7,d42d9460fcaa3fe836f556682ab13b3f3c6bd145,-0.017924603074789047
6403,068a88330c93a41058d6e04e576d7e1a21dc6ee7,299a80fb590834c42db813ecdbdf4f5f851ca9ee,-0.06751935929059982
6404,068a88330c93a41058d6e04e576d7e1a21dc6ee7,e59f288fe83575ce701d0dc64e9825d2165eca67,-0.07436949014663696
6405,068a88330c93a41058d6e04e576d7e1a21dc6ee7,212cdc602cf9222297beaa9cbdb7792441ceb7e4,-0.09735920280218124
6406,068a88330c93a41058d6e04e576d7e1a21dc6ee7,5b4c1480477fe2324a99fa032bec2834ef31efd6,-0.06942210346460342
6407,068a88330c93a41058d6e04e576d7e1a21dc6ee7,7b8031213276b23060fbd17d1d7182835fc2e0c3,-0.1308392882347107
6408,6f3b604e98cf705c73c8685aae6c0e911a22a26b,8d4d06159413e1bb65ef218b4c78664d84a9b3c3,0.5947549343109131
6409,6f3b604e98cf705c73c8685aae6c0e911a22a26b,8db37013b0b3315badaa7190d4c3af9ec56ab278,0.4752016067504883
6410,6f3b604e98cf705c73c8685aae6c0e911a22a26b,deaa995628987862b8521b43dc9519d868c78ab2,0.49388444423675537
6411,6f3b604e98cf705c73c8685aae6c0e911a22a26b,5c97d83fb681f398bb3bf3d1df85f0c2dbe12297,0.5026061534881592
6412,6f3b604e98cf705c73c8685aae6c0e911a22a26b,30dd12a894eff2a488c83f565bc287b4dd03c0cc,0.3111957013607025
6413,6f3b604e98cf705c73c8685aae6c0e911a22a26b,4c794724efba21333fa10b727609187e3cfee398,0.24666303396224976
6414,6f3b604e98cf705c73c8685aae6c0e911a22a26b,ccd74a2b3176edb4175e4cd4b2e603e79df9067a,0.15696528553962708
6415,6f3b604e98cf705c73c8685aae6c0e911a22a26b,295521cfe1a56458d53a58613de5fb92c97c5c23,0.11050207912921906
6416,6f3b604e98cf705c73c8685aae6c0e911a22a26b,136cdff5828759b32302c8ba3f0111753286e534,0.07363790273666382
6417,6f3b604e98cf705c73c8685aae6c0e911a22a26b,42dcf7c039bf8bb36b8fa3a658bd66e834128c1b,0.09009582549333572
6418,6f3b604e98cf705c73c8685aae6c0e911a22a26b,26dae2294cef1ab062b14bf7fe5649ddc88df046,0.08864638954401016
6419,6f3b604e98cf705c73c8685aae6c0e911a22a26b,37de340b2a26a94a0e1db02a155cacb33c10c746,0.03974016755819321
6420,6f3b604e98cf705c73c8685aae6c0e911a22a26b,dda593f391e0442cbdf7441e47c8f488c6c24cf4,0.054121680557727814
6421,6f3b604e98cf705c73c8685aae6c0e911a22a26b,2b7045cdc93c2cba7f7239b113d24623337d0dec,0.07398563623428345
6422,6f3b604e98cf705c73c8685aae6c0e911a22a26b,8efbc664db0f6d0286daefaf9003d068ec1cbaa9,0.06398004293441772
6423,6f3b604e98cf705c73c8685aae6c0e911a22a26b,bc2e3161c077b2358895b1ac4cdd45c8af1e4f64,0.06138630956411362
6424,6f3b604e98cf705c73c8685aae6c0e911a22a26b,92e5dfff21bb7fc2bece1036057a9597306cd5b7,0.04655550420284271
6425,6f3b604e98cf705c73c8685aae6c0e911a22a26b,2bf0d52ff202eb65c66727584bdee44a14c6c1ef,0.012889113277196884
6426,6f3b604e98cf705c73c8685aae6c0e911a22a26b,22e74d49ed9fd3834e1fc265188cd8d6aa292087,0.05429072305560112
6427,6f3b604e98cf705c73c8685aae6c0e911a22a26b,6916f6f2fbafea44cf772579a37c70f0d64cdbc0,0.036357954144477844
6428,6f3b604e98cf705c73c8685aae6c0e911a22a26b,f180d4f9e9d7606aed2dd161cc8388cb5a553fed,0.01540082972496748
6429,6f3b604e98cf705c73c8685aae6c0e911a22a26b,d92092849ca6bbf689fd45ee47205677907b0242,-0.0002673044800758362
6430,6f3b604e98cf705c73c8685aae6c0e911a22a26b,4ef973984a8ea481edf74e0d2074e19d0389e76b,0.008244354277849197
6431,6f3b604e98cf705c73c8685aae6c0e911a22a26b,642d1ea778f078b20b944da89e74bfd1c5a63b44,0.029237980023026466
6432,6f3b604e98cf705c73c8685aae6c0e911a22a26b,1866a86d4b0dcee27bc3c5f9ed7909b09da8d236,-0.01441732794046402
6433,6f3b604e98cf705c73c8685aae6c0e911a22a26b,34f3955cb11db849789f7fbc78eb3cb347dd573d,0.071162149310112
6434,6f3b604e98cf705c73c8685aae6c0e911a22a26b,32fb146b50b43aa10a09536f1d5b2359de98b442,-0.03017604351043701
6435,6f3b604e98cf705c73c8685aae6c0e911a22a26b,02e8bb6cdc91cc2d94b2b2a40e254028600ec736,-0.040864791721105576
6436,6f3b604e98cf705c73c8685aae6c0e911a22a26b,b890772a9b44fc9f153c63e7046f427067613c6d,-0.06058301776647568
6437,6f3b604e98cf705c73c8685aae6c0e911a22a26b,1b6920882e24bfd74cf71df46f3cc9c4a6ed3004,-0.09300271421670914
6438,0f1b8238e4b8f8937c78dbd2d77d3945723b596a,47cc4c948d08a22639770ad3bbf1b41e18c6edfe,0.6788344979286194
6439,0f1b8238e4b8f8937c78dbd2d77d3945723b596a,60bbeedf201a2fcdf9efac19ff32aafe2e33b606,0.5562921762466431
6440,0f1b8238e4b8f8937c78dbd2d77d3945723b596a,fd06836db095e897ca83c43820d1d44fb481201a,0.532543420791626
6441,0f1b8238e4b8f8937c78dbd2d77d3945723b596a,6d1caaff7af3c9281e423d198697372de2976154,0.5646659731864929
6442,0f1b8238e4b8f8937c78dbd2d77d3945723b596a,69d6775fe81a04711e68a942fd45e0a72ed34110,0.44381630420684814
6443,0f1b8238e4b8f8937c78dbd2d77d3945723b596a,ac76c7e2624473dfd77fa350adf11b223655a34d,0.15067240595817566
6444,0f1b8238e4b8f8937c78dbd2d77d3945723b596a,2563efea0a5acc4eae586632c94cca490428658d,0.11742711067199707
6445,0f1b8238e4b8f8937c78dbd2d77d3945723b596a,3b574e22e2151b63a224e3e4f41387d6542210f4,0.0829966738820076
6446,0f1b8238e4b8f8937c78dbd2d77d3945723b596a,bd8d9e1b3a192fcd045c7a3389920ac98097e774,0.08587062358856201
6447,0f1b8238e4b8f8937c78dbd2d77d3945723b596a,8ed0ee88e811aaaad56d1a42e2cfce02edcc90ff,0.07441429048776627
6448,0f1b8238e4b8f8937c78dbd2d77d3945723b596a,38c74ee4aa8b8069f39ce765ee6063423e3c146b,0.08605889976024628
6449,0f1b8238e4b8f8937c78dbd2d77d3945723b596a,44808fd8f2ffd19bb266708b8de835c28f5b8596,0.08789099752902985
6450,0f1b8238e4b8f8937c78dbd2d77d3945723b596a,00ad8a79aaba6749789971972879bd591a7b23c5,0.05540093034505844
6451,0f1b8238e4b8f8937c78dbd2d77d3945723b596a,47dd049e44c5e1c0e572284aa0e579900cf092a8,0.05998203158378601
6452,0f1b8238e4b8f8937c78dbd2d77d3945723b596a,6a31bef6a2ae5a6440c981cd818271f6eab1b628,0.07046087831258774
6453,0f1b8238e4b8f8937c78dbd2d77d3945723b596a,970b4d2ed1249af97cdf2fffdc7b4beae458db89,0.06906145066022873
6454,0f1b8238e4b8f8937c78dbd2d77d3945723b596a,046bf6fb90438335eaee07594855efbf541a8aba,0.04818611592054367
6455,0f1b8238e4b8f8937c78dbd2d77d3945723b596a,164ad83f36c50170351e3c0b58731e53ecd4b82c,0.026046575978398323
6456,0f1b8238e4b8f8937c78dbd2d77d3945723b596a,6659f09d0b458dda15d6d990f216ba2b19b9fa00,0.04371854290366173
6457,0f1b8238e4b8f8937c78dbd2d77d3945723b596a,ef05eeab9d356214d928fadafd5ce2b5c52ef4ff,0.03909948468208313
6458,0f1b8238e4b8f8937c78dbd2d77d3945723b596a,b385debea84e4784f30747c9ec6fbbc7a17f1ec1,0.034201860427856445
6459,0f1b8238e4b8f8937c78dbd2d77d3945723b596a,5cf321385fcd87dfb0770b48180b38462038cbbf,0.023064136505126953
6460,0f1b8238e4b8f8937c78dbd2d77d3945723b596a,7cb9749578fcd1bdf8f238629da42fe75fcea426,0.03056015446782112
6461,0f1b8238e4b8f8937c78dbd2d77d3945723b596a,3be38924dd2a4b420338b3634e4eb7d7d22abbad,-0.008726399391889572
6462,0f1b8238e4b8f8937c78dbd2d77d3945723b596a,6e09a291d61f0e26ce3522a1b0fce952fb811090,-0.042107194662094116
6463,0f1b8238e4b8f8937c78dbd2d77d3945723b596a,afa2696a7bb3ebde1cf3514382433a0b705b43d3,-0.022744998335838318
6464,0f1b8238e4b8f8937c78dbd2d77d3945723b596a,82ad99ac9fdeb42bb01248e67d28ee05d9b33ca8,-0.042288120836019516
6465,0f1b8238e4b8f8937c78dbd2d77d3945723b596a,6aa12ca2bdfa18a8eac0c882b10d5c676efa05f7,-0.09403695166110992
6466,0f1b8238e4b8f8937c78dbd2d77d3945723b596a,f32a35f6c0bae011aae40589488645b30dcb971e,-0.10758759081363678
6467,0f1b8238e4b8f8937c78dbd2d77d3945723b596a,fa74238203e293e1a572b206d714729f6efd3444,-0.09474362432956696
6468,732f728283917b3bad295099a30c8af6374c74be,0551fa57a42ae0fff9c670dffecfc0c63e0ec89d,0.8326834440231323
6469,732f728283917b3bad295099a30c8af6374c74be,05b06fd42e3b64a82f1da0576297a2977797a127,0.7525197863578796
6470,732f728283917b3bad295099a30c8af6374c74be,349e26b382c4089a11e8a6e49c371a4d126e85d9,0.6024893522262573
6471,732f728283917b3bad295099a30c8af6374c74be,8cbef23c9ee2ae7c35cc691a0c1d713a6377c9f2,0.553979218006134
6472,732f728283917b3bad295099a30c8af6374c74be,7599ed76c7b46754c49fb8d70895e10ff1207f49,0.3506443202495575
6473,732f728283917b3bad295099a30c8af6374c74be,1f0396c08e8485358b3d1e13f451ed12ecfc1a77,0.2928049564361572
6474,732f728283917b3bad295099a30c8af6374c74be,67156902beca9bc90b728c8d5dd4ac9d8b27d3a3,0.23012061417102814
6475,732f728283917b3bad295099a30c8af6374c74be,2a94fa0de804b5efaae1a66f50c3ea96539c46b8,0.24092566967010498
6476,732f728283917b3bad295099a30c8af6374c74be,5b3d331fba47697a9d38412f8eea7b2f6bc3a320,0.3468887209892273
6477,732f728283917b3bad295099a30c8af6374c74be,6301eb787862f559617b3c2b2953155631e6de05,0.17142485082149506
6478,732f728283917b3bad295099a30c8af6374c74be,55b5c3b931f86a71aaa0be99eecdcea3b27078d4,0.11463417112827301
6479,732f728283917b3bad295099a30c8af6374c74be,3538a563adf1ec16d90c444542b7a7fd5cec748f,0.11033398658037186
6480,732f728283917b3bad295099a30c8af6374c74be,a968d448aaf22821103267a19559dcdf6f5feeea,0.1292683184146881
6481,732f728283917b3bad295099a30c8af6374c74be,8d8aa22affe4225ca51ec460463b8fb6b5f505a4,0.11561119556427002
6482,732f728283917b3bad295099a30c8af6374c74be,0ca1e465dd85b8254bcdd7053032d7eab6e2d4b4,0.10140080749988556
6483,732f728283917b3bad295099a30c8af6374c74be,4e676dfa09a48e4a8497f7577dab267481881a3e,0.09073208272457123
6484,732f728283917b3bad295099a30c8af6374c74be,e9c513fe159c2b243325f90b6e9bcdb5f8d75c22,0.05174323171377182
6485,732f728283917b3bad295099a30c8af6374c74be,f3d5c5f9ea59a2a71461985da3aca7f3d5044b4e,0.10747706890106201
6486,732f728283917b3bad295099a30c8af6374c74be,8cda6e3762ab22aa47a827e28a7cb3692cd99ce2,0.06774924695491791
6487,732f728283917b3bad295099a30c8af6374c74be,cedeeccea19b851cdfa3cd8ce753226c2bf55dd8,0.03643783554434776
6488,732f728283917b3bad295099a30c8af6374c74be,210f996bf85fb47a2f70aec1b6a599e520ae2bc7,0.02957242541015148
6489,732f728283917b3bad295099a30c8af6374c74be,94575d49df241b7931cd9b37298bdaa19c20f8f8,0.04801659286022186
6490,732f728283917b3bad295099a30c8af6374c74be,1f43a7e5e05f5fee3bdcf2c1c0aa6beb7cb94cca,0.03218039497733116
6491,732f728283917b3bad295099a30c8af6374c74be,28fadbb09e3bf36e58660b30e626d870de43785a,0.01265705656260252
6492,732f728283917b3bad295099a30c8af6374c74be,7d660fc6a2a45df97ae33d835e01a2585fa4d33f,0.017276976257562637
6493,732f728283917b3bad295099a30c8af6374c74be,848ceabcc8b127a9df760c83b94859bbbc069fca,-0.0223590936511755
6494,732f728283917b3bad295099a30c8af6374c74be,47500adb003887bb04d4c2585a81738324ff46ac,-0.017135094851255417
6495,732f728283917b3bad295099a30c8af6374c74be,1234ebb4e631f0be9a5260b3b775386203369aa5,-0.04504524916410446
6496,732f728283917b3bad295099a30c8af6374c74be,de13552fa38655f98409c7684181a85e7c4452bc,-0.04064342752099037
6497,732f728283917b3bad295099a30c8af6374c74be,f1da8ff91712c0e733166db7e4c5de97b0dc698c,-0.09319709241390228
6498,81efd70fcc216b6528d48efa758671d9862b21c3,c8621c6634407aaae2a0cb3fc2d073a583dbeef5,0.7163770198822021
6499,81efd70fcc216b6528d48efa758671d9862b21c3,66a08ff2ea7447093624632e7069e3da16961d30,0.5466106534004211
6500,81efd70fcc216b6528d48efa758671d9862b21c3,135ac65825f8bb23e1acdb45707ae9f57dc4953c,0.44643083214759827
6501,81efd70fcc216b6528d48efa758671d9862b21c3,1a54a8b0c7b3fc5a21c6d33656690585c46ca08b,0.40645831823349
6502,81efd70fcc216b6528d48efa758671d9862b21c3,d003c167e9e3c8ee9f6ba6f96e298a5646e39b41,0.30301433801651
6503,81efd70fcc216b6528d48efa758671d9862b21c3,248362e23fbb3303efa5004117f28e92180f2211,0.25433024764060974
6504,81efd70fcc216b6528d48efa758671d9862b21c3,4dc79f4540cfaee3a4593120c38b0b43e494d41a,0.25716352462768555
6505,81efd70fcc216b6528d48efa758671d9862b21c3,4b5535aa96e220c567c12597fa67932c4e881652,0.17449288070201874
6506,81efd70fcc216b6528d48efa758671d9862b21c3,e8fa2e242369dcf50ab5cd1745b29bfc51aadf2a,0.13206109404563904
6507,81efd70fcc216b6528d48efa758671d9862b21c3,e6beec2db218e1e8b53033025df9ce982a877719,0.13516615331172943
6508,81efd70fcc216b6528d48efa758671d9862b21c3,9d68bcc77f953c3ae24047b8c83b7172646845d8,0.1317692995071411
6509,81efd70fcc216b6528d48efa758671d9862b21c3,2e4c06dd00c4c09ad5ac6be883cc66c19d88ea79,0.09127958118915558
6510,81efd70fcc216b6528d48efa758671d9862b21c3,238e2e584192e7ad40be997ba2252323ae09673e,0.05780363455414772
6511,81efd70fcc216b6528d48efa758671d9862b21c3,cced93571a42beb3853c2d0b3217b3f57b614bb0,0.13922780752182007
6512,81efd70fcc216b6528d48efa758671d9862b21c3,59719ac7c1617878196e36db4fbce7cb2ac16b16,0.04607250913977623
6513,81efd70fcc216b6528d48efa758671d9862b21c3,d4a8e93f004c86267eead89edecbd332518dbf21,0.050408609211444855
6514,81efd70fcc216b6528d48efa758671d9862b21c3,2c636db0558838d0c24f7d4114582df6d5ea879f,0.04320601746439934
6515,81efd70fcc216b6528d48efa758671d9862b21c3,bcaf03ac1a46de3220edfaccaa598f62b05d6e15,0.01662086509168148
6516,81efd70fcc216b6528d48efa758671d9862b21c3,1f38c11fe8511c77fb7d383126214c9e7dc28e4a,-0.011344848200678825
6517,81efd70fcc216b6528d48efa758671d9862b21c3,e7b3e527da72febf2e141fdff59e8ce8cc69f13d,0.023190047591924667
6518,81efd70fcc216b6528d48efa758671d9862b21c3,32eb8d25995c40eda3f6b9cd15ad69c122d75693,-0.008686929009854794
6519,81efd70fcc216b6528d48efa758671d9862b21c3,4a53b2939e2e1b906f62d6c617b50645ada725e6,-0.04951463267207146
6520,81efd70fcc216b6528d48efa758671d9862b21c3,ad57c05be3d20485d2d9db4e7f5322b1656ac999,-0.028459712862968445
6521,81efd70fcc216b6528d48efa758671d9862b21c3,8288c8dc52039c7430fb985decc72bfe1296a828,-0.03335247561335564
6522,81efd70fcc216b6528d48efa758671d9862b21c3,e3026f54778ce5cab106e237695a760aa09284ec,-0.05884939432144165
6523,81efd70fcc216b6528d48efa758671d9862b21c3,4e292e60ff70e72fa66fe666ca0d956ea55467d0,-0.03700511157512665
6524,81efd70fcc216b6528d48efa758671d9862b21c3,8c3d0838a26c4fe0bf9ce2d6e133adbcad2c3c27,-0.06912553310394287
6525,81efd70fcc216b6528d48efa758671d9862b21c3,4189eac6d7104e00323f78a8897167d50c815c80,-0.057308465242385864
6526,81efd70fcc216b6528d48efa758671d9862b21c3,187ecf4982bb0510f3fc4ec731c7c7ea2dcda145,-0.09174239635467529
6527,81efd70fcc216b6528d48efa758671d9862b21c3,604b799fbaf17dc47928134ee7c54bd9622188d4,-0.10444140434265137
6528,e25e514011e2f31a3961aba227ebab437209a6a9,d1b04260c552307a9bfd993b2e5c6e4b964539a7,0.7120121121406555
6529,e25e514011e2f31a3961aba227ebab437209a6a9,27e4b65121d3c88643d86dc91a9bdafdf223b988,0.7176967263221741
6530,e25e514011e2f31a3961aba227ebab437209a6a9,7a67159fc7bc76d0b37930b55005a69b51241635,0.6692269444465637
6531,e25e514011e2f31a3961aba227ebab437209a6a9,28196eb5d53a1129133b2977b7613c277596ccc6,0.6475590467453003
6532,e25e514011e2f31a3961aba227ebab437209a6a9,f264e8b33c0d49a692a6ce2c4bcb28588aeb7d97,0.4350956678390503
6533,e25e514011e2f31a3961aba227ebab437209a6a9,30c8d01077ab942802320899eb0b49c4567591d3,0.33279040455818176
6534,e25e514011e2f31a3961aba227ebab437209a6a9,aa33f96e37f5222ef61403ac13dab54247120bdb,0.289896696805954
6535,e25e514011e2f31a3961aba227ebab437209a6a9,99f07e194197a55fd017657d4cd1a8d9c349de05,0.23768898844718933
6536,e25e514011e2f31a3961aba227ebab437209a6a9,3b6f2f5a97ff34a94c66e19fbed9858e714db113,0.3818194270133972
6537,e25e514011e2f31a3961aba227ebab437209a6a9,3a470684d4a2c512ae04fc36b4c06c10ac0f8046,0.21068783104419708
6538,e25e514011e2f31a3961aba227ebab437209a6a9,a87f545ed1ebf88e003c4b8d39d0324ded1a0be6,0.1387658417224884
6539,e25e514011e2f31a3961aba227ebab437209a6a9,7b183c11f1ba13f05db2050ab1abb1fa9f52c9a8,0.1686096340417862
6540,e25e514011e2f31a3961aba227ebab437209a6a9,7a63dd6b58db9e6557ed7a2c47637d95d6dd7863,0.08540847897529602
6541,e25e514011e2f31a3961aba227ebab437209a6a9,b2ec49cfc4486cfb189e463abb33c1e14bfa1b58,0.06462501734495163
6542,e25e514011e2f31a3961aba227ebab437209a6a9,30786fe2525573e7f7c5669dc4992950005d59e8,0.045966826379299164
6543,e25e514011e2f31a3961aba227ebab437209a6a9,a3a49588ca22b257e44267addc6eba77a7d6948f,0.10516181588172913
6544,e25e514011e2f31a3961aba227ebab437209a6a9,0d52475d3ee562a466c037c4f75ebc1018bfcf8a,0.05673861876130104
6545,e25e514011e2f31a3961aba227ebab437209a6a9,4987aaf293f1715aeda9387f832e3630a79fe74b,0.04395512491464615
6546,e25e514011e2f31a3961aba227ebab437209a6a9,16a76e9193ac8ecf4d59024fd82d8b43784253df,0.060424383729696274
6547,e25e514011e2f31a3961aba227ebab437209a6a9,c8ea1664d0cf4823b5ffb61a0d2f6dbda2441c49,0.03222718834877014
6548,e25e514011e2f31a3961aba227ebab437209a6a9,504b7d4ef693ffca26e52976382ed8d31dfc10d6,-0.0003117332234978676
6549,e25e514011e2f31a3961aba227ebab437209a6a9,2d3e12639b809060748773c259f40ec15710b336,-0.004580063745379448
6550,e25e514011e2f31a3961aba227ebab437209a6a9,a92eac4415719698d7d2097ef9564e7b36699010,-0.0008217990398406982
6551,e25e514011e2f31a3961aba227ebab437209a6a9,34f2ab81056d9129c447706bd52ac794107f63c6,-0.019865311682224274
6552,e25e514011e2f31a3961aba227ebab437209a6a9,1ca75a68d6769df095ac3864d86bca21e9650985,-0.03527945280075073
6553,e25e514011e2f31a3961aba227ebab437209a6a9,ea0f9280637fdbb528aa09754e8cfad99672510a,-0.020030947402119637
6554,e25e514011e2f31a3961aba227ebab437209a6a9,24bd8a844f6d07dc2ec5a0211496e2741506c588,-0.06860673427581787
6555,e25e514011e2f31a3961aba227ebab437209a6a9,5b431cbb98633e09714079bb757f4fdcab26cece,-0.07471508532762527
6556,e25e514011e2f31a3961aba227ebab437209a6a9,0a9b3dc3f46ca655869db789a0d1823d3141fb39,-0.08318010717630386
6557,e25e514011e2f31a3961aba227ebab437209a6a9,a01fee3d8ba37f4e51c371ee91409d69da725c88,-0.087511345744133
6558,c81243651340f396c9100e86352cb43933307be9,b0e98cb07dbcbfe69313f356c3e614c187b67fd8,0.8125391602516174
6559,c81243651340f396c9100e86352cb43933307be9,73f8bbd3ac543a3a9aa787c9a0bdfcb3b61a31a1,0.5831264853477478
6560,c81243651340f396c9100e86352cb43933307be9,596bde95450508e1c72610386f3bf63f71ead231,0.5354270935058594
6561,c81243651340f396c9100e86352cb43933307be9,4f8cbe32bbbc552c733500e05881b2a12945b624,0.5339775085449219
6562,c81243651340f396c9100e86352cb43933307be9,9343a6990ca4fdce335c20d661a3ba47971632bc,0.34082746505737305
6563,c81243651340f396c9100e86352cb43933307be9,094c105ffdd4e4e51017edf2a0aba47c2afef05e,0.18882592022418976
6564,c81243651340f396c9100e86352cb43933307be9,99077dec54d0e0c42523e885533947c0c27ba78e,0.15350788831710815
6565,c81243651340f396c9100e86352cb43933307be9,3816b430309f0c3aa809c40ca02bb76c18914887,0.1605743169784546
6566,c81243651340f396c9100e86352cb43933307be9,87d40222dc89d7d34cc0340d5d78c5115b7d6a77,0.11990297585725784
6567,c81243651340f396c9100e86352cb43933307be9,c8934bd3b0d8825a2a9bb112653250956b3a2a67,0.08332383632659912
6568,c81243651340f396c9100e86352cb43933307be9,fd02adbbbca61852e0111919c2ddc10290df2498,0.04537847265601158
6569,c81243651340f396c9100e86352cb43933307be9,afc8767af2defba519a3ffa9deb4f0cc9a086431,0.058045320212841034
6570,c81243651340f396c9100e86352cb43933307be9,74026b2078ca2da7b063d004d1f566eec6d2e3e5,0.0266122967004776
6571,c81243651340f396c9100e86352cb43933307be9,00fc19647ca1aa9a3910abe7cf3414af2f811e64,0.059050895273685455
6572,c81243651340f396c9100e86352cb43933307be9,57178ce7f2c2f74a6b29d06e3f2f3f7b459024d1,0.0377369225025177
6573,c81243651340f396c9100e86352cb43933307be9,23892129e9fdee2019aab8e67ff53a9d0157d651,0.03819415345788002
6574,c81243651340f396c9100e86352cb43933307be9,88011c816206be2d634c545c2f8b8f2779180bcd,0.0023771394044160843
6575,c81243651340f396c9100e86352cb43933307be9,9d4a2052502fe2c60e48d7c8997da1269df6f48f,0.03558201342821121
6576,c81243651340f396c9100e86352cb43933307be9,c39889a5bcaa467522a3e5f0738567dbbbd547b9,0.009380251169204712
6577,c81243651340f396c9100e86352cb43933307be9,8aeb313c67497c03675e475afd7b28f14fcbf260,0.029622403904795647
6578,c81243651340f396c9100e86352cb43933307be9,4440af6f81e78f04c6e923b076d276dfb977ac37,0.016767853870987892
6579,c81243651340f396c9100e86352cb43933307be9,d6bbedf5aa9cf53e3f023ac0028d0c25d05cc61a,-0.0023261415772140026
6580,c81243651340f396c9100e86352cb43933307be9,6b59f34c8b1c6f44996eb305577478dd54f54249,0.03175358846783638
6581,c81243651340f396c9100e86352cb43933307be9,1675b5fc56242a4b1b37e1dc82db23877f32b5e5,0.02117028832435608
6582,c81243651340f396c9100e86352cb43933307be9,7b34277166c448c61ff4343a580b2eb7b7003c7b,-0.026310903951525688
6583,c81243651340f396c9100e86352cb43933307be9,7b08d289351631a306b706fc268bbae4b036a46d,-0.01674371212720871
6584,c81243651340f396c9100e86352cb43933307be9,b4a935c37414d105ae3cb7960a75f6b153f10078,-0.024340149015188217
6585,c81243651340f396c9100e86352cb43933307be9,93b778473691148635770efd43e87b5bddc313c5,-0.03533352538943291
6586,c81243651340f396c9100e86352cb43933307be9,cbb9c6b2d3b854fcf60b71a234ca8060b5cc8c25,-0.0472622886300087
6587,c81243651340f396c9100e86352cb43933307be9,5a4b81f536f793adbb92437dd53f07646bc43618,-0.12406066060066223
6588,64da1980714cfc130632c5b92b9d98c2f6763de6,375d7b8a70277d5d7b5e0cc999b03ba395c42901,0.4546353220939636
6589,64da1980714cfc130632c5b92b9d98c2f6763de6,0d3950fa9967d74825d7685be052ed55b231347c,0.23920047283172607
6590,64da1980714cfc130632c5b92b9d98c2f6763de6,3b3c153b09495e2f79dd973253f9d2ee763940a5,0.25542691349983215
6591,64da1980714cfc130632c5b92b9d98c2f6763de6,0122e063ca5f0f9fb9d144d44d41421503252010,0.29809942841529846
6592,64da1980714cfc130632c5b92b9d98c2f6763de6,1835227a28b84b8e7c93a7232437b54c31c52a02,0.28508996963500977
6593,64da1980714cfc130632c5b92b9d98c2f6763de6,05aba481e8a221df5d8775a3bb749001e7f2525e,0.2834463119506836
6594,64da1980714cfc130632c5b92b9d98c2f6763de6,3a04f3cbb7c7c37e95c8f5945a0e33a435f50adb,0.12829016149044037
6595,64da1980714cfc130632c5b92b9d98c2f6763de6,18ab50a0cbb22da9253d86f2f31bf65bf6568ce8,0.13615047931671143
6596,64da1980714cfc130632c5b92b9d98c2f6763de6,4b16c239044c839a0fcd1b27bf3c7212c4d4064a,0.1665395200252533
6597,64da1980714cfc130632c5b92b9d98c2f6763de6,49b4f6975e7a0e27e36153e27bbd6e333cd3ee73,0.043244533240795135
6598,64da1980714cfc130632c5b92b9d98c2f6763de6,0ee2efb0bacede2eaa4516795aa5150d20e3a266,0.17031851410865784
6599,64da1980714cfc130632c5b92b9d98c2f6763de6,d7c30d97b6e1c73f733cbdab64948aaa666b4bf6,0.09226622432470322
6600,64da1980714cfc130632c5b92b9d98c2f6763de6,b55cec15c675c4adf03e732de2e1b5217d529a58,0.07163745164871216
6601,64da1980714cfc130632c5b92b9d98c2f6763de6,f8e32c5707df46bfcd683f723ad27d410e7ff37d,0.16055302321910858
6602,64da1980714cfc130632c5b92b9d98c2f6763de6,8a0d229cfea897c43047290f3c2e30e229eb7343,0.0698843002319336
6603,64da1980714cfc130632c5b92b9d98c2f6763de6,cffb7da93d0f754f527ce7e507087e238e35527b,0.0426868200302124
6604,64da1980714cfc130632c5b92b9d98c2f6763de6,9b52a30439517b59edb401e671d12b895aababc2,0.019448518753051758
6605,64da1980714cfc130632c5b92b9d98c2f6763de6,4bd1944714ca025237957053170206c14f940cbc,0.014765391126275063
6606,64da1980714cfc130632c5b92b9d98c2f6763de6,70e8634a46013c2eb4140ed3917743910f90657d,-0.016436202451586723
6607,64da1980714cfc130632c5b92b9d98c2f6763de6,61e04278cc6478a3d3fb800d672a0425fabfea78,0.01804574392735958
6608,64da1980714cfc130632c5b92b9d98c2f6763de6,94983a1f9ccf11dfdba827c5113b0484a85590ee,-0.0022660591639578342
6609,64da1980714cfc130632c5b92b9d98c2f6763de6,a606d44a895617c291baf4b46fb2fc3ca0aa314a,0.011437494307756424
6610,64da1980714cfc130632c5b92b9d98c2f6763de6,21f47e1d9078d12de1bd06341619923e8b9d85bb,0.005621558055281639
6611,64da1980714cfc130632c5b92b9d98c2f6763de6,7a8fc6f785b9db5ac447f109144a5883892dac23,-0.022067131474614143
6612,64da1980714cfc130632c5b92b9d98c2f6763de6,6d60ed7e6eed6d5b54fa9ac0838b3ece708061ef,-0.0391315259039402
6613,64da1980714cfc130632c5b92b9d98c2f6763de6,2564a92add8b1749dbe3648ff14421691b6bd7d8,-0.06575160473585129
6614,64da1980714cfc130632c5b92b9d98c2f6763de6,8178a3a6fbe7f5f29f615b151f1abe4ba6d2a473,-0.05501893535256386
6615,64da1980714cfc130632c5b92b9d98c2f6763de6,f66a00d2bc5c04dd68f672659f97eff8e7084dc1,-0.05435892567038536
6616,64da1980714cfc130632c5b92b9d98c2f6763de6,6769f95f97db9d67fe3e5a1fa96195d5e7e03f64,-0.07106255739927292
6617,64da1980714cfc130632c5b92b9d98c2f6763de6,77e7b0663f6774b3d6e1d51106020a9a0f96bcd2,-0.08397519588470459
6618,4a6955d29a72953bb8ad36240615c55c167a0d43,6dda57029bf903461e621d1c6f396e0397be2af2,0.7081273794174194
6619,4a6955d29a72953bb8ad36240615c55c167a0d43,f940916d784182590ca92c6f9cf664da5e71ee88,0.5785995721817017
6620,4a6955d29a72953bb8ad36240615c55c167a0d43,23e107c6dc8d1500ce830e69847c0319ab4f8385,0.4886000156402588
6621,4a6955d29a72953bb8ad36240615c55c167a0d43,3969e582e68e418a2b79c604cd35d5d81de9b35d,0.5105061531066895
6622,4a6955d29a72953bb8ad36240615c55c167a0d43,e3199cc853990272adbcb3b442c6ccf220978ef5,0.41566741466522217
6623,4a6955d29a72953bb8ad36240615c55c167a0d43,1bd27a9c5434699f6cab538f0bbb414246f09b0e,0.5425097942352295
6624,4a6955d29a72953bb8ad36240615c55c167a0d43,6d27f3debb474a518917460ecf49b3d0a37292c6,0.2542349398136139
6625,4a6955d29a72953bb8ad36240615c55c167a0d43,9e7756cb6547adc2a0346041b07dce2dbde77c1f,0.1342729926109314
6626,4a6955d29a72953bb8ad36240615c55c167a0d43,3d561f3931d513ff45dc2bf594326216c21addf5,0.07197587192058563
6627,4a6955d29a72953bb8ad36240615c55c167a0d43,dda724832e4b6aeb9a6078afa935d2048a24cf45,0.0508757010102272
6628,4a6955d29a72953bb8ad36240615c55c167a0d43,3981e11ee2db0c7257f7b325d9041c1181d954c0,9.063631296157837e-06
6629,4a6955d29a72953bb8ad36240615c55c167a0d43,b0ab3531023a8ec659169196903ee94b38dc78c6,0.04676567018032074
6630,4a6955d29a72953bb8ad36240615c55c167a0d43,e0971aa9837281df0427023a5b6c5de2838025e0,0.013450564816594124
6631,4a6955d29a72953bb8ad36240615c55c167a0d43,1276279eea30e61248990d2c3f38e305065e69ff,0.024632930755615234
6632,4a6955d29a72953bb8ad36240615c55c167a0d43,7615c9e0df48b1353ac67d483e349abb60f3635a,0.021670378744602203
6633,4a6955d29a72953bb8ad36240615c55c167a0d43,30a587efb58f103ff4e42444e191f50a99513f1b,0.02257479727268219
6634,4a6955d29a72953bb8ad36240615c55c167a0d43,eed80bb1e6a0da9fd112cd89f236cb9d0421bb3b,0.009486863389611244
6635,4a6955d29a72953bb8ad36240615c55c167a0d43,6da3a9881b6d2b752be35a1c08ebf42414b64dbb,-0.006791196763515472
6636,4a6955d29a72953bb8ad36240615c55c167a0d43,6adf22736658f1e86c1447c9c0656f626706af7b,-0.002780590206384659
6637,4a6955d29a72953bb8ad36240615c55c167a0d43,273e25ebddf01eb2b6f8bf3cb91a25eeae425f5e,0.006720149889588356
6638,4a6955d29a72953bb8ad36240615c55c167a0d43,2465cfb6d30b3e3fcbc44d6b7fd8eb982736a168,0.002950858324766159
6639,4a6955d29a72953bb8ad36240615c55c167a0d43,c592a4184204f9d65670f4b7bb9aab34cb983492,-0.03640110790729523
6640,4a6955d29a72953bb8ad36240615c55c167a0d43,75314198378054caa200ae3d7ff76228dce6ece9,-0.04815243184566498
6641,4a6955d29a72953bb8ad36240615c55c167a0d43,569bdc4061467cd0827cfaedacab4d6b770c9492,-0.024197058752179146
6642,4a6955d29a72953bb8ad36240615c55c167a0d43,07e96c10c886ce2c5838d32439c6c69e052c93b1,-0.06566073000431061
6643,4a6955d29a72953bb8ad36240615c55c167a0d43,720e06688e1038026070253891037652f5d0d9f5,-0.07199355214834213
6644,4a6955d29a72953bb8ad36240615c55c167a0d43,ced7811f2b694e54e3d96ec5398e4b6afca67fc0,-0.0847017914056778
6645,4a6955d29a72953bb8ad36240615c55c167a0d43,cbf796150ff01714244f09ccc16f16ffc471ffdb,-0.07536112517118454
6646,4a6955d29a72953bb8ad36240615c55c167a0d43,62ab98f05621ed6bc174337d1cbf7065350776f3,-0.0785311684012413
6647,4a6955d29a72953bb8ad36240615c55c167a0d43,1af286a37494250d70d7a8bd8cc1b229a572fdcb,-0.09289408475160599
6648,0e35c927c29d431812768f1ad7c4d6e35f0227b6,9f22d8a6ccb8eeef5b3c792dd656ae406469a5ea,0.6941116452217102
6649,0e35c927c29d431812768f1ad7c4d6e35f0227b6,25f82d16a55bf610453c275a8fa43419d3f05777,0.7205423712730408
6650,0e35c927c29d431812768f1ad7c4d6e35f0227b6,12f1e9093c1799806064b7899a7682a60cefc16b,0.5569451451301575
6651,0e35c927c29d431812768f1ad7c4d6e35f0227b6,079607a10e055e02224a2cceb4820cda34dea4ee,0.40373438596725464
6652,0e35c927c29d431812768f1ad7c4d6e35f0227b6,dc988db35a1a3558de7e782ad5c2ef84f9c98487,0.22866879403591156
6653,0e35c927c29d431812768f1ad7c4d6e35f0227b6,47a3c3b99a118129b6c5461648be58b15e440d1e,0.15304182469844818
6654,0e35c927c29d431812768f1ad7c4d6e35f0227b6,50bcbc85552291ce4a53f5ff835a905673461cff,0.09524375945329666
6655,0e35c927c29d431812768f1ad7c4d6e35f0227b6,0aa5055f20d0c5ba5f5bd92cd316f31c394a5612,0.1383708119392395
6656,0e35c927c29d431812768f1ad7c4d6e35f0227b6,45fc709a2fb8cd3cc71462c65e3d5e1bcb23c444,0.0763181671500206
6657,0e35c927c29d431812768f1ad7c4d6e35f0227b6,d1040d32bcb0aca7f8e26a45dc2bb84841cc41a8,0.12556734681129456
6658,0e35c927c29d431812768f1ad7c4d6e35f0227b6,14316b885f65d2197ce8c6d4ab3ee61fdab052b8,0.13073071837425232
6659,0e35c927c29d431812768f1ad7c4d6e35f0227b6,3c3bb40eba8fc1d0b885e23a8e3d54d60ae3aee6,0.13482624292373657
6660,0e35c927c29d431812768f1ad7c4d6e35f0227b6,0a808a17f5c86413bd552a324ee6ba180a12f46d,0.02044423297047615
6661,0e35c927c29d431812768f1ad7c4d6e35f0227b6,4ea3c8d07f6c16c14360e6db320cdf6c81258705,0.038170743733644485
6662,0e35c927c29d431812768f1ad7c4d6e35f0227b6,09a68ed309ca96bce0a30383adc74fd160bf5266,-0.01203501969575882
6663,0e35c927c29d431812768f1ad7c4d6e35f0227b6,baf55ddda9949e15c7c6880affffe93b75acad45,-0.01142786256968975
6664,0e35c927c29d431812768f1ad7c4d6e35f0227b6,4decf38323c8311fbbe50cb309e242bee671418a,-0.03636329621076584
6665,0e35c927c29d431812768f1ad7c4d6e35f0227b6,2ee2e8a704952051ed8a01386af7038944f664b5,0.003990720026195049
6666,0e35c927c29d431812768f1ad7c4d6e35f0227b6,a7412ecf07ff540f9ede6eb6831803e115a16206,-0.03161834180355072
6667,0e35c927c29d431812768f1ad7c4d6e35f0227b6,852e0bb4efbd7906c4c1eb35a69fc2c0eb51f9d6,-0.08183183521032333
6668,0e35c927c29d431812768f1ad7c4d6e35f0227b6,f852f6d52948cc94f04225b8268f09a543727684,-0.027536623179912567
6669,0e35c927c29d431812768f1ad7c4d6e35f0227b6,131209f1b90b388d96b9e168ff659ddac91c552d,-0.05615351349115372
6670,0e35c927c29d431812768f1ad7c4d6e35f0227b6,45f72b2812212f8b4e0b9fe185af022da992cd6f,-0.05144229903817177
6671,0e35c927c29d431812768f1ad7c4d6e35f0227b6,3068d1d6275933e7f4d332a2f2cf52543a4f0615,-0.035799067467451096
6672,0e35c927c29d431812768f1ad7c4d6e35f0227b6,2f03394aed0a9baabb7d30196ac291be4ec63ab3,-0.06019610911607742
6673,0e35c927c29d431812768f1ad7c4d6e35f0227b6,6d40f179abb4520ed15ed234cfe55114108fe7f2,-0.02555014193058014
6674,0e35c927c29d431812768f1ad7c4d6e35f0227b6,09e9c580d863cfba5fe22ca70a71dbbfefb11e38,-0.05029035359621048
6675,0e35c927c29d431812768f1ad7c4d6e35f0227b6,24903c58f330bff8709cdec34bb7780cde24bea9,-0.06317336857318878
6676,0e35c927c29d431812768f1ad7c4d6e35f0227b6,49ef3e7b310793b276b94d55d3391a2129882d89,-0.10543692111968994
6677,0e35c927c29d431812768f1ad7c4d6e35f0227b6,169ee92caec357e470c6ccf9d1ddb9f53e3639ea,-0.10794927179813385
6678,6374d969a99cf8da935377750f09f61875c81173,0f56311dad9f03083a4f4e791aab0b6e0aa2ff07,0.4705027639865875
6679,6374d969a99cf8da935377750f09f61875c81173,0abe9fda6240ba72e2f76afe10d5f6181e144527,0.3839903473854065
6680,6374d969a99cf8da935377750f09f61875c81173,d4a925cb0ca66b1cacec325751f4a85e5b74790d,0.3548159897327423
6681,6374d969a99cf8da935377750f09f61875c81173,199766ed535029b0b284479765b5ebbe50a2789f,0.40667223930358887
6682,6374d969a99cf8da935377750f09f61875c81173,92ac57eb4ed7a380b44bfc751824177326832449,0.342988520860672
6683,6374d969a99cf8da935377750f09f61875c81173,92349b09337460277d384bf077e06b25408058d4,0.26711052656173706
6684,6374d969a99cf8da935377750f09f61875c81173,f02013a10e9aa9112da764d289aebbb826fcb032,0.23421749472618103
6685,6374d969a99cf8da935377750f09f61875c81173,33c2080344f3d2b80a7dc847a674567ff5809542,0.2463732659816742
6686,6374d969a99cf8da935377750f09f61875c81173,0170d21b7ba150bf4bb9185131b11c2c2313a09c,0.21136844158172607
6687,6374d969a99cf8da935377750f09f61875c81173,caba398dc80312ee9a3cfede11919e38ee1d3807,0.18468503654003143
6688,6374d969a99cf8da935377750f09f61875c81173,07b1c96d8d2eaead6ab5064b289ceba8ceeb716f,0.1641341596841812
6689,6374d969a99cf8da935377750f09f61875c81173,0295f6b715b6ed73fb9fbb0da528220004eb892e,0.191362202167511
6690,6374d969a99cf8da935377750f09f61875c81173,515e34476452bbfeb111ce5480035ae1f7aa4bee,0.16602472960948944
6691,6374d969a99cf8da935377750f09f61875c81173,874917014eefd1a3ec439f294dc69adf61860ad0,0.14780431985855103
6692,6374d969a99cf8da935377750f09f61875c81173,f0e70bdbad807fec3ab4d5e7951c13408273fb59,0.11263228207826614
6693,6374d969a99cf8da935377750f09f61875c81173,6f34cf80935642601b3080342d724f8a41a5098b,0.09326991438865662
6694,6374d969a99cf8da935377750f09f61875c81173,0e78074a081f2d3a35fbb6f74ba9b7e27e64757b,0.1141941174864769
6695,6374d969a99cf8da935377750f09f61875c81173,1794435f6b541109ee9ea812d80d5b9add95aacd,0.09175680577754974
6696,6374d969a99cf8da935377750f09f61875c81173,57ba4b6de23a6fc9d45ff052ed2563e5de00b968,0.038550883531570435
6697,6374d969a99cf8da935377750f09f61875c81173,1b659f8ea800b429f7824d1fec3e5dcd7e387fda,0.015829123556613922
6698,6374d969a99cf8da935377750f09f61875c81173,44db0c2f729661e7b30af484a1ad5df4e70cb22a,0.06056036427617073
6699,6374d969a99cf8da935377750f09f61875c81173,515a9124980768ff698b5e823826637b42899bf6,0.027430297806859016
6700,6374d969a99cf8da935377750f09f61875c81173,efe9f16b3072340981411a3fab9dd8886981f89c,-0.013178355991840363
6701,6374d969a99cf8da935377750f09f61875c81173,0ab7e22cb420db2da4299768cb4209ef96ab6573,-0.029000498354434967
6702,6374d969a99cf8da935377750f09f61875c81173,2518d6b39387cc6c2ac64b3f921d5e60d544072c,-0.04361964017152786
6703,6374d969a99cf8da935377750f09f61875c81173,c614fd002ee1ca57a91b33e5407670dcc6503094,-0.062147751450538635
6704,6374d969a99cf8da935377750f09f61875c81173,017ee80e9996a78768cdca09e66157f9de1be6c0,-0.07655414938926697
6705,6374d969a99cf8da935377750f09f61875c81173,ad7841f04f71653b33919475378d95dc0a372892,-0.06214527040719986
6706,6374d969a99cf8da935377750f09f61875c81173,0a9180f5ee94352352672d77103e115dc140d727,-0.11139166355133057
6707,6374d969a99cf8da935377750f09f61875c81173,320e3c85037a58c533f5d042bcf22c1362a11ed1,-0.15850555896759033
6708,79729be88ecf76e5e964ffb25e8bc3b396feacb4,4f7a0ab878930183b2d17b0512be4f72cb10b4f6,0.5199050903320312
6709,79729be88ecf76e5e964ffb25e8bc3b396feacb4,b155f6cd9b5ae545fb0fba1f80529699f074e8ab,0.4709378182888031
6710,79729be88ecf76e5e964ffb25e8bc3b396feacb4,02577799e42ca27be18e0d37476b658f552b5be3,0.5022248029708862
6711,79729be88ecf76e5e964ffb25e8bc3b396feacb4,5f4515d0928fbc47aef1724e2627b264b26a9d17,0.22761359810829163
6712,79729be88ecf76e5e964ffb25e8bc3b396feacb4,9a650f33c24c826c9c4f9480e50e8ade176b2780,0.23437631130218506
6713,79729be88ecf76e5e964ffb25e8bc3b396feacb4,1edae9efb4f84352bb66095295cd94b2cddce00d,0.2593507766723633
6714,79729be88ecf76e5e964ffb25e8bc3b396feacb4,30950db8a2cae3630057efe731b85f7b567848b8,0.13150256872177124
6715,79729be88ecf76e5e964ffb25e8bc3b396feacb4,2673a3614b4239f1a62fc577922f0db7ec2b8c27,0.14169131219387054
6716,79729be88ecf76e5e964ffb25e8bc3b396feacb4,719da2a0ddd38e78151e1cb2db31703ea8b2e490,0.1391478180885315
6717,79729be88ecf76e5e964ffb25e8bc3b396feacb4,2b6f2b163372e3417b687cc43313f2a630e7bca7,0.07108274102210999
6718,79729be88ecf76e5e964ffb25e8bc3b396feacb4,0651b333c2669227b0cc42de403268a4546ece70,0.06822804361581802
6719,79729be88ecf76e5e964ffb25e8bc3b396feacb4,904229ce8b8d53eb7e7a65dd52df887cf739a4ba,0.08800151944160461
6720,79729be88ecf76e5e964ffb25e8bc3b396feacb4,74bf33f0f1147752a93febb8cc1fc6e255f6cd27,0.058191850781440735
6721,79729be88ecf76e5e964ffb25e8bc3b396feacb4,daaab68653940c4c3380dbf514056e579c24099f,0.08276091516017914
6722,79729be88ecf76e5e964ffb25e8bc3b396feacb4,38d76b64705d193ee8017993f7fc4c6e8d4bdbc8,0.07046952098608017
6723,79729be88ecf76e5e964ffb25e8bc3b396feacb4,0b023124c563ccf60486f9a0aaaed5a0466596d1,0.020375702530145645
6724,79729be88ecf76e5e964ffb25e8bc3b396feacb4,ee6712cba52840691eaabdbe55052d231c456439,0.04824607074260712
6725,79729be88ecf76e5e964ffb25e8bc3b396feacb4,7ed49f95d9a882d7c98579498035b2d61b3285fa,0.025145892053842545
6726,79729be88ecf76e5e964ffb25e8bc3b396feacb4,6fb69989efda11830a491ef0f28df208c92f0518,0.013290484435856342
6727,79729be88ecf76e5e964ffb25e8bc3b396feacb4,30420d73113586934cb680e999c8a9def7f5bccb,0.03279130905866623
6728,79729be88ecf76e5e964ffb25e8bc3b396feacb4,6f6658e46970fff61c73f25f8e93654db7ce4664,0.005101640243083239
6729,79729be88ecf76e5e964ffb25e8bc3b396feacb4,7ef3ac14cdb484aaa2b039850093febd5cf73a21,-0.007716307416558266
6730,79729be88ecf76e5e964ffb25e8bc3b396feacb4,f493995e40a48cb19af0bc2bb00da99a6e1a3f9d,-0.03211110457777977
6731,79729be88ecf76e5e964ffb25e8bc3b396feacb4,b1e4d476c857333b9a0afdb1428eda27f6d26940,-0.014509547501802444
6732,79729be88ecf76e5e964ffb25e8bc3b396feacb4,3d188c6936ad6dd478e01f2dd34bb2167f43e7d7,-0.005297301337122917
6733,79729be88ecf76e5e964ffb25e8bc3b396feacb4,5177bfba27fc17bd740b70b4bc0a9d95b2814cbe,-0.05595588684082031
6734,79729be88ecf76e5e964ffb25e8bc3b396feacb4,18cb4318ad9c7ac3a3f0c87af6ab817f7695ba59,-0.053720444440841675
6735,79729be88ecf76e5e964ffb25e8bc3b396feacb4,9fb837932bbcc0c7fd33a3692c68426ed1f36682,-0.05815943330526352
6736,79729be88ecf76e5e964ffb25e8bc3b396feacb4,9b42b749d2699dbc6d8cb2d1ec7304ae9cc7e348,-0.0907544493675232
6737,79729be88ecf76e5e964ffb25e8bc3b396feacb4,1c2cd3188fba95d1bccdcc013224ec55443075d0,-0.11401258409023285
6738,cadf9ffb55a9286bd98622a3cef1deccbc4c148e,30d5877df650ac0cf278001abe96858137bc65e3,0.8234143257141113
6739,cadf9ffb55a9286bd98622a3cef1deccbc4c148e,f816edce638d88f7ee02370910852d6337d7d2fb,0.6769315004348755
6740,cadf9ffb55a9286bd98622a3cef1deccbc4c148e,0ed269ce5462a4a0ba22a1270d7810c7b3374a09,0.7890165448188782
6741,cadf9ffb55a9286bd98622a3cef1deccbc4c148e,12e736212dcf79e3a03356c1100a2f6bcabf5aaf,0.45853519439697266
6742,cadf9ffb55a9286bd98622a3cef1deccbc4c148e,973cb57bd2f4b67c99aea0bbdb74c41a29bf6d2a,0.5036841034889221
6743,cadf9ffb55a9286bd98622a3cef1deccbc4c148e,c8d61031220cc756598bb88542508223d2f3b181,0.41819900274276733
6744,cadf9ffb55a9286bd98622a3cef1deccbc4c148e,92dc827eaca6e31243b7c886d5ad4bb9289eee26,0.27766337990760803
6745,cadf9ffb55a9286bd98622a3cef1deccbc4c148e,af3cadee7fedea6d6b68b9204d4e2711064450d3,0.2966482639312744
6746,cadf9ffb55a9286bd98622a3cef1deccbc4c148e,7fd2f04a48a9f45c1530cdd5f20efed215415a79,0.184220552444458
6747,cadf9ffb55a9286bd98622a3cef1deccbc4c148e,a12cd3d9ae5530a90302a6e4af477e6e24fa0f95,0.20581622421741486
6748,cadf9ffb55a9286bd98622a3cef1deccbc4c148e,5dd865deb652c8b07bac3ce5cedcb17ba9103abf,0.1318107545375824
6749,cadf9ffb55a9286bd98622a3cef1deccbc4c148e,37807e97c624fb846df7e559553b32539ba2ea5d,0.23975926637649536
6750,cadf9ffb55a9286bd98622a3cef1deccbc4c148e,cabf34028bc1e95fd38b95473bf2e6bbad8b79e6,0.043578390032052994
6751,cadf9ffb55a9286bd98622a3cef1deccbc4c148e,8ebe49fd0c1e05911841218cf2311b443efd1c3d,0.12377507984638214
6752,cadf9ffb55a9286bd98622a3cef1deccbc4c148e,0e80f3edf3f83d13ea329d9d30da49fb17b44b2f,0.09940055757761002
6753,cadf9ffb55a9286bd98622a3cef1deccbc4c148e,ff1bc2fb305ce189c1f680c33a72ec9b60e2a0bc,0.08080436289310455
6754,cadf9ffb55a9286bd98622a3cef1deccbc4c148e,42eaf468b9b50768bf61166f39d06f05b53d6902,0.08010027557611465
6755,cadf9ffb55a9286bd98622a3cef1deccbc4c148e,62a9b8aed78beb34266149d569b63262a5a881ba,0.06741826236248016
6756,cadf9ffb55a9286bd98622a3cef1deccbc4c148e,99c841b50a4010626667b78562d8ceb6b8e0b54d,0.04229961335659027
6757,cadf9ffb55a9286bd98622a3cef1deccbc4c148e,1cb3a0ff57de3199fe7029db7a1b8bac310fa5f8,0.04631248489022255
6758,cadf9ffb55a9286bd98622a3cef1deccbc4c148e,63ddea17dbecfc43042d6ddc15803824e35cfab9,0.0446229912340641
6759,cadf9ffb55a9286bd98622a3cef1deccbc4c148e,db5b6be0eee4b4d70c0f589b9a124f183007f0bb,0.03513083606958389
6760,cadf9ffb55a9286bd98622a3cef1deccbc4c148e,f24eda86d06907ada2e627f93de2c612e50b2778,-0.0063458699733018875
6761,cadf9ffb55a9286bd98622a3cef1deccbc4c148e,821c7ecebefaf0fe1fea7121a26c3eace99e8ed5,0.011286109685897827
6762,cadf9ffb55a9286bd98622a3cef1deccbc4c148e,cf80e910f2690d795c45d3ad3d88854bb9eea080,0.003029756247997284
6763,cadf9ffb55a9286bd98622a3cef1deccbc4c148e,89720a2ccd0e68d6c4b007fe330ebcb85476c60c,0.0046763429418206215
6764,cadf9ffb55a9286bd98622a3cef1deccbc4c148e,0bfb9311d006ed6b520f4afbd349b9bacca88000,0.011266961693763733
6765,cadf9ffb55a9286bd98622a3cef1deccbc4c148e,c7e6f338aa5a42b6b5e292ff1c37dcd1108dcbd7,-0.023050062358379364
6766,cadf9ffb55a9286bd98622a3cef1deccbc4c148e,9ef6c5ef82918e99b560d801c960f4cdeb3bc186,-0.018023084849119186
6767,cadf9ffb55a9286bd98622a3cef1deccbc4c148e,fce63f2b4531ab2c2d6df239e63bad0f80b086ad,-0.07685668766498566
6768,2df3b760190470c4af1be87328a20ce607e1ad98,8743b9ce070406d8e44e778af93a564bfb68b330,0.7551025748252869
6769,2df3b760190470c4af1be87328a20ce607e1ad98,4c521025566e6afceb9adcf27105cd33e4022fb6,0.6714497804641724
6770,2df3b760190470c4af1be87328a20ce607e1ad98,2512182cf3c4d7b3df549456fbeceee0a77c3954,0.5689243674278259
6771,2df3b760190470c4af1be87328a20ce607e1ad98,5fbbfbc05c0e57faf2feb02fb471160807dfc000,0.40397506952285767
6772,2df3b760190470c4af1be87328a20ce607e1ad98,6aa1c88b810825ee80b8ed4c27d6577429b5d3b2,0.3853653371334076
6773,2df3b760190470c4af1be87328a20ce607e1ad98,4152070bd6cd28cc44bc9e54ab3e641426382e75,0.35477665066719055
6774,2df3b760190470c4af1be87328a20ce607e1ad98,dd30bbd7149678d9be191df4e286842001be6fb0,0.3010741174221039
6775,2df3b760190470c4af1be87328a20ce607e1ad98,8bf72fb4edcb6974d3c4b0b2df63d9fd75c5dc4f,0.30056527256965637
6776,2df3b760190470c4af1be87328a20ce607e1ad98,00758573be71bb03267d15e95474e361978e9717,0.17914164066314697
6777,2df3b760190470c4af1be87328a20ce607e1ad98,661ca6c0f4ecbc08961c7f175f8e5446da224749,0.11398312449455261
6778,2df3b760190470c4af1be87328a20ce607e1ad98,6e669e90a34c4179f9364406d8a7a7f855745086,0.11933448910713196
6779,2df3b760190470c4af1be87328a20ce607e1ad98,4a4e66f72890b0473de1d59f52ad3819bd0413a7,0.07327497005462646
6780,2df3b760190470c4af1be87328a20ce607e1ad98,e050e89d01afffd5b854458fc48c9d6720a8072c,0.1092662662267685
6781,2df3b760190470c4af1be87328a20ce607e1ad98,45cd2f3575a42f6a611957cec4fa9b9a1359af89,0.0755445659160614
6782,2df3b760190470c4af1be87328a20ce607e1ad98,f8e534431c743d39b34c326b72c7bf86af3e554d,0.05555826798081398
6783,2df3b760190470c4af1be87328a20ce607e1ad98,4840349d684f59640c2431de4f66659818e390c7,0.06764362007379532
6784,2df3b760190470c4af1be87328a20ce607e1ad98,9feed125ff3e8b92510eb979e37ea1bbc35156b6,0.07461952418088913
6785,2df3b760190470c4af1be87328a20ce607e1ad98,712c13fbbabf086df5a6d795377d2b435e132a57,0.038635268807411194
6786,2df3b760190470c4af1be87328a20ce607e1ad98,dd6bb309fd83347026258baeb2cd554ec4fbf5a7,0.02575824409723282
6787,2df3b760190470c4af1be87328a20ce607e1ad98,6ed6ecaaf5e618b11305b6dad415b1b5546c9bb8,-0.015622776001691818
6788,2df3b760190470c4af1be87328a20ce607e1ad98,e3de767356caa7960303558f7eb560c73fbe42ba,0.03537876158952713
6789,2df3b760190470c4af1be87328a20ce607e1ad98,8473a97a461625781d0a4747a840196b9a972f33,0.07017211616039276
6790,2df3b760190470c4af1be87328a20ce607e1ad98,118422012ca38272ac766294f27ca83b5319d3cb,0.02651819959282875
6791,2df3b760190470c4af1be87328a20ce607e1ad98,ed1369fbd9290cce28886c6fba560aff41913d18,0.04975762963294983
6792,2df3b760190470c4af1be87328a20ce607e1ad98,7dbdab80492fe692484f3267e50388ac4b26538b,0.025062967091798782
6793,2df3b760190470c4af1be87328a20ce607e1ad98,71715f3f4f7cfbde9f23e04a8f05b4cf87c8ec83,-0.023096801713109016
6794,2df3b760190470c4af1be87328a20ce607e1ad98,5198e078fe7a9c5a9ed6ed9548ec1b1c34daf12b,-0.028529223054647446
6795,2df3b760190470c4af1be87328a20ce607e1ad98,e413224e24626cf1e846ae14b5a6267a4105b470,-0.019510548561811447
6796,2df3b760190470c4af1be87328a20ce607e1ad98,35c3a29076b939bfa1b4314e0affc8413446230e,-0.12738880515098572
6797,2df3b760190470c4af1be87328a20ce607e1ad98,7ec4dcda2991371142798621ab865bde75edb2b9,-0.1298229992389679
6798,c6e446d78d05c74bad63cf23997c595eebbe6113,d4d5a73c021036dd548f5fbe71dbdabcad378e98,0.6159939765930176
6799,c6e446d78d05c74bad63cf23997c595eebbe6113,3e093d3f7efe5f653ff1daba0f9d95d8081ad225,0.5748022794723511
6800,c6e446d78d05c74bad63cf23997c595eebbe6113,8ff18d710813e5ea50d05ace9f07f48006430671,0.5007627010345459
6801,c6e446d78d05c74bad63cf23997c595eebbe6113,3556c846890dc0dbf6cd15ebdcd8932f1fdef6a2,0.27845099568367004
6802,c6e446d78d05c74bad63cf23997c595eebbe6113,c6e3df7ea9e28e25e048f840f59088a34bed8322,0.1816546469926834
6803,c6e446d78d05c74bad63cf23997c595eebbe6113,af1b90cd05e4db69602253bc4a8d5286200e13b4,0.16216245293617249
6804,c6e446d78d05c74bad63cf23997c595eebbe6113,a72f86022a03207f08906cc4767d6d8e22eb1791,0.18399110436439514
6805,c6e446d78d05c74bad63cf23997c595eebbe6113,db8196da3890be9b95307dc67833938a98eedde8,0.19632676243782043
6806,c6e446d78d05c74bad63cf23997c595eebbe6113,5a2bd116f13b1f4aaea94830b9bce934abb44ff6,0.003918886184692383
6807,c6e446d78d05c74bad63cf23997c595eebbe6113,5ae5971d000b2be9c4cd883ca59a2f26af07887a,0.04049579054117203
6808,c6e446d78d05c74bad63cf23997c595eebbe6113,d0f2b9d90aca10365944b4aaa4654b311adce800,0.06412286311388016
6809,c6e446d78d05c74bad63cf23997c595eebbe6113,5cbfe46f4b026f8dee4afb1e788236b3fdf08b81,0.025020787492394447
6810,c6e446d78d05c74bad63cf23997c595eebbe6113,63cb17559fe233b462e79cc1078303d82078b97f,0.007889652624726295
6811,c6e446d78d05c74bad63cf23997c595eebbe6113,f7831e7447489ae5ced99784504382f8a79c7a2a,-0.036153580993413925
6812,c6e446d78d05c74bad63cf23997c595eebbe6113,69a5a7a546e5091ccaef8a566fe218163b025933,-0.013216674327850342
6813,c6e446d78d05c74bad63cf23997c595eebbe6113,2f40da5353a68b45d48795e952d41ee7a3657bfe,0.006365494802594185
6814,c6e446d78d05c74bad63cf23997c595eebbe6113,fb8610ffd8351c59d3b2eb44a70d1afbb0712603,-0.022104542702436447
6815,c6e446d78d05c74bad63cf23997c595eebbe6113,7ebbdaaa3b5c1be5e0fb17247e792272463f1fcf,-0.004035677760839462
6816,c6e446d78d05c74bad63cf23997c595eebbe6113,b77e8e7c5e4069a923727a96060aaac7773336eb,-0.013119455426931381
6817,c6e446d78d05c74bad63cf23997c595eebbe6113,211acebdb02bfeb65beace99de1ef889be561702,-0.023165995255112648
6818,c6e446d78d05c74bad63cf23997c595eebbe6113,ff56ba67f29179fe65d99cf929dfec811abf175e,-0.04111579433083534
6819,c6e446d78d05c74bad63cf23997c595eebbe6113,fdec38019625fbcffc9debb804544cce6630c3ac,-0.0404183454811573
6820,c6e446d78d05c74bad63cf23997c595eebbe6113,cc825b00ce8643ff9c13a4b081c31c459d823ea7,-0.05953226983547211
6821,c6e446d78d05c74bad63cf23997c595eebbe6113,26f14da587d689c8e15d78840a97204d44225619,-0.05477780103683472
6822,c6e446d78d05c74bad63cf23997c595eebbe6113,5cfc12273052d2661a3b29a24c9d5ca8901de98a,-0.029305342584848404
6823,c6e446d78d05c74bad63cf23997c595eebbe6113,caadc498ba9fad769666ffce7d44312ac66f5366,-0.05036574602127075
6824,c6e446d78d05c74bad63cf23997c595eebbe6113,e97312975b44bd54d3f398be1079f3c18cdb46be,-0.058877721428871155
6825,c6e446d78d05c74bad63cf23997c595eebbe6113,e193ed3a76be169abbdf5b74372290ce6fe11caf,-0.08404302597045898
6826,c6e446d78d05c74bad63cf23997c595eebbe6113,0b0d195c2524538c1338a823a2765af478c113ca,-0.05824750289320946
6827,c6e446d78d05c74bad63cf23997c595eebbe6113,ed65ead203f773894833c1d039cc0c07f2d5a342,-0.14714676141738892
6828,b095b4625733f8521439e54db09bed2b9970a808,6f5d69a37262d95e4c5bb6d1d66b25a3440411f5,0.5103244185447693
6829,b095b4625733f8521439e54db09bed2b9970a808,0a9621c60889c34e2ccc4848a58cbbcef924cf4d,0.44679713249206543
6830,b095b4625733f8521439e54db09bed2b9970a808,54061a4aa0cb241a726f54d0569efae1c13aab3a,0.4080592095851898
6831,b095b4625733f8521439e54db09bed2b9970a808,21fb86020f68bf2dd57cd1b8a0e8adead5d9a9ae,0.4553280472755432
6832,b095b4625733f8521439e54db09bed2b9970a808,288c67457f09c0c30cadd7439040114e9c377bc3,0.40177398920059204
6833,b095b4625733f8521439e54db09bed2b9970a808,4b259fbc7e2802dbea4b4b52c06a871006aef367,0.18964619934558868
6834,b095b4625733f8521439e54db09bed2b9970a808,7c5c4ed47bccd0016d53b7bbc27a41dd74bebf1e,0.09053461253643036
6835,b095b4625733f8521439e54db09bed2b9970a808,163ec037bf66e609964498b412faafb2013da205,0.169413223862648
6836,b095b4625733f8521439e54db09bed2b9970a808,ea8bac74a46016734f9b4b3a34fc1c0e1010bd4d,0.11514600366353989
6837,b095b4625733f8521439e54db09bed2b9970a808,921cefa2e8363b3be6d7522ad82a506a2a835f01,0.16782821714878082
6838,b095b4625733f8521439e54db09bed2b9970a808,77098722f32323e48378dea28b676bb1406dc504,0.12293851375579834
6839,b095b4625733f8521439e54db09bed2b9970a808,a3a9ac13f2022b98154eb864991e9e6d3d5b39d6,0.10512329638004303
6840,b095b4625733f8521439e54db09bed2b9970a808,f444f648caf1d71bf6daffdbbe6fb6120184e7ac,0.1007789671421051
6841,b095b4625733f8521439e54db09bed2b9970a808,516e41018a42f762aa8d8cd739f568203fa98805,0.10764297842979431
6842,b095b4625733f8521439e54db09bed2b9970a808,919d08e9645404c60b88f5f5e8511e363ccdf922,0.12409280240535736
6843,b095b4625733f8521439e54db09bed2b9970a808,732e951c2a27d9ed43c1b26b658ea295a84f6d2f,0.10794363170862198
6844,b095b4625733f8521439e54db09bed2b9970a808,771a7bd936b620458aa3f4a400a879a0d685ae2f,0.1132773905992508
6845,b095b4625733f8521439e54db09bed2b9970a808,dbcd79bd7edcdcbb5912a50796fc3c2746729eb5,0.09291903674602509
6846,b095b4625733f8521439e54db09bed2b9970a808,a23c5e1e27853c997cf50d76cfff86f1fdda1a42,0.03265510872006416
6847,b095b4625733f8521439e54db09bed2b9970a808,e5d312728e90eecb46ddc506bfde6b9c9fb9d2c9,0.08905493468046188
6848,b095b4625733f8521439e54db09bed2b9970a808,e3a4988781e8613cecffa8b492fcf254c922cad9,0.03212731331586838
6849,b095b4625733f8521439e54db09bed2b9970a808,8a7854af0ed08d959c1bd1592f02e1019d81d614,0.023523803800344467
6850,b095b4625733f8521439e54db09bed2b9970a808,4999437db9bae36fab1a8336445c0e6b3d1f70c0,0.04112023487687111
6851,b095b4625733f8521439e54db09bed2b9970a808,08e00342bd46ba05932f3fe4ac10a3f7a350d836,-0.013539142906665802
6852,b095b4625733f8521439e54db09bed2b9970a808,a511bee99b4ebb1edf83e818f97663be58d45a22,-0.03929196298122406
6853,b095b4625733f8521439e54db09bed2b9970a808,32231cecd7a740f6914b9896709188c0d876320c,-0.03269025683403015
6854,b095b4625733f8521439e54db09bed2b9970a808,2e64e12c72f79f8e41d51de80d4716652bfb5ed3,-0.006724849343299866
6855,b095b4625733f8521439e54db09bed2b9970a808,5e2a7fe9dbf963baff8d5327ae885c8d4808e34a,-0.04997708648443222
6856,b095b4625733f8521439e54db09bed2b9970a808,c1369d9ebdde76b855bd8a9405db65400af01620,-0.045715440064668655
6857,b095b4625733f8521439e54db09bed2b9970a808,b092dc2f15febfad6ab7826ee77c7e4a0b436ebb,-0.1060013398528099
6858,103f982d2a3a9b7335b76d8c7112d1b6fcf0f2bb,a3a7ba295543b637eac79db24436b96356944375,0.694334089756012
6859,103f982d2a3a9b7335b76d8c7112d1b6fcf0f2bb,bd75508d29a69fbf3bf1454c06554e6850d76bd5,0.6740460395812988
6860,103f982d2a3a9b7335b76d8c7112d1b6fcf0f2bb,036b5edb74849dd68ad44be84f951c139c3b1738,0.5415784120559692
6861,103f982d2a3a9b7335b76d8c7112d1b6fcf0f2bb,89d09965626167360aea4e414f889b06074491da,0.5016816854476929
6862,103f982d2a3a9b7335b76d8c7112d1b6fcf0f2bb,07d6e71722aac1ad7e51c48955ea5a04fcaedf35,0.48582199215888977
6863,103f982d2a3a9b7335b76d8c7112d1b6fcf0f2bb,59ff18c4c8d41bfb9baf487f186a699a8f03f44e,0.27357375621795654
6864,103f982d2a3a9b7335b76d8c7112d1b6fcf0f2bb,c3e2ad2da16f15d212817f833d7dec238a45154d,0.2845023274421692
6865,103f982d2a3a9b7335b76d8c7112d1b6fcf0f2bb,5d9fbab509a8fb09eac6eea88dbb8dcfb646f5df,0.17203572392463684
6866,103f982d2a3a9b7335b76d8c7112d1b6fcf0f2bb,4e821539277add3f2583845864cc6741216f0328,0.14050094783306122
6867,103f982d2a3a9b7335b76d8c7112d1b6fcf0f2bb,730fb0508ddb4dbcbd009f326b0298bfdbe9da8c,0.11722181737422943
6868,103f982d2a3a9b7335b76d8c7112d1b6fcf0f2bb,7bcd8c63eee548a4d269d6572af0d35a837aaea8,0.09737949073314667
6869,103f982d2a3a9b7335b76d8c7112d1b6fcf0f2bb,09f02eee625b7aa6ba7e6f31cfb56f6d4ddd0fdd,0.07310089468955994
6870,103f982d2a3a9b7335b76d8c7112d1b6fcf0f2bb,b58a85e46d365e47ce937ccc09d60fbcd0fc22d4,0.01839454472064972
6871,103f982d2a3a9b7335b76d8c7112d1b6fcf0f2bb,f7f72aefdf053df9e7fb2784af66f0e477272b44,0.02063882350921631
6872,103f982d2a3a9b7335b76d8c7112d1b6fcf0f2bb,7b64a548151fa2cefd77f4c7545534154045b685,0.026797203347086906
6873,103f982d2a3a9b7335b76d8c7112d1b6fcf0f2bb,764c2fb8d8a7972eb0d520db3db53c38668c0c87,0.011281805112957954
6874,103f982d2a3a9b7335b76d8c7112d1b6fcf0f2bb,f4c8539bed600c9c652aba76a996b8188761d3fe,1.5795230865478516e-06
6875,103f982d2a3a9b7335b76d8c7112d1b6fcf0f2bb,6b99529d792427f037bf7b415128649943f757e4,0.015631940215826035
6876,103f982d2a3a9b7335b76d8c7112d1b6fcf0f2bb,10d10df314c1b58f5c83629e73a35185876cd4e2,0.010368017479777336
6877,103f982d2a3a9b7335b76d8c7112d1b6fcf0f2bb,238188daf1ceb8000447c4321125a30ad45c55b8,0.013548456132411957
6878,103f982d2a3a9b7335b76d8c7112d1b6fcf0f2bb,56a2d82f1b89304a80fbeea91accba776a07e55a,0.009584229439496994
6879,103f982d2a3a9b7335b76d8c7112d1b6fcf0f2bb,f719dac4d748bc8b8f371ec14f72d96be34b2c28,-0.01863773725926876
6880,103f982d2a3a9b7335b76d8c7112d1b6fcf0f2bb,a360a526794df3aa8de96f83df171769a4022642,-0.0018579550087451935
6881,103f982d2a3a9b7335b76d8c7112d1b6fcf0f2bb,c6240d0cb51e0fe7f838f5437463f5eeaf5563d0,-0.06402253359556198
6882,103f982d2a3a9b7335b76d8c7112d1b6fcf0f2bb,144fea3fd43bd5ef6569768925425e5607afa1f0,-0.017356067895889282
6883,103f982d2a3a9b7335b76d8c7112d1b6fcf0f2bb,5551e57e8d215519d8a671321d7a0d99e5ad53f0,-0.038954004645347595
6884,103f982d2a3a9b7335b76d8c7112d1b6fcf0f2bb,4d276039b421dfcd9328f452c20a890d3ed2ac96,-0.061235833913087845
6885,103f982d2a3a9b7335b76d8c7112d1b6fcf0f2bb,0a5ad27461c93fefd2665e550776417f416997d4,-0.09105075150728226
6886,103f982d2a3a9b7335b76d8c7112d1b6fcf0f2bb,8c0031cd1df734ac224c8c1daf3ce858140c99d5,-0.09575357288122177
6887,103f982d2a3a9b7335b76d8c7112d1b6fcf0f2bb,9b2ac79115d61001ddaee57597403e845c1a29c4,-0.06694911420345306
6888,435a709ae1d1b0bbdcacbd3965a05d56c14e752c,9af29d227e96c747eb8941a6a7bceaa15b7d8e11,0.6062330007553101
6889,435a709ae1d1b0bbdcacbd3965a05d56c14e752c,38034493656903332acf537ee3b0a90880076303,0.5208241939544678
6890,435a709ae1d1b0bbdcacbd3965a05d56c14e752c,131b4e65b80305a4c38e1cc20c12521732a952dc,0.4902939796447754
6891,435a709ae1d1b0bbdcacbd3965a05d56c14e752c,49d7824b8dee17d185eeb5987ec985c6da4cf548,0.12681598961353302
6892,435a709ae1d1b0bbdcacbd3965a05d56c14e752c,2efc0a99f13ef8875349ff5d47c278392c39e064,0.13539373874664307
6893,435a709ae1d1b0bbdcacbd3965a05d56c14e752c,84c1e1d8badc9a892cbb4372fa5b2a418dfa62e9,0.1133984625339508
6894,435a709ae1d1b0bbdcacbd3965a05d56c14e752c,ee38164081011364ee9618abcc166b3dfd749740,0.07020043581724167
6895,435a709ae1d1b0bbdcacbd3965a05d56c14e752c,a43d082f83d92f6affc8e21585a3eb194904c201,0.07661465555429459
6896,435a709ae1d1b0bbdcacbd3965a05d56c14e752c,8039a25fa3408d73829c3746e0e453ad7dc268b4,0.10181903094053268
6897,435a709ae1d1b0bbdcacbd3965a05d56c14e752c,1a090df137014acab572aa5dc23449b270db64b4,0.1743684709072113
6898,435a709ae1d1b0bbdcacbd3965a05d56c14e752c,dc85adfda51c32c45beddc3b84a0c2c2ac9ae74e,0.012771988287568092
6899,435a709ae1d1b0bbdcacbd3965a05d56c14e752c,e0b3ad93dde06afc5b632cf79e542dcf3b65086e,0.05191260576248169
6900,435a709ae1d1b0bbdcacbd3965a05d56c14e752c,c43dc4ae68a317b34a79636fadb3bcc4d1ccb61c,0.02043459378182888
6901,435a709ae1d1b0bbdcacbd3965a05d56c14e752c,167772d4aace87b235556ffaf119fd5091529c08,0.027815677225589752
6902,435a709ae1d1b0bbdcacbd3965a05d56c14e752c,6abef12dfe2ba6afae50e91e132b59e4f974fd64,0.005069689825177193
6903,435a709ae1d1b0bbdcacbd3965a05d56c14e752c,3026c494c8f05973dd8ae117922cdaa5343b69b2,0.0061593325808644295
6904,435a709ae1d1b0bbdcacbd3965a05d56c14e752c,46fbe8e7dac57f4dbfd91e353eae2d4cfd728e3d,0.028224561363458633
6905,435a709ae1d1b0bbdcacbd3965a05d56c14e752c,dfd3a25be87d47b1a0aaf1f124438474d74d4e64,0.0018354812636971474
6906,435a709ae1d1b0bbdcacbd3965a05d56c14e752c,38f3e33622d9f40310d30258036bc0b1e17cea4c,0.006181017495691776
6907,435a709ae1d1b0bbdcacbd3965a05d56c14e752c,e791d39b4789def2a4abfaa17089e81ec501570f,0.009607373736798763
6908,435a709ae1d1b0bbdcacbd3965a05d56c14e752c,6fc8193f8327cf621289a745bd3be98c56c625ed,-0.037569306790828705
6909,435a709ae1d1b0bbdcacbd3965a05d56c14e752c,2aca2e2c5bb4f680ba0f4a601564f0d1a4b3dbc3,-0.024034181609749794
6910,435a709ae1d1b0bbdcacbd3965a05d56c14e752c,3e14c4e1c63e5a983518ae66f8b2822f5eceff33,-0.03319307416677475
6911,435a709ae1d1b0bbdcacbd3965a05d56c14e752c,0e7748df88b4f54389ddc50d4f9cfffecb8cd90c,-0.04003084450960159
6912,435a709ae1d1b0bbdcacbd3965a05d56c14e752c,af18db78d0ca1180eac884b01cbfea7ed1bef80e,-0.021756114438176155
6913,435a709ae1d1b0bbdcacbd3965a05d56c14e752c,57ff563b01a2ed1da9c5e20af6b922e8471f689c,-0.03304983302950859
6914,435a709ae1d1b0bbdcacbd3965a05d56c14e752c,4e9cd1457e109acedddfdd756298b741eac413cc,-0.0463842935860157
6915,435a709ae1d1b0bbdcacbd3965a05d56c14e752c,5a2bc1810375cccc9b440d8a8756da26f66417d9,-0.06446056067943573
6916,435a709ae1d1b0bbdcacbd3965a05d56c14e752c,ad8626a0d99a6cdea5179a01a2c06f84a72c1a75,-0.0942423939704895
6917,9d4a4e6f8c14d5d2d0e96ab4893abb8ff706253a,4515d348e13fd31e2e7f3df1ab8c04899dd77d59,0.7034632563591003
6918,9d4a4e6f8c14d5d2d0e96ab4893abb8ff706253a,02cbb22e2011938d8d2c0a42b175e96d59bb377f,0.5996171236038208
6919,9d4a4e6f8c14d5d2d0e96ab4893abb8ff706253a,ae24488111896527432ff51653e4d6284fe60e83,0.45610368251800537
6920,9d4a4e6f8c14d5d2d0e96ab4893abb8ff706253a,0f44833eb9047158221e7b3128cde1347b58ccd6,0.3462916612625122
6921,9d4a4e6f8c14d5d2d0e96ab4893abb8ff706253a,c20baa16cb57ff4979569871d15294fa720bbc23,0.2753574848175049
6922,9d4a4e6f8c14d5d2d0e96ab4893abb8ff706253a,d98c19624f61b17897b3eddfeadea15cbf8a2bb6,0.19574707746505737
6923,9d4a4e6f8c14d5d2d0e96ab4893abb8ff706253a,12a37f235bb1fc7f5572924add2993058931915d,0.19279450178146362
6924,9d4a4e6f8c14d5d2d0e96ab4893abb8ff706253a,5d85f0ab7acd995669a24dc93422325e0caea009,0.09818358719348907
6925,9d4a4e6f8c14d5d2d0e96ab4893abb8ff706253a,4087110a5adb3a42582d1808bee8721f738580b4,0.09253985434770584
6926,9d4a4e6f8c14d5d2d0e96ab4893abb8ff706253a,a471336c2f07fd35199be15331f07771a8dfdd2b,0.10276202857494354
6927,9d4a4e6f8c14d5d2d0e96ab4893abb8ff706253a,ea08084b607ea000e18aaada513849cb1c978ee8,0.05333416163921356
6928,9d4a4e6f8c14d5d2d0e96ab4893abb8ff706253a,653d0dfc4593f3b33f0ef8fb9374dea2f9f0660b,0.06856587529182434
6929,9d4a4e6f8c14d5d2d0e96ab4893abb8ff706253a,90437f6a46b51b7c27933af77066369f74deb061,0.02415524795651436
6930,9d4a4e6f8c14d5d2d0e96ab4893abb8ff706253a,24601b69c339615661656a79968f63fea1572765,0.02850162424147129
6931,9d4a4e6f8c14d5d2d0e96ab4893abb8ff706253a,538c4e4327c706a9346472661b3256c39b07df08,-0.023813320323824883
6932,9d4a4e6f8c14d5d2d0e96ab4893abb8ff706253a,926c63eb0446bcd297df4efc58b803917815a912,0.016963426023721695
6933,9d4a4e6f8c14d5d2d0e96ab4893abb8ff706253a,9d58bc51bea13fe0c8f6096fd8cea2403b60e785,0.08844511210918427
6934,9d4a4e6f8c14d5d2d0e96ab4893abb8ff706253a,b2e5db91a09513c3d83bcf0b877110d54a0339e7,0.017193373292684555
6935,9d4a4e6f8c14d5d2d0e96ab4893abb8ff706253a,0abc649b96377073df663d130ab94851fb7c94d7,-0.004865342751145363
6936,9d4a4e6f8c14d5d2d0e96ab4893abb8ff706253a,2f7a988d4521be4462cddd3f693c87712c692f2c,0.0037253201007843018
6937,9d4a4e6f8c14d5d2d0e96ab4893abb8ff706253a,e4d24a7c9f1bcbf2067277b9061215e9dd85d26d,0.0033926069736480713
6938,9d4a4e6f8c14d5d2d0e96ab4893abb8ff706253a,9f3b09e9ebe4f34c264ecba9fa1d95b822c746be,-0.01642375811934471
6939,9d4a4e6f8c14d5d2d0e96ab4893abb8ff706253a,255bf72455ce94bfca01139968911ce8f3d85b26,-0.04176485911011696
6940,9d4a4e6f8c14d5d2d0e96ab4893abb8ff706253a,1b3eb4d8d6be74c821ac035c39a880b2d88ec22a,-0.044907987117767334
6941,9d4a4e6f8c14d5d2d0e96ab4893abb8ff706253a,07f83b84f97735037ad37f6e691c937770871994,-0.06827816367149353
6942,9d4a4e6f8c14d5d2d0e96ab4893abb8ff706253a,e3806f6849f51442a58eae5bd26cce1a5a041fa3,-0.049185603857040405
6943,9d4a4e6f8c14d5d2d0e96ab4893abb8ff706253a,8a74e166e96eca6db7a45b84d85a6b4181cf3516,-0.043203119188547134
6944,9d4a4e6f8c14d5d2d0e96ab4893abb8ff706253a,a2ca4a76a7259da6921ab41eae8858513cbb1af1,-0.04511803388595581
6945,9d4a4e6f8c14d5d2d0e96ab4893abb8ff706253a,12dbbc1f31d302b528e7d260b6a51fb280112ab3,-0.0728725790977478
6946,9d4a4e6f8c14d5d2d0e96ab4893abb8ff706253a,f8b12b0a138271c245097f2c70ed9a0b61873968,-0.1366100311279297
6947,1bf06b2bbf53089180fd3676720d80cbaed5975d,708f339a2d7a5bb827149448fd3b37385ba9b873,0.7380930781364441
6948,1bf06b2bbf53089180fd3676720d80cbaed5975d,69296a15df81fd853e648d160a329cbd9c0050c8,0.5977595448493958
6949,1bf06b2bbf53089180fd3676720d80cbaed5975d,66392ca9b0fc8bb8c8d27312ddd90ca3b418516a,0.5754687190055847
6950,1bf06b2bbf53089180fd3676720d80cbaed5975d,df805da2bb2a7e830b615636ee7cd22368a63563,0.6085442304611206
6951,1bf06b2bbf53089180fd3676720d80cbaed5975d,0b990a9c6000b80dc00b69b68f6091844b898215,0.6343837380409241
6952,1bf06b2bbf53089180fd3676720d80cbaed5975d,7f1f24f8f003bd3536647690f048e90560c26b79,0.4323411285877228
6953,1bf06b2bbf53089180fd3676720d80cbaed5975d,52b6d0c61fe83bf4ee1f74307e9a1aa9e60bf19e,0.31023043394088745
6954,1bf06b2bbf53089180fd3676720d80cbaed5975d,38676c77a8f5f24ed3e5357b83185064baa4cb6f,0.18714463710784912
6955,1bf06b2bbf53089180fd3676720d80cbaed5975d,abcf3c4232f9d4eb8d0161b32fde2f5624fb97ad,0.16660228371620178
6956,1bf06b2bbf53089180fd3676720d80cbaed5975d,d96f734b973cc533e79c7c53969038dd5e71a3c0,0.10226403921842575
6957,1bf06b2bbf53089180fd3676720d80cbaed5975d,b2acf82e565826149af5ea291261a498c05215eb,0.07321645319461823
6958,1bf06b2bbf53089180fd3676720d80cbaed5975d,bc1aa3af96192db18426d3ccc950c197311bfa73,-0.001611407846212387
6959,1bf06b2bbf53089180fd3676720d80cbaed5975d,b04bb8fe1ebdaab87e0c3352823644f64467ec47,0.04282979294657707
6960,1bf06b2bbf53089180fd3676720d80cbaed5975d,e202c80c42b625ab54b44e1bbced7cfda134dbd6,0.0034510232508182526
6961,1bf06b2bbf53089180fd3676720d80cbaed5975d,8ef7b152c35434eba0c5f1cf03051a65426e3463,0.019143695011734962
6962,1bf06b2bbf53089180fd3676720d80cbaed5975d,97902bc7485dc991200848094a69f44c56458b7a,0.03894006460905075
6963,1bf06b2bbf53089180fd3676720d80cbaed5975d,041b31bfc95ba05789bf0af91244c6adde584413,0.011231967248022556
6964,1bf06b2bbf53089180fd3676720d80cbaed5975d,e85b25b092e6d7f5cd372338feb3126706b7c3f0,-0.0011831838637590408
6965,1bf06b2bbf53089180fd3676720d80cbaed5975d,6ccb4bec7491333d6323f4732aef389e9deb6d27,-0.005619373172521591
6966,1bf06b2bbf53089180fd3676720d80cbaed5975d,8ff35ce40d89b02bff71ed03da24bbd3ce383df3,-0.03650783747434616
6967,1bf06b2bbf53089180fd3676720d80cbaed5975d,51937487039de8d10e93be941bb1d9a8c7e2de9c,-0.0030704112723469734
6968,1bf06b2bbf53089180fd3676720d80cbaed5975d,3073eda62f8391db0e695acb69bcb8c68b34c7b4,-0.013736043125391006
6969,1bf06b2bbf53089180fd3676720d80cbaed5975d,07b27e79099f00a8d50f9e529e6b325ed827ead2,-0.051656145602464676
6970,1bf06b2bbf53089180fd3676720d80cbaed5975d,ffb73de64c9c769ae534201768d272c519991d1f,-0.037153616547584534
6971,1bf06b2bbf53089180fd3676720d80cbaed5975d,a4ca2f47bebd8762b34da074e5f638d96583d9de,-0.03676985576748848
6972,1bf06b2bbf53089180fd3676720d80cbaed5975d,24b3785a3ffae660a60e9ac4eb104b8adfc5871b,-0.022794220596551895
6973,1bf06b2bbf53089180fd3676720d80cbaed5975d,169476ccd90c41054a78a38192b1138599f4ddc0,-0.03162220120429993
6974,1bf06b2bbf53089180fd3676720d80cbaed5975d,7e80397d3dcb359761d163aaf10bf60c696642d1,-0.05874399468302727
6975,1bf06b2bbf53089180fd3676720d80cbaed5975d,8ebbfae66b020d6927784d2e59fdc2ddf3585cd3,-0.10007507354021072
6976,1bf06b2bbf53089180fd3676720d80cbaed5975d,1c47e12744c82d7ca658732e1e272b409f464440,-0.11098165810108185
6977,e7ec9e900556d9d9e47b274911ad304bcf198256,60ba158cb1a619726db31b684a7bf818e2f8256b,0.851449728012085
6978,e7ec9e900556d9d9e47b274911ad304bcf198256,c0b7e09f212ec85da22974c481e7b93efeba1504,0.7882643342018127
6979,e7ec9e900556d9d9e47b274911ad304bcf198256,36927265f588ed093c2cbdbf7bf95ddd72f000a9,0.6060395240783691
6980,e7ec9e900556d9d9e47b274911ad304bcf198256,864e1700594dfdf46a4981b5bc07a54ebeab11ba,0.7396019101142883
6981,e7ec9e900556d9d9e47b274911ad304bcf198256,77c87f82a73edab2c46d600fc3d7821cdb15359a,0.577714204788208
6982,e7ec9e900556d9d9e47b274911ad304bcf198256,6e81f26db102e3e261f4fd35251e2f1315709258,0.13413992524147034
6983,e7ec9e900556d9d9e47b274911ad304bcf198256,4155199a98a1c618d2c73fe850f582483addd7ff,0.12036522477865219
6984,e7ec9e900556d9d9e47b274911ad304bcf198256,2913553d5e1ff6447b555e458fe1e0de78c0d45a,0.048817895352840424
6985,e7ec9e900556d9d9e47b274911ad304bcf198256,32c79c5a66e97469465875a31685864e0df8faee,0.07781325280666351
6986,e7ec9e900556d9d9e47b274911ad304bcf198256,40213ebcc1e03c25ba97f4110c0b2030fd2e79b6,0.05582525581121445
6987,e7ec9e900556d9d9e47b274911ad304bcf198256,24fe8b910028522424f2e8dd5ecb9dc2bd3e9153,0.049884337931871414
6988,e7ec9e900556d9d9e47b274911ad304bcf198256,b57a4f80f2b216105c6c283e18236c2474927590,0.019425274804234505
6989,e7ec9e900556d9d9e47b274911ad304bcf198256,4edae1c443cd9bede2af016c23e13d6e664bfe7e,0.01998077519237995
6990,e7ec9e900556d9d9e47b274911ad304bcf198256,c66dc716dc0ab674386255e64a743c291c3a1ab5,0.05599250644445419
6991,e7ec9e900556d9d9e47b274911ad304bcf198256,daac2e9298d513de49d9e6d01c6ec78daf8feb47,-9.567197412252426e-05
6992,e7ec9e900556d9d9e47b274911ad304bcf198256,bf277908733127ada3acf7028947a5eb0e9be38b,-0.015605909749865532
6993,e7ec9e900556d9d9e47b274911ad304bcf198256,88c3904153d831f6d854067f2ad69c5a330f4af3,-0.043645355850458145
6994,e7ec9e900556d9d9e47b274911ad304bcf198256,2b1d83d6d7348700896088b34154eb9e0b021962,-0.021823232993483543
6995,e7ec9e900556d9d9e47b274911ad304bcf198256,717bba8eec2457f1af024a008929fbe4c7ad0612,-0.0375974103808403
6996,e7ec9e900556d9d9e47b274911ad304bcf198256,8a3afde910fc3ebd95fdb51a157883b81bfc7e73,-0.034137848764657974
6997,e7ec9e900556d9d9e47b274911ad304bcf198256,7d6968a25c81e4bc0fb958173a61ea82362cbd03,-0.058253757655620575
6998,e7ec9e900556d9d9e47b274911ad304bcf198256,bcc18022ba80d2e2a6d41c64fb6c8a9e3a898140,-0.06024304777383804
6999,e7ec9e900556d9d9e47b274911ad304bcf198256,627c05039285cee961f9802c41db1a5eaa550b13,-0.0846073180437088
7000,e7ec9e900556d9d9e47b274911ad304bcf198256,933cba585a12e56a8f60511ebeb74b8cb42634b1,-0.089890256524086
7001,e7ec9e900556d9d9e47b274911ad304bcf198256,9f2923984ca3f0bbcca4415f47bee061d848120e,-0.09426364302635193
7002,e7ec9e900556d9d9e47b274911ad304bcf198256,f0bb2eac780d33a2acc129a17e502a3aca28d3a3,-0.09616181254386902
7003,e7ec9e900556d9d9e47b274911ad304bcf198256,b83a6c77e61a38ada308992cc579c8cd49ee16f4,-0.10964970290660858
7004,e7ec9e900556d9d9e47b274911ad304bcf198256,1e6123e778caa1e7d77292ffc40920b78d769ce7,-0.12471626698970795
7005,e7ec9e900556d9d9e47b274911ad304bcf198256,2cae7a02082722145a6977469f74a0eb5bd10585,-0.15531419217586517
7006,e7ec9e900556d9d9e47b274911ad304bcf198256,bbaee955dd1280cb50ee26040f0e8c939369cf78,-0.12269951403141022
7007,522ef548c054fd03109ff1886d243a11ce6d1e2a,f09a1acd38a781a3ab6cb31c8e4f9f29be5f58cb,0.7312518358230591
7008,522ef548c054fd03109ff1886d243a11ce6d1e2a,20b877e96201a08332b5dcd4e73a1a30c9ac5a9e,0.6089446544647217
7009,522ef548c054fd03109ff1886d243a11ce6d1e2a,0122e063ca5f0f9fb9d144d44d41421503252010,0.48139292001724243
7010,522ef548c054fd03109ff1886d243a11ce6d1e2a,0541d5338adc48276b3b8cd3a141d799e2d40150,0.4341850280761719
7011,522ef548c054fd03109ff1886d243a11ce6d1e2a,209b7b98b460c6a0f14cf751a181e971cd4d2a9f,0.2309228628873825
7012,522ef548c054fd03109ff1886d243a11ce6d1e2a,e6bef595cb78bcad4880aea6a3a73ecd32fbfe06,0.24089470505714417
7013,522ef548c054fd03109ff1886d243a11ce6d1e2a,0200f2b70d414bcc13debe90e4325817b9726d5a,0.1945485770702362
7014,522ef548c054fd03109ff1886d243a11ce6d1e2a,79df628dc7b292d6d6387365f074253fbbfbe826,0.06178300827741623
7015,522ef548c054fd03109ff1886d243a11ce6d1e2a,4b38d1951822e71dafac01cba257fd49e1c3b033,0.09143678843975067
7016,522ef548c054fd03109ff1886d243a11ce6d1e2a,f7f4f47b3ef2a2428754f46bb3f7a6bf0c765425,0.08122934401035309
7017,522ef548c054fd03109ff1886d243a11ce6d1e2a,3decb702ee67b996190692b3eaeef3ba6f41b61d,0.06425520032644272
7018,522ef548c054fd03109ff1886d243a11ce6d1e2a,70091b309add6d3e6006bae68a5df5931cfc9d2f,0.10612455010414124
7019,522ef548c054fd03109ff1886d243a11ce6d1e2a,897eacd4b98c8862dbf166e1d677a1d0d6015297,0.050631165504455566
7020,522ef548c054fd03109ff1886d243a11ce6d1e2a,75c5e7566ef28c5d51fe0825afe40d4bd3d90746,0.009240658953785896
7021,522ef548c054fd03109ff1886d243a11ce6d1e2a,b15b3e0fb6ac1cfb16df323c14ae0bbbf3779c1b,0.06121637672185898
7022,522ef548c054fd03109ff1886d243a11ce6d1e2a,76e12e9b8c02ed94cd5e1cae7174060ca13098f2,0.10255174338817596
7023,522ef548c054fd03109ff1886d243a11ce6d1e2a,4077c4e01162471b8947f2c08b27cb2d2970b09a,0.09736955910921097
7024,522ef548c054fd03109ff1886d243a11ce6d1e2a,18e04dbd350ba6dcb5ed10a76476f929b6b5598e,0.06695399433374405
7025,522ef548c054fd03109ff1886d243a11ce6d1e2a,15dd88a84e2581e9d408b2be142b0dba6b9c4c3e,0.03931552171707153
7026,522ef548c054fd03109ff1886d243a11ce6d1e2a,075ef34a0203477c41438743a272f106f95ae909,0.008680521510541439
7027,522ef548c054fd03109ff1886d243a11ce6d1e2a,d7bf5c4e8d640f877efefa6faaaed5b4556fbe8e,0.007502608932554722
7028,522ef548c054fd03109ff1886d243a11ce6d1e2a,2512284d4cb66ee63a3f349abfab75476130b28e,0.049418553709983826
7029,522ef548c054fd03109ff1886d243a11ce6d1e2a,6bc111834108cbcd6cd831f8ac34342d84bc886a,0.04257049039006233
7030,522ef548c054fd03109ff1886d243a11ce6d1e2a,14671928b6bd0c6dbb1145b92d1f3e35513452a8,0.010211527347564697
7031,522ef548c054fd03109ff1886d243a11ce6d1e2a,5d7effed9fc5824359ef315a4a517c90eeb286d6,-0.014150230213999748
7032,522ef548c054fd03109ff1886d243a11ce6d1e2a,ed025ff76239202911e9f6c326b089a3e13dbb48,-0.044324442744255066
7033,522ef548c054fd03109ff1886d243a11ce6d1e2a,92106be17def485cba1c5997b80bbb2d0b21b813,-0.07624990493059158
7034,522ef548c054fd03109ff1886d243a11ce6d1e2a,c32d241a6857a13750b51243766bee102f2e3df3,-0.06791078299283981
7035,522ef548c054fd03109ff1886d243a11ce6d1e2a,1613a9fe64fbc2228e52b021ad45041556cc77ef,-0.0568961575627327
7036,522ef548c054fd03109ff1886d243a11ce6d1e2a,ea1a7c6ba9357ba597cd182ec70e1f03dca485f7,-0.06837742030620575
7037,4e29533438d5c612ab24b80c840446eafcb5995f,0426408774fea8d724609769d6954dd75454a97e,0.5615871548652649
7038,4e29533438d5c612ab24b80c840446eafcb5995f,05aba481e8a221df5d8775a3bb749001e7f2525e,0.43591761589050293
7039,4e29533438d5c612ab24b80c840446eafcb5995f,013cd20c0eaffb9cab80875a43086e0c3224fe20,0.3603729009628296
7040,4e29533438d5c612ab24b80c840446eafcb5995f,126df9f24e29feee6e49e135da102fbbd9154a48,0.3309977054595947
7041,4e29533438d5c612ab24b80c840446eafcb5995f,0106ac3ed6867af22d732cf7640b766cc98d256b,0.24023154377937317
7042,4e29533438d5c612ab24b80c840446eafcb5995f,04640006606ddfb9d6aa4ce8f55855b1f23ec7ed,0.2947964072227478
7043,4e29533438d5c612ab24b80c840446eafcb5995f,236cb915a1724c4b9ec3e53cfed64ce169358cda,0.23771987855434418
7044,4e29533438d5c612ab24b80c840446eafcb5995f,49dc23abd2ba04e30c5dc6084b99e8215228f1be,0.153959721326828
7045,4e29533438d5c612ab24b80c840446eafcb5995f,5f7296baf41119ab68ba1433a44d64a86ca83b9c,0.09845888614654541
7046,4e29533438d5c612ab24b80c840446eafcb5995f,9b63b9da0351abddee88114971a6b3f62e3a528d,0.1480611264705658
7047,4e29533438d5c612ab24b80c840446eafcb5995f,3212929ad5121464ac49741dd3462a5d469e668d,0.1181866005063057
7048,4e29533438d5c612ab24b80c840446eafcb5995f,416c1b1bd27032506512d27f07756e96ed1d5af0,0.11374803632497787
7049,4e29533438d5c612ab24b80c840446eafcb5995f,58e611c163f9cc2968a0eef36ce075d605eb5794,0.07824432849884033
7050,4e29533438d5c612ab24b80c840446eafcb5995f,0c1e5dc8776fa497672af67375d5cd2f500b24ba,0.049866802990436554
7051,4e29533438d5c612ab24b80c840446eafcb5995f,8816173fda63de0053ff78ba0b5412780422543e,0.057977259159088135
7052,4e29533438d5c612ab24b80c840446eafcb5995f,4c976124994660d9144938113281978a71370d42,0.07874799519777298
7053,4e29533438d5c612ab24b80c840446eafcb5995f,b6203f82bf276fff9a0082ee1b51d37ac90f4b79,0.038271285593509674
7054,4e29533438d5c612ab24b80c840446eafcb5995f,1ac7f1621387603ebbf7a5612f6b0a839967d904,0.007716421037912369
7055,4e29533438d5c612ab24b80c840446eafcb5995f,202b3b3bb4a5190ce53b77564f9ae1dc65f3489b,0.010153120383620262
7056,4e29533438d5c612ab24b80c840446eafcb5995f,bd36469a4996503d1d5ba2bd5a75e6febe730cc8,0.013726498000323772
7057,4e29533438d5c612ab24b80c840446eafcb5995f,3c9ac1876a69b4e35b5f0690ea817de6ac26295d,0.008726674132049084
7058,4e29533438d5c612ab24b80c840446eafcb5995f,12893f0569dab51b88d5e1bc318bd3b576b6c2d1,-0.0317714624106884
7059,4e29533438d5c612ab24b80c840446eafcb5995f,d621abffc233507bc615b7b22343a40f72f0df73,-0.04091386869549751
7060,4e29533438d5c612ab24b80c840446eafcb5995f,93ad3279c3c4cbe02428388874aec44cf2d30f30,-0.055474989116191864
7061,4e29533438d5c612ab24b80c840446eafcb5995f,543d27dda4fd8db3d0b0939aedcfa99a996d92a3,-0.0559648796916008
7062,4e29533438d5c612ab24b80c840446eafcb5995f,4201edcb2f82bf78abbdcb9b3fb4ce1841462f72,-0.05197335034608841
7063,4e29533438d5c612ab24b80c840446eafcb5995f,49c59164962b847d9f35bc506d92d92f7a4f0ae7,-0.0838976502418518
7064,4e29533438d5c612ab24b80c840446eafcb5995f,cb79833f0d3b88963cdc84dbb8cb358fd996946e,-0.07461708039045334
7065,4e29533438d5c612ab24b80c840446eafcb5995f,1ee72ed1db4ddbc49922255194890037c7a2f797,-0.09565771371126175
7066,4e29533438d5c612ab24b80c840446eafcb5995f,feebbb3378245c28c708a290a888248026b06ca8,-0.10227455198764801
7067,47fc2c3e290e05fe9d41441b0270f88f6a8543d8,0565b38859f76df988248e6054f0ed72156371ab,0.59746253490448
7068,47fc2c3e290e05fe9d41441b0270f88f6a8543d8,2b00e526490d65f2ec00107fb7bcce0ace5960c7,0.4670834541320801
7069,47fc2c3e290e05fe9d41441b0270f88f6a8543d8,c995c383b26d36e823a9995c94835596ce96f665,0.44008851051330566
7070,47fc2c3e290e05fe9d41441b0270f88f6a8543d8,60ac4554e9f89f0ca319d3bbcc4828bf4dad5b05,0.36294031143188477
7071,47fc2c3e290e05fe9d41441b0270f88f6a8543d8,e07b2fd383ceb3a3d37c2b1436ae392584687312,0.2890705466270447
7072,47fc2c3e290e05fe9d41441b0270f88f6a8543d8,0add47725080054b8a6b41dc4c1bdf080e55b34e,0.3184455335140228
7073,47fc2c3e290e05fe9d41441b0270f88f6a8543d8,0afbea311a0dcd591106893228abd395a2a93dad,0.2918173670768738
7074,47fc2c3e290e05fe9d41441b0270f88f6a8543d8,8228b780429acc22ffb48e64147f58b4dea291f1,0.1723618507385254
7075,47fc2c3e290e05fe9d41441b0270f88f6a8543d8,259d69ba1400310016f6c15dadbd9c509ff73723,0.19823239743709564
7076,47fc2c3e290e05fe9d41441b0270f88f6a8543d8,fd1bc01a9caa53679052b0e803523a2dacb27710,0.13774411380290985
7077,47fc2c3e290e05fe9d41441b0270f88f6a8543d8,35ea1f747f03d2bac874ee56a30039363e28e8e0,0.1478884071111679
7078,47fc2c3e290e05fe9d41441b0270f88f6a8543d8,54bcf473448df84416ae2ab518a5a9181f22693a,0.14173553884029388
7079,47fc2c3e290e05fe9d41441b0270f88f6a8543d8,2f03394aed0a9baabb7d30196ac291be4ec63ab3,0.11401187628507614
7080,47fc2c3e290e05fe9d41441b0270f88f6a8543d8,3f97f1351c6276a1d2912fcd79accaa8b3ce3afa,0.10084284096956253
7081,47fc2c3e290e05fe9d41441b0270f88f6a8543d8,9e1be80488c07093d5c3b334c713f15e1181a38c,0.07347069680690765
7082,47fc2c3e290e05fe9d41441b0270f88f6a8543d8,41edd975efbbc5af28971bc2669d9a1ae6ee8ace,0.0654020830988884
7083,47fc2c3e290e05fe9d41441b0270f88f6a8543d8,e185c84b0c722eefa725f7131cd55aa9ceead871,0.03591037914156914
7084,47fc2c3e290e05fe9d41441b0270f88f6a8543d8,2dc293701b306a5d049dac23f84ab73f1969b197,0.005528587847948074
7085,47fc2c3e290e05fe9d41441b0270f88f6a8543d8,ece49135b57d3a8b15f374155942ad48056306e7,0.057898618280887604
7086,47fc2c3e290e05fe9d41441b0270f88f6a8543d8,abbb7e4a44b545b60e478efaf2d662333929a926,0.00017413124442100525
7087,47fc2c3e290e05fe9d41441b0270f88f6a8543d8,7adf6090f8f247da6fbc036ac5b1b678b92fd9fe,-0.00817643478512764
7088,47fc2c3e290e05fe9d41441b0270f88f6a8543d8,b8061918d0edbb5cd3042aa3d8b6ce7becc1d961,-0.026371927931904793
7089,47fc2c3e290e05fe9d41441b0270f88f6a8543d8,ac9c460a6f7952ac7e4f1340fd06a18b5bd1559f,-0.02144649066030979
7090,47fc2c3e290e05fe9d41441b0270f88f6a8543d8,f115f68b3f4db8513ec9e916a15dfad1c9a9339b,-0.021171241998672485
7091,47fc2c3e290e05fe9d41441b0270f88f6a8543d8,cbd92fac853bfb56fc1c3752574dc0831d8bc181,-0.011037290096282959
7092,47fc2c3e290e05fe9d41441b0270f88f6a8543d8,06d35d33fdd15a2efa6d42fdec731f9ac12dfaf3,-0.050332799553871155
7093,47fc2c3e290e05fe9d41441b0270f88f6a8543d8,3b21679e45a90a652431fbd5f8a0622c47c4caea,-0.0692204087972641
7094,47fc2c3e290e05fe9d41441b0270f88f6a8543d8,3811148feed575242fc40ad7ace8a49ed7e44460,-0.1013944000005722
7095,47fc2c3e290e05fe9d41441b0270f88f6a8543d8,aa6352ccde2e6c6412bc85a66a1348864c012198,-0.0831117257475853
7096,47fc2c3e290e05fe9d41441b0270f88f6a8543d8,761f0c2baaafc82633c1d78e3931d031d9673b11,-0.08954012393951416
7097,3ad8328b066bedca77c858a399a77521563d5c99,62a7cfab468ef3bbd763db8f80745bd93d2be7dd,0.3649100363254547
7098,3ad8328b066bedca77c858a399a77521563d5c99,12ef153d9c7ccc374d56acf34b59fb2eaec6f755,0.38825732469558716
7099,3ad8328b066bedca77c858a399a77521563d5c99,08d32340e0e6aa50952860b90dfba2fe4764a85a,0.3849142789840698
7100,3ad8328b066bedca77c858a399a77521563d5c99,cd0105649926af00e1f8fe4d32438ea2141628e8,0.32364070415496826
7101,3ad8328b066bedca77c858a399a77521563d5c99,e2d76fc1efbbf94a624dde792ca911e6687a4fd4,0.30367738008499146
7102,3ad8328b066bedca77c858a399a77521563d5c99,1717dee0e8785d963e0333a0bb945757444bb651,0.24935077130794525
7103,3ad8328b066bedca77c858a399a77521563d5c99,42cf562f8d089982e59432d356dc588ffd600737,0.2138664573431015
7104,3ad8328b066bedca77c858a399a77521563d5c99,3c6e10d69ae189a824d9f61bc27066228e97cc1a,0.15900418162345886
7105,3ad8328b066bedca77c858a399a77521563d5c99,46bf9ea8d3fad703a4d13279c60927ce90247bc3,0.12090972065925598
7106,3ad8328b066bedca77c858a399a77521563d5c99,1cac91219d44b4c202109bebdf5c8704eecdde48,0.10612592101097107
7107,3ad8328b066bedca77c858a399a77521563d5c99,20e1edef9ac41b6a4c1c382d2ef5e10fd0463459,0.12148688733577728
7108,3ad8328b066bedca77c858a399a77521563d5c99,b9aec954cb5cf4f17fe034848f38c4fdced0f693,0.12406060099601746
7109,3ad8328b066bedca77c858a399a77521563d5c99,cc2ac69f43da51ae8713973b072e084067af2c31,0.06645241379737854
7110,3ad8328b066bedca77c858a399a77521563d5c99,8c1209062c63f6b7fb023b16c3c4e09af1fe6c40,0.0671987533569336
7111,3ad8328b066bedca77c858a399a77521563d5c99,5099a67c1a2514b99fd27409ac3ab8e2c1047470,0.06062272936105728
7112,3ad8328b066bedca77c858a399a77521563d5c99,222d9922ff0fcb187fc55cb9394c7f87aee84111,0.057552896440029144
7113,3ad8328b066bedca77c858a399a77521563d5c99,fd6c6b3050f96f682fe34b2b6da29e8c0c424b3c,0.06815886497497559
7114,3ad8328b066bedca77c858a399a77521563d5c99,7173e6e30fe2e223c4443594bb0817f85fb3bef1,0.14218157529830933
7115,3ad8328b066bedca77c858a399a77521563d5c99,8e0b8e87161dd4001d31832d5d9864fd31e8eccd,0.022732209414243698
7116,3ad8328b066bedca77c858a399a77521563d5c99,8c200aa59d88f48f029d75252858cf329d6d4b4a,0.004766674712300301
7117,3ad8328b066bedca77c858a399a77521563d5c99,ec7d96dafdb2001e1f523ff4ddb6849b62a99b8b,0.028716593980789185
7118,3ad8328b066bedca77c858a399a77521563d5c99,2f6ee7428abc96dde0dab34d5dff7563baf28478,0.046750154346227646
7119,3ad8328b066bedca77c858a399a77521563d5c99,5b4bc6f02be76fe9ed542dd23c4c6d274fec8ae4,0.05522642284631729
7120,3ad8328b066bedca77c858a399a77521563d5c99,8dc8672e67ff6c01af48e99c5b71e5e4e37f2a80,0.02274497039616108
7121,3ad8328b066bedca77c858a399a77521563d5c99,9d3472849dc2cadf194ae29adbf46bdda861d8b7,0.011073054745793343
7122,3ad8328b066bedca77c858a399a77521563d5c99,5952abac86c6123f4123b522bdff6b652b05976e,0.004149438813328743
7123,3ad8328b066bedca77c858a399a77521563d5c99,4761f0fd96284103ecd3603349c7f8078ad28676,0.013673976063728333
7124,3ad8328b066bedca77c858a399a77521563d5c99,95688c5444a109ec64e8921cdac469b4db5220ac,-0.0008033746853470802
7125,3ad8328b066bedca77c858a399a77521563d5c99,72a959deeccbfcac45ba99e1de305b37fcc887f3,-0.003309197723865509
7126,3ad8328b066bedca77c858a399a77521563d5c99,98d33cce6f90945549aaff9097d6d282688387f8,-0.01423482596874237
7127,5decd5f960e17bfaf3554a39c1b7b0ef2e4aa6cf,40e8d23231469e6495d3e06086e64df93e9dcfa0,0.39086151123046875
7128,5decd5f960e17bfaf3554a39c1b7b0ef2e4aa6cf,29fbe4a6c55f8eae8ff40841440e4cb198cd9aec,0.29274147748947144
7129,5decd5f960e17bfaf3554a39c1b7b0ef2e4aa6cf,459696bdbd8af247d154cd8008aeacdd05fe59e1,0.3713796138763428
7130,5decd5f960e17bfaf3554a39c1b7b0ef2e4aa6cf,91bb3680cee8cd37b80e07644f66f9cccf1b1aff,0.23074927926063538
7131,5decd5f960e17bfaf3554a39c1b7b0ef2e4aa6cf,42338a0b160eb10decba0397aa83bda530d4803f,0.2657184898853302
7132,5decd5f960e17bfaf3554a39c1b7b0ef2e4aa6cf,178631e0f0e624b1607c7a7a2507ed30d4e83a42,0.2786872386932373
7133,5decd5f960e17bfaf3554a39c1b7b0ef2e4aa6cf,215aad1520ec1b087ab2ba4043f5e0ecc32e7482,0.2617558240890503
7134,5decd5f960e17bfaf3554a39c1b7b0ef2e4aa6cf,0b3cfbf79d50dae4a16584533227bb728e3522aa,0.24087512493133545
7135,5decd5f960e17bfaf3554a39c1b7b0ef2e4aa6cf,7c4824cc17bf735a7f80d128cc7ac6c7a8ab8aec,0.1933213323354721
7136,5decd5f960e17bfaf3554a39c1b7b0ef2e4aa6cf,ede93aff6b747938e4ed6cf2fae3daf6b66520f7,0.1722271740436554
7137,5decd5f960e17bfaf3554a39c1b7b0ef2e4aa6cf,39ae3816ab8895c754112554b4a4112bc4b6c2c6,0.10830044746398926
7138,5decd5f960e17bfaf3554a39c1b7b0ef2e4aa6cf,9a0fff9611832cd78a82a32f47b8ca917fbd4077,0.20294933021068573
7139,5decd5f960e17bfaf3554a39c1b7b0ef2e4aa6cf,0e4963c7d2c6f0be422dbef0b45473dc43503ceb,0.09178800880908966
7140,5decd5f960e17bfaf3554a39c1b7b0ef2e4aa6cf,31e2f7c599cd5cd621f13932186db352be4d8eea,0.11821632087230682
7141,5decd5f960e17bfaf3554a39c1b7b0ef2e4aa6cf,bbe0f0b3e2d60c4f96d9d84f97dc8a9be4f72802,0.10377863794565201
7142,5decd5f960e17bfaf3554a39c1b7b0ef2e4aa6cf,42e0a535049b2183f167235fc79f0deace4f11c3,0.060292866080999374
7143,5decd5f960e17bfaf3554a39c1b7b0ef2e4aa6cf,88ac3acda24e771a8d4659b48205adb21c6933fa,0.05571623146533966
7144,5decd5f960e17bfaf3554a39c1b7b0ef2e4aa6cf,f3f191aa4b27789fef02e2a40e11c33ea408c86c,0.06759544461965561
7145,5decd5f960e17bfaf3554a39c1b7b0ef2e4aa6cf,7a402e00e2264bfc80faaf1d913a69f654eaf6b6,0.017865054309368134
7146,5decd5f960e17bfaf3554a39c1b7b0ef2e4aa6cf,e35e9dbadc9f38abdf49f620635438e3d6f9e8d2,-0.018861334770917892
7147,5decd5f960e17bfaf3554a39c1b7b0ef2e4aa6cf,912ab353ff9f2baac0ec64f80a05477fba07b4a7,-0.009921437129378319
7148,5decd5f960e17bfaf3554a39c1b7b0ef2e4aa6cf,7ee214c411ca42c323af6e6cdc96058d5140aefe,0.009445257484912872
7149,5decd5f960e17bfaf3554a39c1b7b0ef2e4aa6cf,28a500f4422032e42315e40b44bfb1db72d828d2,-0.0030850302428007126
7150,5decd5f960e17bfaf3554a39c1b7b0ef2e4aa6cf,841cebeab490ad455df3e7f7bf2cdff0076e59ca,-0.008769480511546135
7151,5decd5f960e17bfaf3554a39c1b7b0ef2e4aa6cf,13890c2699dd12a4f4d722b9f35a666c98b8de45,-0.027294185012578964
7152,5decd5f960e17bfaf3554a39c1b7b0ef2e4aa6cf,1d758774416b44ad828ebf4ab35e23da14a273e8,-0.0928584635257721
7153,5decd5f960e17bfaf3554a39c1b7b0ef2e4aa6cf,4c98202e345a55b7b1d8c2347def21cac05935e6,-0.08059312403202057
7154,5decd5f960e17bfaf3554a39c1b7b0ef2e4aa6cf,91e6a1d594895ac2cbcbfc591b4244ca039d7109,-0.08049077540636063
7155,5decd5f960e17bfaf3554a39c1b7b0ef2e4aa6cf,9e5a13f3bc2580fd16bab15e31dc632148021f5d,-0.14167210459709167
7156,5decd5f960e17bfaf3554a39c1b7b0ef2e4aa6cf,4c68e7eff1da14003cc7efbfbd9a0a0a3d5d4968,-0.14775554835796356
7157,8a1838c64441c5a659a7fbcf80531e5e5ff53d84,10cfa5bfab3da9c8026d3a358695ea2a5eba0f33,0.5347049236297607
7158,8a1838c64441c5a659a7fbcf80531e5e5ff53d84,12099545a31155585a813b840ed711de9d83cace,0.2544117271900177
7159,8a1838c64441c5a659a7fbcf80531e5e5ff53d84,139abeefba9ab62418ba69bc74326d3199d33824,0.27152177691459656
7160,8a1838c64441c5a659a7fbcf80531e5e5ff53d84,30f46fdfe1fdab60bdecaa27aaa94526dfd87ac1,0.21058714389801025
7161,8a1838c64441c5a659a7fbcf80531e5e5ff53d84,0a202f1dfc6991a6a204eaa5e6b46d6223a4d98a,0.27410978078842163
7162,8a1838c64441c5a659a7fbcf80531e5e5ff53d84,e0de791e1d6540a25e2e31ebae882c3b628ece0c,0.2588839828968048
7163,8a1838c64441c5a659a7fbcf80531e5e5ff53d84,116d7798c1123cf7fad4176e98f58fd49de4f8f1,0.2425171136856079
7164,8a1838c64441c5a659a7fbcf80531e5e5ff53d84,3d57515445c00c635e15222767fc0430069ed200,0.1832634061574936
7165,8a1838c64441c5a659a7fbcf80531e5e5ff53d84,024006d4c2a89f7acacc6e4438d156525b60a98f,0.09400250017642975
7166,8a1838c64441c5a659a7fbcf80531e5e5ff53d84,7a66b85f5c843ff1b5788ad651f700313993e305,0.10130377113819122
7167,8a1838c64441c5a659a7fbcf80531e5e5ff53d84,690aa390ee29fb7fe2822c5465db65303f2e37ac,0.05527723953127861
7168,8a1838c64441c5a659a7fbcf80531e5e5ff53d84,14748beb5255da1256873f45a4ce71052d2ba40a,0.0569213330745697
7169,8a1838c64441c5a659a7fbcf80531e5e5ff53d84,3e42557a8a8120acbe7ab9c1f43c05a529254e04,0.1360403448343277
7170,8a1838c64441c5a659a7fbcf80531e5e5ff53d84,9afcff746d84b9a71c2ea7e9950c53a8757fcfc2,0.10821716487407684
7171,8a1838c64441c5a659a7fbcf80531e5e5ff53d84,34bbe565d9538ffdf4c8ef4e891411edf8d29447,0.06440859287977219
7172,8a1838c64441c5a659a7fbcf80531e5e5ff53d84,9488372708f0b6dbf055c2a73ddb1c082934afb6,0.06332377344369888
7173,8a1838c64441c5a659a7fbcf80531e5e5ff53d84,e74949ae81efa58f562d44b86339571701674284,0.06762408465147018
7174,8a1838c64441c5a659a7fbcf80531e5e5ff53d84,5720a5015ca67400fadd0ff6863519f4b030e731,0.011897647753357887
7175,8a1838c64441c5a659a7fbcf80531e5e5ff53d84,0e7122bd7137fd166b278e34db3422d3174aedc7,0.0010504033416509628
7176,8a1838c64441c5a659a7fbcf80531e5e5ff53d84,60fd71bf5c6a799aba9742a6f8176189884a1196,3.0513852834701538e-05
7177,8a1838c64441c5a659a7fbcf80531e5e5ff53d84,f5a15079faaa34fb0b9775c17fcbcc0f10245725,-0.04130006209015846
7178,8a1838c64441c5a659a7fbcf80531e5e5ff53d84,cce60aed492a1107aec818bdb07b04cb066680ed,-0.04406924545764923
7179,8a1838c64441c5a659a7fbcf80531e5e5ff53d84,76e04f695a3f5593858766841b284175ac72e5d3,-0.017914284020662308
7180,8a1838c64441c5a659a7fbcf80531e5e5ff53d84,22f656d0f8426c84a33a267977f511f127bfd7f3,-0.052038781344890594
7181,8a1838c64441c5a659a7fbcf80531e5e5ff53d84,a6774549061a800427d5f54fe606e80fab0364a3,-0.07249428331851959
7182,8a1838c64441c5a659a7fbcf80531e5e5ff53d84,4f640c1338840f3740187352531dfeca9381b5c3,-0.046290744096040726
7183,8a1838c64441c5a659a7fbcf80531e5e5ff53d84,c9a48b155943f05c25da8cc957a7bb63c63a458c,-0.09110391139984131
7184,8a1838c64441c5a659a7fbcf80531e5e5ff53d84,47ad62463adc468554da06c836133e23e4e0dce7,-0.08922763168811798
7185,8a1838c64441c5a659a7fbcf80531e5e5ff53d84,5a8399a28aa322ed6b27b6408d34f44abdbf7b46,-0.10895269364118576
7186,8a1838c64441c5a659a7fbcf80531e5e5ff53d84,d691128d367d9bd1f35bd0dd15887c073b72817a,-0.12113222479820251
7187,f7b0d94fd4a32c4c9be472b4e8d6c5bc308f0dfa,1c9aca60f7ac5edcceb73d612806704a7d662643,0.6387968063354492
7188,f7b0d94fd4a32c4c9be472b4e8d6c5bc308f0dfa,4f5cd4c2d81db5c52f952589a8d52bba16962707,0.6712093353271484
7189,f7b0d94fd4a32c4c9be472b4e8d6c5bc308f0dfa,04cc04457e09e17897f9256c86b45b92d70a401f,0.6093024015426636
7190,f7b0d94fd4a32c4c9be472b4e8d6c5bc308f0dfa,057ac29c84084a576da56247bdfd63bf17b5a891,0.5893183946609497
7191,f7b0d94fd4a32c4c9be472b4e8d6c5bc308f0dfa,00ac5fa58d024af5a681e520f49ea0a2dfc6c078,0.4870836138725281
7192,f7b0d94fd4a32c4c9be472b4e8d6c5bc308f0dfa,0a80cfdcca92f0b6c5f3fd1569c92f3b2d08b4db,0.3586030602455139
7193,f7b0d94fd4a32c4c9be472b4e8d6c5bc308f0dfa,b8d9ff98b9fe1fa3951caaa084109f6bfd0de95d,0.3609914481639862
7194,f7b0d94fd4a32c4c9be472b4e8d6c5bc308f0dfa,b3d4e09f161207eef2f00160479b75878ff9fbd1,0.21848458051681519
7195,f7b0d94fd4a32c4c9be472b4e8d6c5bc308f0dfa,ed173a39f4cd980eef319116b6ba39cec1b37c42,0.25098276138305664
7196,f7b0d94fd4a32c4c9be472b4e8d6c5bc308f0dfa,47ae71f741c635905b9ebcd63e20255d31a9ae0f,0.17393043637275696
7197,f7b0d94fd4a32c4c9be472b4e8d6c5bc308f0dfa,c4ed93ddc4be73a902e936cd44ad3f3c0e1f87f3,0.13206259906291962
7198,f7b0d94fd4a32c4c9be472b4e8d6c5bc308f0dfa,d4baf2e2f2715ef65223d5642f408ecd9d0d5321,0.0864178016781807
7199,f7b0d94fd4a32c4c9be472b4e8d6c5bc308f0dfa,57344d036f349600e918be3c0676bde7f47ad7bf,0.07927143573760986
7200,f7b0d94fd4a32c4c9be472b4e8d6c5bc308f0dfa,38731066f2e444c69818c8533b219b3db2826f18,0.11213165521621704
7201,f7b0d94fd4a32c4c9be472b4e8d6c5bc308f0dfa,f4702d55b49ba075edc34309423880d091eac2b3,0.06406467407941818
7202,f7b0d94fd4a32c4c9be472b4e8d6c5bc308f0dfa,cd33ec99c3bcba977356bc44efab5cb3ab837938,0.0427221842110157
7203,f7b0d94fd4a32c4c9be472b4e8d6c5bc308f0dfa,1e8c283cedbbceb2a56bf962bc0a86fd40f1cea6,0.07577162981033325
7204,f7b0d94fd4a32c4c9be472b4e8d6c5bc308f0dfa,91f09f9009d5d7df61d7da0bcc590959f5794dde,0.003005560953170061
7205,f7b0d94fd4a32c4c9be472b4e8d6c5bc308f0dfa,8d7a6c618a898ff8c09f0ec495c776a1837242b5,0.0379708856344223
7206,f7b0d94fd4a32c4c9be472b4e8d6c5bc308f0dfa,1e02f85c5560f6f57b0a6ddffcd89b83ab6cc01c,0.00044433213770389557
7207,f7b0d94fd4a32c4c9be472b4e8d6c5bc308f0dfa,3cf000b5886f1feb1d8cd272deb9a71dd6db2111,0.022598758339881897
7208,f7b0d94fd4a32c4c9be472b4e8d6c5bc308f0dfa,343f9b0e97a5f980f70f21dba284cd87314cd9b1,0.034172140061855316
7209,f7b0d94fd4a32c4c9be472b4e8d6c5bc308f0dfa,b77f5f07c07b8569596eb03e578a680300016188,0.009479537606239319
7210,f7b0d94fd4a32c4c9be472b4e8d6c5bc308f0dfa,7367b866d1e08a2b4c1143822e076ad0291d2cc5,0.03644872456789017
7211,f7b0d94fd4a32c4c9be472b4e8d6c5bc308f0dfa,9e88de8a38a53dbbc4ab670b6cdbf5c61ead18c5,-0.03314700350165367
7212,f7b0d94fd4a32c4c9be472b4e8d6c5bc308f0dfa,6514d7eeb27a47f8b75e157aca98b177c38de4e9,-0.1535315215587616
7213,f7b0d94fd4a32c4c9be472b4e8d6c5bc308f0dfa,a75a6ed085fb57762fa148b82aa47607c0d9d92c,-0.07745212316513062
7214,f7b0d94fd4a32c4c9be472b4e8d6c5bc308f0dfa,41aa1e97416a01ddcbb26e6fdd5402bfe0c6c1ce,0.06769731640815735
7215,f7b0d94fd4a32c4c9be472b4e8d6c5bc308f0dfa,610b86da495e69a27484287eac6e79285513884f,-0.05742640048265457
7216,f7b0d94fd4a32c4c9be472b4e8d6c5bc308f0dfa,75bbd7d888899337f55663f28ced0ad7372d0dd1,-0.07184833288192749
7217,79e13ff4a21f13d3839422568274ea84a9fe42b5,0674c1e2fd78925a1baa6a28216ee05ed7b48ba0,0.46438896656036377
7218,79e13ff4a21f13d3839422568274ea84a9fe42b5,cf2a86994505a96c19c73dbbaa4a39801bdee088,0.38251715898513794
7219,79e13ff4a21f13d3839422568274ea84a9fe42b5,1b1337a166cdcf6ee51a70cb23f291c36e9eee34,0.3831029236316681
7220,79e13ff4a21f13d3839422568274ea84a9fe42b5,18d7a36d953480adba60c21e4b2a3f3208fedc77,0.3356112539768219
7221,79e13ff4a21f13d3839422568274ea84a9fe42b5,10ff61e6c2a99d8aafcf1706f3e88c7e2dfec188,0.23421244323253632
7222,79e13ff4a21f13d3839422568274ea84a9fe42b5,be9336fd5642e57b6c147c6eb97612b052fd43d4,0.2965399920940399
7223,79e13ff4a21f13d3839422568274ea84a9fe42b5,89324b37187a8a4115e7619056bca5fcf78e8928,0.144883930683136
7224,79e13ff4a21f13d3839422568274ea84a9fe42b5,5360ea82abdc3223b0ede0179fe5842c180b70ed,0.17356805503368378
7225,79e13ff4a21f13d3839422568274ea84a9fe42b5,a907e5609bb9efd1bafb11cd424faab14fd42e4a,0.16230005025863647
7226,79e13ff4a21f13d3839422568274ea84a9fe42b5,a47b4939945e9139ccbf37e2f232d5c57583b385,0.14651992917060852
7227,79e13ff4a21f13d3839422568274ea84a9fe42b5,203af6916b501ee53d9c8c7164324ef4f019ca2d,0.1281355619430542
7228,79e13ff4a21f13d3839422568274ea84a9fe42b5,4b41aa7f0b0eae6beff4c6d98dd3631863ec51c2,0.11763660609722137
7229,79e13ff4a21f13d3839422568274ea84a9fe42b5,12cedcc79bec6403ffab5d4c85a1bf7500683eca,0.1960964798927307
7230,79e13ff4a21f13d3839422568274ea84a9fe42b5,e1bf2a95eb36afe7a6d9ae01db26ade2988226a0,0.1202557384967804
7231,79e13ff4a21f13d3839422568274ea84a9fe42b5,4873e56ce8bfa3d8edaa8cdc28ea3aff54b3e87c,0.04612208902835846
7232,79e13ff4a21f13d3839422568274ea84a9fe42b5,600a5d60cb96eda2a9849413e747547d70dfb00a,0.13551121950149536
7233,79e13ff4a21f13d3839422568274ea84a9fe42b5,c257c6948fe63f7ee3df0a2d18916d2e3fdc85e5,0.029385097324848175
7234,79e13ff4a21f13d3839422568274ea84a9fe42b5,0cc24d8308665874bddf5cb874c7fb122c249666,0.04215976968407631
7235,79e13ff4a21f13d3839422568274ea84a9fe42b5,010d1631433bb22a9261fba477b6e6f5a0d722b8,0.027245664969086647
7236,79e13ff4a21f13d3839422568274ea84a9fe42b5,bbb9c3119edd9daa414fd8f2df5072587bfa3462,0.014784542843699455
7237,79e13ff4a21f13d3839422568274ea84a9fe42b5,87b1b46129899f328017798e315cae82e0ba70d8,-0.014071546494960785
7238,79e13ff4a21f13d3839422568274ea84a9fe42b5,2e3fc086ff84d6589dc91200fbfa86903a2d3b76,0.008489590138196945
7239,79e13ff4a21f13d3839422568274ea84a9fe42b5,11b8093f4a8c421a8638c1be0937151d968d95f9,0.014724375680088997
7240,79e13ff4a21f13d3839422568274ea84a9fe42b5,60a9035c45fe30e4e88dad530c4f5e476cc61b78,-0.013199618086218834
7241,79e13ff4a21f13d3839422568274ea84a9fe42b5,11bf72f89874b3bf3e950952543c96bf533d3399,-0.005186744034290314
7242,79e13ff4a21f13d3839422568274ea84a9fe42b5,2ccbb28d9f3c0f4867826f24567b4183993037b3,-0.05268232524394989
7243,79e13ff4a21f13d3839422568274ea84a9fe42b5,3199197df603025a328e2c0837235e590acc10b1,-0.06832151859998703
7244,79e13ff4a21f13d3839422568274ea84a9fe42b5,ab8799dce29812a8e04cfa01eea095515c24b963,-0.05507795885205269
7245,79e13ff4a21f13d3839422568274ea84a9fe42b5,4f3dbfec5c67f0fb0602d9c803a391bc2f6ee4c7,-0.05458611622452736
7246,79e13ff4a21f13d3839422568274ea84a9fe42b5,528db43eb99e4d3c6b0c7ed63d17332796b4270f,-0.08722059428691864
7247,52d67b1ffaa5a135ff401e1ee0a2ff18571f2ce1,0fdfc3fc7d89b5acc2e8c83ee62436d394eb8040,0.5329806208610535
7248,52d67b1ffaa5a135ff401e1ee0a2ff18571f2ce1,261bfaf79635c455c7ed8bd2ddc6785fd9d9ced0,0.5517129898071289
7249,52d67b1ffaa5a135ff401e1ee0a2ff18571f2ce1,35312649f71523e2bb1ef0033388eb046f6f9f1b,0.5336050391197205
7250,52d67b1ffaa5a135ff401e1ee0a2ff18571f2ce1,5ac38297a3c256c88a67597fa8f5d0c44d5957c8,0.47937363386154175
7251,52d67b1ffaa5a135ff401e1ee0a2ff18571f2ce1,0bfc3626485953e2d3f87854a00a50f88c62269d,0.39195001125335693
7252,52d67b1ffaa5a135ff401e1ee0a2ff18571f2ce1,6b125801726b464b9fcc5095e1b31527370ae0fb,0.2084561288356781
7253,52d67b1ffaa5a135ff401e1ee0a2ff18571f2ce1,1196336c26cbe0d7ecaad355b59d7c199a94776f,0.19443386793136597
7254,52d67b1ffaa5a135ff401e1ee0a2ff18571f2ce1,c1353d7db7098efd2622f01b59e8dba55e1f1327,0.1606985628604889
7255,52d67b1ffaa5a135ff401e1ee0a2ff18571f2ce1,ede1e7c2dba44f2094307f17322babce38031577,0.01205597072839737
7256,52d67b1ffaa5a135ff401e1ee0a2ff18571f2ce1,adf0d7a1967a14be8f881ab71449015aff720755,-0.002314390614628792
7257,52d67b1ffaa5a135ff401e1ee0a2ff18571f2ce1,d3143fda4f262bb1e63cdce86634cf4bfc9ac56e,0.0015934929251670837
7258,52d67b1ffaa5a135ff401e1ee0a2ff18571f2ce1,405e880a3c632255481c59d6fc04206a0a6c2fcb,0.004232734441757202
7259,52d67b1ffaa5a135ff401e1ee0a2ff18571f2ce1,05eef8cf5eed78407e2217b5652ea83f5753846d,0.005467033013701439
7260,52d67b1ffaa5a135ff401e1ee0a2ff18571f2ce1,f30db882c88867e88c4f757568efb10abb069cd7,0.017815135419368744
7261,52d67b1ffaa5a135ff401e1ee0a2ff18571f2ce1,6caea5cec7406f8314ad43788edaf48a51600e04,-0.020699970424175262
7262,52d67b1ffaa5a135ff401e1ee0a2ff18571f2ce1,94c440feb507ada7e20ac43023758ffe3ca59ea9,-0.05001257359981537
7263,52d67b1ffaa5a135ff401e1ee0a2ff18571f2ce1,c63f67d4df2c6800b34832afa17ec80c13706efb,-0.05053141713142395
7264,52d67b1ffaa5a135ff401e1ee0a2ff18571f2ce1,ac993f7c54e57a51bd912492f1494dd5e1320916,-0.05801525339484215
7265,52d67b1ffaa5a135ff401e1ee0a2ff18571f2ce1,5def2ed833094254e9620c6fa0da3d3db9ff3f55,-0.03531980141997337
7266,52d67b1ffaa5a135ff401e1ee0a2ff18571f2ce1,fc25ec72a1ab526e61a443415b9e48a545827dcc,-0.030806565657258034
7267,52d67b1ffaa5a135ff401e1ee0a2ff18571f2ce1,3ff66b5413b89823810b5860dd54b860bce0357b,-0.05890131741762161
7268,52d67b1ffaa5a135ff401e1ee0a2ff18571f2ce1,f306c0d24a5eb338b7a577a17d8b35d78716d880,-0.09140996634960175
7269,52d67b1ffaa5a135ff401e1ee0a2ff18571f2ce1,54bef8bca4bef4a5cb597c11b9389496f40df35c,-0.03882884979248047
7270,52d67b1ffaa5a135ff401e1ee0a2ff18571f2ce1,f0bcaa04ed5baea44bc22c7b2030c72a2774fccd,-0.08196593821048737
7271,52d67b1ffaa5a135ff401e1ee0a2ff18571f2ce1,1a3ecd4307946146371852d6571b89b9436e51fa,-0.07266929000616074
7272,52d67b1ffaa5a135ff401e1ee0a2ff18571f2ce1,302e631bf51560494d09085fa5a7ea56458c036a,-0.10997789353132248
7273,52d67b1ffaa5a135ff401e1ee0a2ff18571f2ce1,0f234164f320e113f941f4378d52b682c6990a02,-0.13455826044082642
7274,52d67b1ffaa5a135ff401e1ee0a2ff18571f2ce1,8f1e7b159180dc626410a85656649737ed00e67c,-0.13975496590137482
7275,52d67b1ffaa5a135ff401e1ee0a2ff18571f2ce1,05ca17ffa777f64991a8da04f2fd03880ac51236,-0.15354135632514954
7276,52d67b1ffaa5a135ff401e1ee0a2ff18571f2ce1,13f1bde3d8ca8e9789803e2dd49d501204e99b25,-0.17253632843494415
7277,c2e57b2871fdfd06566820c5329815ac06f66197,47da821786eea4e6d9d69cc5aa1f248e958ea6e4,0.5051898956298828
7278,c2e57b2871fdfd06566820c5329815ac06f66197,54ee58c3623b7fdf8b7e9e29355a24478f574eea,0.3546488881111145
7279,c2e57b2871fdfd06566820c5329815ac06f66197,04caa1a55b12d5f3830ed4a31c4b47921a3546f2,0.38239967823028564
7280,c2e57b2871fdfd06566820c5329815ac06f66197,af8d09f8832f9effc138036666f542132d92d78e,0.25399506092071533
7281,c2e57b2871fdfd06566820c5329815ac06f66197,6ed38b0cb510fa91434eb63ab464bee66c9323c6,0.26435762643814087
7282,c2e57b2871fdfd06566820c5329815ac06f66197,0704bb7b7918cd512b5e66ea4b4993e50b8ae92f,0.2776811718940735
7283,c2e57b2871fdfd06566820c5329815ac06f66197,fde42b706122e42efa876262039729d449487ae2,0.22699910402297974
7284,c2e57b2871fdfd06566820c5329815ac06f66197,9cc2680fc8524b1e3f1f11b508d5642673e22f55,0.1962554007768631
7285,c2e57b2871fdfd06566820c5329815ac06f66197,e96940e4837c597ed05bd3ea52e126ca444d842b,0.1182781457901001
7286,c2e57b2871fdfd06566820c5329815ac06f66197,7693cafd6f29623f61d66f031cadd60b6ce827d7,0.1821654587984085
7287,c2e57b2871fdfd06566820c5329815ac06f66197,7c1ac5a078b2d45740ea18caa12ceddef5b4d122,0.12040310353040695
7288,c2e57b2871fdfd06566820c5329815ac06f66197,3b032aacdc7dadf0dc3475565c7236fa4b372eb6,0.12273125350475311
7289,c2e57b2871fdfd06566820c5329815ac06f66197,64a995d605a1f4f632e6acf9468ae0834e62e084,0.06902246922254562
7290,c2e57b2871fdfd06566820c5329815ac06f66197,936988ba574aac6ca14b8a918472874bbfd1a809,0.05784645304083824
7291,c2e57b2871fdfd06566820c5329815ac06f66197,e915fb1cd8285aad1b9aceebb510c50ce1e131d3,0.09080947190523148
7292,c2e57b2871fdfd06566820c5329815ac06f66197,4360637b10da1d63029456e76b6a30673c6efb97,0.10820341110229492
7293,c2e57b2871fdfd06566820c5329815ac06f66197,89e2196b3c8cb4164fde074f26d482599ed28d9c,0.048628054559230804
7294,c2e57b2871fdfd06566820c5329815ac06f66197,bf9283bbc24c01c664556a4d7d7ebe8a94781d4f,0.04622466117143631
7295,c2e57b2871fdfd06566820c5329815ac06f66197,7c18fb7dc07135b75f1301ca88939d81f0d7a4b7,0.05338567495346069
7296,c2e57b2871fdfd06566820c5329815ac06f66197,5b7c4b3c12917f289513c4896a08548e67ede9fe,0.05783616751432419
7297,c2e57b2871fdfd06566820c5329815ac06f66197,1dc5b2114d1ff561fc7d6163d8f4e9c905ca12c4,-0.004406372085213661
7298,c2e57b2871fdfd06566820c5329815ac06f66197,b100619c0ca6f5e75dd9ad13f22aab88269c031a,-0.021929791197180748
7299,c2e57b2871fdfd06566820c5329815ac06f66197,2c5808f0f06538d8d5a5335a0c938e902b7c7413,-0.008463703095912933
7300,c2e57b2871fdfd06566820c5329815ac06f66197,a832b34e1c530f9e66be4471a051f981b1482d27,-0.01754176989197731
7301,c2e57b2871fdfd06566820c5329815ac06f66197,d3abb0b5b3ce7eb464846bbdfd93e0fbf505e954,-0.037295956164598465
7302,c2e57b2871fdfd06566820c5329815ac06f66197,99a4fc97244b83647af47a177e919ccc21918101,-0.023962149396538734
7303,c2e57b2871fdfd06566820c5329815ac06f66197,b4f00f51edaf5d5b84e957ab947aac47c04740ba,-0.08818218111991882
7304,c2e57b2871fdfd06566820c5329815ac06f66197,7336015b2de1c3a7accf7651c28939f7fa03cb9e,-0.08011494576931
7305,c2e57b2871fdfd06566820c5329815ac06f66197,7f75c1245dc8aab77769c3b75834202f51ef49d1,-0.07772006094455719
7306,c2e57b2871fdfd06566820c5329815ac06f66197,e4acaccd3c42b618396c9c28dae64ae7091e36b8,-0.11544395238161087
7307,1e12fb38bfc2c7aa86806f87df4cdaf035f92fb7,f4373ab2f8d5a457141c77eabd2bab4a698e26cf,0.5532383918762207
7308,1e12fb38bfc2c7aa86806f87df4cdaf035f92fb7,d4375f08528e3326280210f95215237db637f199,0.6288505792617798
7309,1e12fb38bfc2c7aa86806f87df4cdaf035f92fb7,62a134740314b4469c83c8921ae2e1beea22b8f5,0.566540002822876
7310,1e12fb38bfc2c7aa86806f87df4cdaf035f92fb7,a1dcd66aaf62a428364878b875c7342b660f7f1e,0.5462503433227539
7311,1e12fb38bfc2c7aa86806f87df4cdaf035f92fb7,d8a9d06f5dba9ea4586aba810d4679b8af460885,0.25761300325393677
7312,1e12fb38bfc2c7aa86806f87df4cdaf035f92fb7,b38ac03b806a291593c51cb51818ce8e919a1a43,0.4825230836868286
7313,1e12fb38bfc2c7aa86806f87df4cdaf035f92fb7,1aa3e563e9179841a2b3a9b026c9f8a00c7fe664,0.14658129215240479
7314,1e12fb38bfc2c7aa86806f87df4cdaf035f92fb7,64670ea3b03e812f895eef6cfe6dc842ec08e514,0.19032995402812958
7315,1e12fb38bfc2c7aa86806f87df4cdaf035f92fb7,a426971fa937bc8d8388e8a657ff891c012a855f,0.13238295912742615
7316,1e12fb38bfc2c7aa86806f87df4cdaf035f92fb7,402530f548db5f383f8a8282858895931d2a3e11,0.075752392411232
7317,1e12fb38bfc2c7aa86806f87df4cdaf035f92fb7,1e0964d83cc60cc91b840559260f2eeca9a2205b,0.09038257598876953
7318,1e12fb38bfc2c7aa86806f87df4cdaf035f92fb7,82a80da61c0f1a3a33deab676213794ee1f8bd6d,0.08242446184158325
7319,1e12fb38bfc2c7aa86806f87df4cdaf035f92fb7,fc8fdffa5f97829f2373a5138b6d70a8baf08bdf,0.06375089287757874
7320,1e12fb38bfc2c7aa86806f87df4cdaf035f92fb7,df77e52aa0cdc772a77a54c3e5cc7a510a2d6e59,0.04836006462574005
7321,1e12fb38bfc2c7aa86806f87df4cdaf035f92fb7,50485a11fc03e14031b08960370358c26553d7e5,0.039109647274017334
7322,1e12fb38bfc2c7aa86806f87df4cdaf035f92fb7,d1cf19c3f9d202d81cd67a999d7c831aa871cc6e,0.05771660804748535
7323,1e12fb38bfc2c7aa86806f87df4cdaf035f92fb7,a72f412d336d69a82424cb7d610bb1bb9d81ef7c,0.06929309666156769
7324,1e12fb38bfc2c7aa86806f87df4cdaf035f92fb7,84f5622739103b92288f694a557a907b807086bf,0.04621897637844086
7325,1e12fb38bfc2c7aa86806f87df4cdaf035f92fb7,263cedeadb67c325a933d3ab8eb8fba3db83f627,0.027188293635845184
7326,1e12fb38bfc2c7aa86806f87df4cdaf035f92fb7,9e03eb52f39e226656d2ae58e0e5c8e4d7564a18,0.014614788815379143
7327,1e12fb38bfc2c7aa86806f87df4cdaf035f92fb7,4bd48f4438ba7bf731e91cb29508a290e938a1d0,-0.005856980569660664
7328,1e12fb38bfc2c7aa86806f87df4cdaf035f92fb7,6991990042c4ace19fc9aaa551cfe4549ac36799,-0.0013491138815879822
7329,1e12fb38bfc2c7aa86806f87df4cdaf035f92fb7,192a668ef5bcca820fe58ee040bc650edff76625,-0.027079880237579346
7330,1e12fb38bfc2c7aa86806f87df4cdaf035f92fb7,2227d14a01f1521939a479d53c5d0b4dda79c22f,-0.02672320231795311
7331,1e12fb38bfc2c7aa86806f87df4cdaf035f92fb7,4debb3fe83ea743a888aa2ec8f4252bbe6d0fcb8,-0.032303690910339355
7332,1e12fb38bfc2c7aa86806f87df4cdaf035f92fb7,c70e94f55397c49d46d531a6d854eca9b95d09c6,-0.0005487054586410522
7333,1e12fb38bfc2c7aa86806f87df4cdaf035f92fb7,638a8302b681221b32aa4a8b69154ec4e6820a54,-0.01911451481282711
7334,1e12fb38bfc2c7aa86806f87df4cdaf035f92fb7,653587df5ffb93d5df4f571a64997aced4b395fe,-0.03120463155210018
7335,1e12fb38bfc2c7aa86806f87df4cdaf035f92fb7,65f2bae5564fe8c0449439347357a0cdd84e2e97,-0.11737161874771118
7336,1e12fb38bfc2c7aa86806f87df4cdaf035f92fb7,dceb94c63c2ecb097e0506abbb0dea243465598f,-0.15858998894691467
7337,23a7c8d9f142184d28e56b0751e172fef6539275,1532b1ceb90272770b9ad0cee8cd572164be658f,0.5964125394821167
7338,23a7c8d9f142184d28e56b0751e172fef6539275,7063f78639f7620f081895a14eb5a55a3b7c6057,0.5622014999389648
7339,23a7c8d9f142184d28e56b0751e172fef6539275,167e1359943b96b9e92ee73db1df69a1f65d731d,0.5491868257522583
7340,23a7c8d9f142184d28e56b0751e172fef6539275,49a6ba0f8668e4da188017a45aec84c9336c7fe5,0.5292919874191284
7341,23a7c8d9f142184d28e56b0751e172fef6539275,bc7308a97ec2d3f7985d48671abe7a8942a5b9f8,0.5373958349227905
7342,23a7c8d9f142184d28e56b0751e172fef6539275,92bc0ff78de5ae14a31c4085e9b2e0b29d57c9aa,0.2030293047428131
7343,23a7c8d9f142184d28e56b0751e172fef6539275,3f10e91a922860e49a42b4ee5ffa14ad7e6500e8,0.14346033334732056
7344,23a7c8d9f142184d28e56b0751e172fef6539275,a8da9412b4a2a15a3124be06c4c37ad98f8f02d2,0.15417969226837158
7345,23a7c8d9f142184d28e56b0751e172fef6539275,d250e57f6b7e06bb1dac41c8b89700086a85999e,0.17716273665428162
7346,23a7c8d9f142184d28e56b0751e172fef6539275,389dff9e0ed28973a61d3bfeadf8b4b639f6a155,0.14598537981510162
7347,23a7c8d9f142184d28e56b0751e172fef6539275,c55426ad4a6f84001b52717dddcba440bb10df5d,0.10126785933971405
7348,23a7c8d9f142184d28e56b0751e172fef6539275,0217fb2a54a4f324ddf82babc6ec6692a3f6194f,0.08486166596412659
7349,23a7c8d9f142184d28e56b0751e172fef6539275,3719c7ec35b7c374a364efa64e6e0066fcd84d3f,0.055445365607738495
7350,23a7c8d9f142184d28e56b0751e172fef6539275,99f1b79073f6a628348a884725e516f2840aa5ef,0.06114644929766655
7351,23a7c8d9f142184d28e56b0751e172fef6539275,7bbedbeb14f0050c86c67acefa8b5c263fc30e9a,0.046370670199394226
7352,23a7c8d9f142184d28e56b0751e172fef6539275,be389fb59c12c8c6ed813db13ab74841433ea1e3,0.03953331708908081
7353,23a7c8d9f142184d28e56b0751e172fef6539275,6974d15455bbf5237eec5af571dcd6961480b733,0.07246755808591843
7354,23a7c8d9f142184d28e56b0751e172fef6539275,13941748ae988ef79d3a123b63469789d01422e7,0.028151990845799446
7355,23a7c8d9f142184d28e56b0751e172fef6539275,897c79a099637b56a38241a46952935341d57131,0.02889009565114975
7356,23a7c8d9f142184d28e56b0751e172fef6539275,6a43ba86b986923e1f7468fdc8c8ec1d994788db,0.01992199569940567
7357,23a7c8d9f142184d28e56b0751e172fef6539275,d3f005cad43a043a50443e167c839403172d71df,0.03346946835517883
7358,23a7c8d9f142184d28e56b0751e172fef6539275,f49a6e5ce0081f627f2639598d86504404cafed6,0.01160518079996109
7359,23a7c8d9f142184d28e56b0751e172fef6539275,58a4ed0b7c64a2643b120821cfeacda3229b106c,0.019981473684310913
7360,23a7c8d9f142184d28e56b0751e172fef6539275,46b2b620e7b26bf6049aaece16c469006a95a2c7,0.007273804396390915
7361,23a7c8d9f142184d28e56b0751e172fef6539275,42a96f07ab5ba25c88e5f7c0009ed9bfa3a4c5fc,0.003979049623012543
7362,23a7c8d9f142184d28e56b0751e172fef6539275,02733207813127f30d89ddb7a59d0374509c789c,-0.01912688836455345
7363,23a7c8d9f142184d28e56b0751e172fef6539275,8b89fb1c664b742271e0f19a9efe8492f14074f5,-0.023000799119472504
7364,23a7c8d9f142184d28e56b0751e172fef6539275,63af4355721f417bc405886f383af096fbfe51b2,-0.03505586087703705
7365,23a7c8d9f142184d28e56b0751e172fef6539275,4fbd641e30a4e5868f4a146760b9543eafcee21d,-0.051148757338523865
7366,23a7c8d9f142184d28e56b0751e172fef6539275,e7b593a7b2b6db162002d7a15659ff7d4b3eaf02,-0.09327954053878784
7367,e48e9cf407af2694ecfefd441c2c28faffdf0835,d7ccf0988c16b0b373274bcf57991f036e253f5c,0.805426299571991
7368,e48e9cf407af2694ecfefd441c2c28faffdf0835,8839b84e8432f6787d2281806430a65d39a94499,0.7550526857376099
7369,e48e9cf407af2694ecfefd441c2c28faffdf0835,e3f4fdf6d2f10ebe4cfc6d0544afa63976527d60,0.6927567720413208
7370,e48e9cf407af2694ecfefd441c2c28faffdf0835,984df1f081fbd623600ec45635e5d9a4811c0aef,0.7160216569900513
7371,e48e9cf407af2694ecfefd441c2c28faffdf0835,843018e9d8ebda9a4ec54256a9f70835e0edff7e,0.6743752956390381
7372,e48e9cf407af2694ecfefd441c2c28faffdf0835,9f54261f4179e710427d56d41e944f9a45ec581c,0.21478724479675293
7373,e48e9cf407af2694ecfefd441c2c28faffdf0835,fe48ab7bc677d59094d4414d538a96bc4f99176b,0.06757477670907974
7374,e48e9cf407af2694ecfefd441c2c28faffdf0835,2f072c1e958c64fbd87af763e5f6ed14747bcbf7,0.06195921450853348
7375,e48e9cf407af2694ecfefd441c2c28faffdf0835,3b5c7cdcc75e6064149226b4b652bf88f687bd77,0.06258611381053925
7376,e48e9cf407af2694ecfefd441c2c28faffdf0835,dadd12956a684202ac0ee6b7d599434a1a50fee2,0.029762789607048035
7377,e48e9cf407af2694ecfefd441c2c28faffdf0835,846b945e8af5340a803708a2971268216decaddf,0.017999157309532166
7378,e48e9cf407af2694ecfefd441c2c28faffdf0835,0f8a645b6e204d6bd06191ebc685fe2d887dbde8,-0.00850798562169075
7379,e48e9cf407af2694ecfefd441c2c28faffdf0835,91e9387c92b7c9d295c1188719d30dd179cc81e8,-0.026825176551938057
7380,e48e9cf407af2694ecfefd441c2c28faffdf0835,69d40b2bc094e1ec938617d8cdaf4f7ac227ead3,-0.0005594287067651749
7381,e48e9cf407af2694ecfefd441c2c28faffdf0835,6fee63e0ae4bc1f3fd08044d7d694bb17b9c059c,-0.013833016157150269
7382,e48e9cf407af2694ecfefd441c2c28faffdf0835,e48385aa4bea1d8454364c23a9f7f18b6565dc6c,-0.00755653902888298
7383,e48e9cf407af2694ecfefd441c2c28faffdf0835,d6b3be85cae20761285d347bafac7b2c2b3b176a,-0.0031385570764541626
7384,e48e9cf407af2694ecfefd441c2c28faffdf0835,f5f9366ae604faf45ef53a3f20fcc31d317bd751,-0.040661558508872986
7385,e48e9cf407af2694ecfefd441c2c28faffdf0835,49deb46f1b045ee3b2f85d62015b9c42eb393e76,-0.04057707637548447
7386,e48e9cf407af2694ecfefd441c2c28faffdf0835,a29cc7c75b5868bef0576bd2ad94821e6358a26a,0.006040332838892937
7387,e48e9cf407af2694ecfefd441c2c28faffdf0835,9edf6f5e799ca6fa0c2d5510d96cbf2848005cb9,-0.0014783823862671852
7388,e48e9cf407af2694ecfefd441c2c28faffdf0835,c0271edf9cc616a30974918b3cce0f95d4265366,-0.051420945674180984
7389,e48e9cf407af2694ecfefd441c2c28faffdf0835,f457cdc4212fdf5979aa3d05498170eb610ea144,-0.043277762830257416
7390,e48e9cf407af2694ecfefd441c2c28faffdf0835,7661539d276da03f63864e8df4162521af2d8184,-0.04552306979894638
7391,e48e9cf407af2694ecfefd441c2c28faffdf0835,f568818ca0eccc3e04213d300dfa4e4e7e81ba8c,-0.05833713337779045
7392,e48e9cf407af2694ecfefd441c2c28faffdf0835,672eb3ae0edb85a592b98b0456a07616a2c73670,-0.07436690479516983
7393,e48e9cf407af2694ecfefd441c2c28faffdf0835,e3412b045525ed4a6c0142bba69522beb2f82a25,-0.09159493446350098
7394,e48e9cf407af2694ecfefd441c2c28faffdf0835,446fb5f82d5f9320370798f82a5aad0f8255c1ff,-0.09188008308410645
7395,e48e9cf407af2694ecfefd441c2c28faffdf0835,141ca542912b6ecac0babd9b5e17169db0ded49b,-0.1013561561703682
7396,e48e9cf407af2694ecfefd441c2c28faffdf0835,d40a8628453b9be53c57c3d6e50ea1aa438bdd3f,-0.11680543422698975
7397,da6629447f61ef8b07ce0698b490e3fe7210c1e3,05c025af60aeab10a3069256674325802c844212,0.3057171404361725
7398,da6629447f61ef8b07ce0698b490e3fe7210c1e3,8027f50bbcee3938196c6d5519464df16c275f8d,0.29183343052864075
7399,da6629447f61ef8b07ce0698b490e3fe7210c1e3,1fc8209f86ec99e3275a2cb78153dc2ccc7e1be9,0.2589256763458252
7400,da6629447f61ef8b07ce0698b490e3fe7210c1e3,2382814a374fbfaa253e7830415482bf4166bd61,0.2795258164405823
7401,da6629447f61ef8b07ce0698b490e3fe7210c1e3,a2cbaa3913fb53adc28ace2c60f161b1ef742f2e,0.27756065130233765
7402,da6629447f61ef8b07ce0698b490e3fe7210c1e3,46b2cd0ef7638dcb4a6220a52232712beb2fa850,0.31745755672454834
7403,da6629447f61ef8b07ce0698b490e3fe7210c1e3,eaf229ab3886680c7df4a14605562fd2db97d580,0.25349608063697815
7404,da6629447f61ef8b07ce0698b490e3fe7210c1e3,272216c1f097706721096669d85b2843c23fa77d,0.3008725643157959
7405,da6629447f61ef8b07ce0698b490e3fe7210c1e3,051e5e3e591f0ffbb25158aa7207ee750a6e1e43,0.18529462814331055
7406,da6629447f61ef8b07ce0698b490e3fe7210c1e3,7f793c6862e9b8e6c55643521a96ed00b4722bb3,0.18962803483009338
7407,da6629447f61ef8b07ce0698b490e3fe7210c1e3,9e34927dd7fa5d56072788b89fc85644e61979df,0.05166696012020111
7408,da6629447f61ef8b07ce0698b490e3fe7210c1e3,b072513aab92e64320dd6abccf132d79ccdefa70,0.03694082051515579
7409,da6629447f61ef8b07ce0698b490e3fe7210c1e3,0a4102694c46dbe389177663adc27b6e4aa98d85,0.02635270543396473
7410,da6629447f61ef8b07ce0698b490e3fe7210c1e3,cf23584a0ef704404f4d7093be0b204203412d8c,0.04469519108533859
7411,da6629447f61ef8b07ce0698b490e3fe7210c1e3,25458ba08da7883d3649432986f0c5d711215dbf,0.08321257680654526
7412,da6629447f61ef8b07ce0698b490e3fe7210c1e3,3c094494f6a911de3087ed963d3d893f6f2b1d71,0.033055681735277176
7413,da6629447f61ef8b07ce0698b490e3fe7210c1e3,ef406ea1d5aaecdeb0dfef81fb7947907bfe605f,0.03500604256987572
7414,da6629447f61ef8b07ce0698b490e3fe7210c1e3,e63d53bc8bb4615dce8bb3e1d2aedb3dbe16c044,0.021789534017443657
7415,da6629447f61ef8b07ce0698b490e3fe7210c1e3,50fb1890a2e71249e8f50af72495233e52059158,0.03268897905945778
7416,da6629447f61ef8b07ce0698b490e3fe7210c1e3,31dc769b9144f9cc370efed18814834e4815e5c4,-0.02930450066924095
7417,da6629447f61ef8b07ce0698b490e3fe7210c1e3,eb3398d205664dc402de6783d45a5d169f1cc335,-0.012649144977331161
7418,da6629447f61ef8b07ce0698b490e3fe7210c1e3,59b7a5d1e35bd9383fa2e9f1820b340a16531d3f,-0.003721289336681366
7419,da6629447f61ef8b07ce0698b490e3fe7210c1e3,82ce357b9927dde027fed4ad61ad00a2a495c6f6,-0.04707379639148712
7420,da6629447f61ef8b07ce0698b490e3fe7210c1e3,12947fa637d2e95ba533672a78cc2897f6e2d666,-0.05510838329792023
7421,da6629447f61ef8b07ce0698b490e3fe7210c1e3,e731dfffffef99a7e8dfdb4dc0b34b30f02c8e0b,-0.0336221382021904
7422,da6629447f61ef8b07ce0698b490e3fe7210c1e3,2366a2c3c629bb20fdcb8f2b56136f3642a4edd6,-0.08240725100040436
7423,da6629447f61ef8b07ce0698b490e3fe7210c1e3,70127f6cd77b92f0e7228179466edb4f259f56c2,-0.03907717391848564
7424,da6629447f61ef8b07ce0698b490e3fe7210c1e3,0a4f1477371e61029d53bc1404c26cecc9dc48e4,-0.06726188212633133
7425,da6629447f61ef8b07ce0698b490e3fe7210c1e3,cbf71f27890d65985c7bea257ebdaad5aab7a585,-0.10372848808765411
7426,da6629447f61ef8b07ce0698b490e3fe7210c1e3,6edd1ec57bf0efaf1460ec876d9e794dacf461d1,-0.13410541415214539
7427,600994f3d8caad52145cc65bf1bfcd883b74a813,58461d01e8b6bd177d26ee17f9cf332cb8ca286a,0.5112175345420837
7428,600994f3d8caad52145cc65bf1bfcd883b74a813,8052c6fe35b5f5660fcfcf11edffedbeeabf0f60,0.5300929546356201
7429,600994f3d8caad52145cc65bf1bfcd883b74a813,e60e9cd0f06975dae2fa009703ee663a5a40ea63,0.43000277876853943
7430,600994f3d8caad52145cc65bf1bfcd883b74a813,a5c8585ee4a55e4775cbb23719f1061fb41fff3e,0.47587618231773376
7431,600994f3d8caad52145cc65bf1bfcd883b74a813,9a7e21e18ddf24e3e734021ede367e44ccf52d0d,0.20229996740818024
7432,600994f3d8caad52145cc65bf1bfcd883b74a813,223694d5aa8de0e96de70bcbcf5973db568770dc,0.11098508536815643
7433,600994f3d8caad52145cc65bf1bfcd883b74a813,24c8ec0acee0a38a14aa98ba2317816bb7dba70c,0.1287776678800583
7434,600994f3d8caad52145cc65bf1bfcd883b74a813,b612ce278763c43f1a8ac37293fee4e5981cf4b7,0.09219322353601456
7435,600994f3d8caad52145cc65bf1bfcd883b74a813,6659c47db31129a60df2b113b46f45614197d5d8,0.06816010177135468
7436,600994f3d8caad52145cc65bf1bfcd883b74a813,25a7b5d2db857cd86692c45d0e5376088f51aa12,0.08216337114572525
7437,600994f3d8caad52145cc65bf1bfcd883b74a813,4593273d72193f4ea67c1227c0eb9308bea7fcdb,0.06869073212146759
7438,600994f3d8caad52145cc65bf1bfcd883b74a813,8ba0f4c3f8864fc9bcf3cc1e2a6b883169f9ab0f,0.007340241689234972
7439,600994f3d8caad52145cc65bf1bfcd883b74a813,3a8d076b5baa28e28160a1229ac3cae0b9e192f3,0.036520302295684814
7440,600994f3d8caad52145cc65bf1bfcd883b74a813,ecd613273dc573de060eac9e1eabe1d790b1faa9,0.04152105748653412
7441,600994f3d8caad52145cc65bf1bfcd883b74a813,5b7c45e321427bff232745449fa67af29289e4df,-0.00772800063714385
7442,600994f3d8caad52145cc65bf1bfcd883b74a813,56ceac6ed3baf689f59d8995d31aae8bf20011ca,0.027553103864192963
7443,600994f3d8caad52145cc65bf1bfcd883b74a813,aee6e3fbaf14ed5da8275769d1c8597d75677764,0.019801700487732887
7444,600994f3d8caad52145cc65bf1bfcd883b74a813,7fcbab7f684a4b7906a289c1cf95ef3224af9eb0,0.004207957535982132
7445,600994f3d8caad52145cc65bf1bfcd883b74a813,26e9eb44ed8065122d37b0c429a8d341bfeea9a5,0.018638651818037033
7446,600994f3d8caad52145cc65bf1bfcd883b74a813,41f7cd6f53f9c9c151f762cbc41a89a8b1133c4e,0.014949455857276917
7447,600994f3d8caad52145cc65bf1bfcd883b74a813,b8de61c6e7ebea5186ac52f98ba64d7b33524c6f,-0.028845638036727905
7448,600994f3d8caad52145cc65bf1bfcd883b74a813,97899af067fbccaac6431bd33d822026044056d3,-0.00045088212937116623
7449,600994f3d8caad52145cc65bf1bfcd883b74a813,17fad2cc826d2223e882c9fda0715fcd5475acf3,-0.02411462366580963
7450,600994f3d8caad52145cc65bf1bfcd883b74a813,a17a069a093dba710582e6e3a25abe67e7d74da7,-0.006324391812086105
7451,600994f3d8caad52145cc65bf1bfcd883b74a813,e807dfd97a0847398a3ef73ccc2bc0b5f4bbe37a,0.0011490210890769958
7452,600994f3d8caad52145cc65bf1bfcd883b74a813,0a07543807e63a76d0d4b63aec80c15d6de30394,0.01467869896441698
7453,600994f3d8caad52145cc65bf1bfcd883b74a813,be1b0b6ab3148262840d17f7a4ea50e367489cb6,-0.0617184080183506
7454,600994f3d8caad52145cc65bf1bfcd883b74a813,56e7557fc2612884d4787dd42e47f4d9c59e5069,-0.058447591960430145
7455,600994f3d8caad52145cc65bf1bfcd883b74a813,55b6449b2e8e183f3f4522a8fed1b86c2b56c9e8,-0.08555849641561508
7456,86f45b11497ba1c1ef1da5739ec022b4d335fa11,b0bbea300988928b7c2998e98e52670b2c365327,0.4667028784751892
7457,86f45b11497ba1c1ef1da5739ec022b4d335fa11,2c0005665472b687cca2d1b527ad3b0254e905c0,0.6129839420318604
7458,86f45b11497ba1c1ef1da5739ec022b4d335fa11,5fcdd1970bf75e6c00088d0cabd2e19538c97257,0.489138126373291
7459,86f45b11497ba1c1ef1da5739ec022b4d335fa11,3759516030dc3b150b6b048fc9d33a044e13d1dc,0.47186487913131714
7460,86f45b11497ba1c1ef1da5739ec022b4d335fa11,84f904a71bee129a1cf00dc97f6cdbe1011657e6,0.2874138057231903
7461,86f45b11497ba1c1ef1da5739ec022b4d335fa11,27eba11d57f7630b75fb67644ff48087472414f3,0.26215696334838867
7462,86f45b11497ba1c1ef1da5739ec022b4d335fa11,c1c74829d6430d468a1fe1f75eae217325253baf,0.2823926508426666
7463,86f45b11497ba1c1ef1da5739ec022b4d335fa11,b6f758be954d34817d4ebaa22b30c63a4b8ddb35,0.20321501791477203
7464,86f45b11497ba1c1ef1da5739ec022b4d335fa11,ee03a87fceb56f36a94639724d0e7bcb0d5ffb92,0.24775263667106628
7465,86f45b11497ba1c1ef1da5739ec022b4d335fa11,24cebabe2dc3ad558dc95e620dfaad71b11445cc,0.2427453100681305
7466,86f45b11497ba1c1ef1da5739ec022b4d335fa11,1b29144f0e63f8d9404a44b15623d8150ea76447,0.22750091552734375
7467,86f45b11497ba1c1ef1da5739ec022b4d335fa11,d6391e2f688996a75c62869cd4c50711cdeaed9d,0.17945808172225952
7468,86f45b11497ba1c1ef1da5739ec022b4d335fa11,5bce8a6b14811ab692cd24286249b1348b26ee75,0.2192995548248291
7469,86f45b11497ba1c1ef1da5739ec022b4d335fa11,d1a0b53f50d0e016372313aabfad9b76839df437,0.08686810731887817
7470,86f45b11497ba1c1ef1da5739ec022b4d335fa11,2d1853472ed4953fcca2211344d6a3e2f8e7d0cc,0.1502251923084259
7471,86f45b11497ba1c1ef1da5739ec022b4d335fa11,11b576b37a76833da3fabe2f485529f9210c6c05,0.10120953619480133
7472,86f45b11497ba1c1ef1da5739ec022b4d335fa11,49522df4fab1ebbeb831fc265196c2c129bf6087,0.05209533870220184
7473,86f45b11497ba1c1ef1da5739ec022b4d335fa11,28d50600bebe281b055fbbb49a6eb9b3acb2b7cf,0.08578070253133774
7474,86f45b11497ba1c1ef1da5739ec022b4d335fa11,d76409a011c54a58235af6b409850af7fae8733a,-0.04157004505395889
7475,86f45b11497ba1c1ef1da5739ec022b4d335fa11,16048a04665a8cddd179a939d6cbeb4e0cdb6672,0.042840611189603806
7476,86f45b11497ba1c1ef1da5739ec022b4d335fa11,70c1da6627f0d7a93bdc2b88b33bcc22a782cd6c,0.0645577535033226
7477,86f45b11497ba1c1ef1da5739ec022b4d335fa11,f20d2ffd2dcfffb0c1d22c11bf4861f5140b1a28,0.049283113330602646
7478,86f45b11497ba1c1ef1da5739ec022b4d335fa11,96bab00761b857959f2f8baa86c99d8e0155c6eb,0.04265714809298515
7479,86f45b11497ba1c1ef1da5739ec022b4d335fa11,7fafb1fab4c164ffbbd7e99415cdd1754fe3aded,-0.004516333341598511
7480,86f45b11497ba1c1ef1da5739ec022b4d335fa11,c11d0ba3e581e691f1bee0022dc0807ff4c428f2,0.1496354043483734
7481,86f45b11497ba1c1ef1da5739ec022b4d335fa11,fdec0d4159ceae88377288cb340341f6bf80bb15,-0.016262227669358253
7482,86f45b11497ba1c1ef1da5739ec022b4d335fa11,9d39133f3079ba10f68ca0d9d60dd7bd18bce805,-0.0038769743405282497
7483,86f45b11497ba1c1ef1da5739ec022b4d335fa11,4194a2ddd9621b6068f4ea39ab0e9c180a7bbca0,-0.08222394436597824
7484,86f45b11497ba1c1ef1da5739ec022b4d335fa11,e1df33e5915dd610a6f3542b28dca4306ad62cd8,-0.05845756083726883
7485,86f45b11497ba1c1ef1da5739ec022b4d335fa11,809219e7c5d7623a67baed7389c9d8f502b385c9,-0.07760562002658844
7486,c48caf1b6404e08cf4606508310c03e5df54d0f7,e833ac2e377ab0bc4a6a7f236c4b6c32f3d2b8c1,0.5343566536903381
7487,c48caf1b6404e08cf4606508310c03e5df54d0f7,453b92fb760b2b6865e96670003061097953b5b3,0.17512169480323792
7488,c48caf1b6404e08cf4606508310c03e5df54d0f7,a46c5572506e5b015174332445cded7f888d137d,0.1794339120388031
7489,c48caf1b6404e08cf4606508310c03e5df54d0f7,9313629756a2f76b6f43c6fbc8c8e452a2fc6588,0.12054311484098434
7490,c48caf1b6404e08cf4606508310c03e5df54d0f7,2564e203c97df4e62348fa116ffa3b18f5151278,0.14316096901893616
7491,c48caf1b6404e08cf4606508310c03e5df54d0f7,0addfc35fc8f4419f9e1adeccd19c07f26d35cac,0.09501660615205765
7492,c48caf1b6404e08cf4606508310c03e5df54d0f7,351e1e61e38a127f1dd68d74a6dfb0398e8cb84e,0.1025058776140213
7493,c48caf1b6404e08cf4606508310c03e5df54d0f7,d3bed9e9e7cb89236a5908ed902d006589e5f07b,0.09438851475715637
7494,c48caf1b6404e08cf4606508310c03e5df54d0f7,03184ac97ebf0724c45a29ab49f2a8ce59ac2de3,0.08027540147304535
7495,c48caf1b6404e08cf4606508310c03e5df54d0f7,8ecd08b194529ff6b8e8fc80b5c7a72504a059d3,0.10020746290683746
7496,c48caf1b6404e08cf4606508310c03e5df54d0f7,b3eea1328c10455faa9b49c1f4aec7cd5a0b2d1a,-0.004333093762397766
7497,c48caf1b6404e08cf4606508310c03e5df54d0f7,52efd857b500531e040a9366b3eb5bb0ea543979,0.009652342647314072
7498,c48caf1b6404e08cf4606508310c03e5df54d0f7,07b4bd19a4450cda062d88a2fd0447fbc0875fd0,0.0890016257762909
7499,c48caf1b6404e08cf4606508310c03e5df54d0f7,35e500a7392bcff30045f5b21c1255c2aa2e7647,0.09181175380945206
7500,c48caf1b6404e08cf4606508310c03e5df54d0f7,4aa9f5150b46320f534de4747a2dd0cd7f3fe292,0.0874771922826767
7501,c48caf1b6404e08cf4606508310c03e5df54d0f7,14956e13069de62612d63790860f41e9fcc9bf70,0.061437029391527176
7502,c48caf1b6404e08cf4606508310c03e5df54d0f7,c896eb2c37475a147d31cd6f0c19fce60e8e6b43,0.06121867522597313
7503,c48caf1b6404e08cf4606508310c03e5df54d0f7,93b8a3e1771b42b46eaa802a85ddcfba3cdf7c1e,0.04429739713668823
7504,c48caf1b6404e08cf4606508310c03e5df54d0f7,11540131eae85b2e11d53df7f1360eeb6476e7f4,0.0529339537024498
7505,c48caf1b6404e08cf4606508310c03e5df54d0f7,096e07ced8d32fc9a3617ff1f725efe45507ede8,0.058378223329782486
7506,c48caf1b6404e08cf4606508310c03e5df54d0f7,41e0436a617bda62ef6d895d58f1c4347a90dc89,0.033052001148462296
7507,c48caf1b6404e08cf4606508310c03e5df54d0f7,92c7e2171731d0a768e900150ef46402284830fd,0.023657459765672684
7508,c48caf1b6404e08cf4606508310c03e5df54d0f7,8985000860dbb88a80736cac8efe30516e69ee3f,0.012900304049253464
7509,c48caf1b6404e08cf4606508310c03e5df54d0f7,38bef5fc907299a1a9b91346eec334b259d5b3eb,0.014559533447027206
7510,c48caf1b6404e08cf4606508310c03e5df54d0f7,ea5b1f3c719cd4ddd4c78a0da1501e36d87d9782,-0.0021142512559890747
7511,c48caf1b6404e08cf4606508310c03e5df54d0f7,28133b781cfa109f9943f821ed31736f01d84afe,0.007033076137304306
7512,c48caf1b6404e08cf4606508310c03e5df54d0f7,30725559faf4f883c8bc9ed0af4aad6f6e9c9b10,-0.02418694645166397
7513,c48caf1b6404e08cf4606508310c03e5df54d0f7,e3ff5de6f800fde3368eb78c61463c6cb3302f59,-0.033670056611299515
7514,c48caf1b6404e08cf4606508310c03e5df54d0f7,a44ebe793947d04d9026a42f9a28c962ff66c5c6,-0.07655610889196396
7515,c48caf1b6404e08cf4606508310c03e5df54d0f7,29b6452a3787022942da7670c197ff088c64562b,-0.05904027819633484
7516,ae0fb9c6ebb8ce12610c477d2388447a13dc4694,61efdc56bc6c034e9d13a0c99d0b651a78bfc596,0.4885351359844208
7517,ae0fb9c6ebb8ce12610c477d2388447a13dc4694,49934d08d42ed9e279a82cbad2086377443c8a75,0.3708106577396393
7518,ae0fb9c6ebb8ce12610c477d2388447a13dc4694,0dacd4593ba6bce441bae37fc3ff7f3b70408ee1,0.3205452263355255
7519,ae0fb9c6ebb8ce12610c477d2388447a13dc4694,32334506f746e83367cecb91a0ab841e287cd958,0.35011327266693115
7520,ae0fb9c6ebb8ce12610c477d2388447a13dc4694,1f8be49d63c694ec71c2310309cd02a2d8dd457f,0.3290402889251709
7521,ae0fb9c6ebb8ce12610c477d2388447a13dc4694,17a00f26b68f40fb03e998a7eef40437dd40e561,0.26179900765419006
7522,ae0fb9c6ebb8ce12610c477d2388447a13dc4694,8eb3ebd0a1d8a26c7070543180d233f841b79850,0.23561987280845642
7523,ae0fb9c6ebb8ce12610c477d2388447a13dc4694,c6b5c1cc565c878db50ad20aafd804284558ad02,0.1660318374633789
7524,ae0fb9c6ebb8ce12610c477d2388447a13dc4694,24d800e6681a129b7787cbb05d0e224acad70e8d,0.175714910030365
7525,ae0fb9c6ebb8ce12610c477d2388447a13dc4694,33127e014cf537192c33a5b0e4b62df2a7b1869f,0.13871333003044128
7526,ae0fb9c6ebb8ce12610c477d2388447a13dc4694,2ccca721c20ad1d8503ede36fe310626070de640,0.08969210088253021
7527,ae0fb9c6ebb8ce12610c477d2388447a13dc4694,c5788be735f3caadc7d0d3147aa52fd4a6036ec4,0.06851822882890701
7528,ae0fb9c6ebb8ce12610c477d2388447a13dc4694,c7788c34ba1387f1e437a2f83e1931f0c64d8e4e,0.1293811798095703
7529,ae0fb9c6ebb8ce12610c477d2388447a13dc4694,c630196c34533903b48e546897d46df27c844bc2,0.08628332614898682
7530,ae0fb9c6ebb8ce12610c477d2388447a13dc4694,7cbbe0025b71a265c6bee195b5595cfad397a734,0.10702084004878998
7531,ae0fb9c6ebb8ce12610c477d2388447a13dc4694,5914781bde18606e55e8f7683f55889df91576ec,0.07679560780525208
7532,ae0fb9c6ebb8ce12610c477d2388447a13dc4694,190dcdb71a119ec830d6e7e6e01bb42c6c10c2f3,0.028046362102031708
7533,ae0fb9c6ebb8ce12610c477d2388447a13dc4694,423455ad8afb9b2534c0954a5e61c95bea611801,0.09750286489725113
7534,ae0fb9c6ebb8ce12610c477d2388447a13dc4694,7731c8a1c56fdfa149759a8bb7b81464da0b15c1,0.03457339107990265
7535,ae0fb9c6ebb8ce12610c477d2388447a13dc4694,9f6db3f5809a9d1b9f1c70d9d30382a0bd8be8d0,0.010657001286745071
7536,ae0fb9c6ebb8ce12610c477d2388447a13dc4694,5574763d870bae0fd3fd6d3014297942a045f60a,0.0368068665266037
7537,ae0fb9c6ebb8ce12610c477d2388447a13dc4694,b49e31fe5948b3ca4552ac69dd7a735607467f1c,0.03216245025396347
7538,ae0fb9c6ebb8ce12610c477d2388447a13dc4694,f5888af5e5353eb74d37ec50e9840e58b1992953,0.025362234562635422
7539,ae0fb9c6ebb8ce12610c477d2388447a13dc4694,4c11a7b668dee651cc2d8eb2eaf8665449b1738f,0.017106853425502777
7540,ae0fb9c6ebb8ce12610c477d2388447a13dc4694,d3569f184b7083c0433bf00fa561736ae6f8d31e,6.868317723274231e-05
7541,ae0fb9c6ebb8ce12610c477d2388447a13dc4694,6fcccd6def46a4dd50f85df4d4c011bd9f1855af,0.01216430589556694
7542,ae0fb9c6ebb8ce12610c477d2388447a13dc4694,31e9d9458471b4a0cfc6cf1de219b10af0f37239,-0.004531217738986015
7543,ae0fb9c6ebb8ce12610c477d2388447a13dc4694,a00a757b26d5c4f53b628a9c565990cdd0e51876,-0.04810994118452072
7544,ae0fb9c6ebb8ce12610c477d2388447a13dc4694,6273df9def7c011bc21cd42a4029d4b7c7c48c2e,-0.10819850862026215
7545,ae0fb9c6ebb8ce12610c477d2388447a13dc4694,1e396464e440e6032be3f035a9a6837c32c9d2c0,-0.147783100605011
7546,d26e891f388cbff3cadf498c4df54b735d31ffb7,b348042a91beb4fa0c60fd94f27cf0366d5f9630,0.590844988822937
7547,d26e891f388cbff3cadf498c4df54b735d31ffb7,68c0f511121d61ae8089be2f162246f5cac7f40f,0.6141002178192139
7548,d26e891f388cbff3cadf498c4df54b735d31ffb7,07186dd168d2a8add853cc9fdedf1376a77a7ac8,0.5687444806098938
7549,d26e891f388cbff3cadf498c4df54b735d31ffb7,1c0fb6b1bbfde0f9bab6268f5609cce2bd3bc5bd,0.6711763739585876
7550,d26e891f388cbff3cadf498c4df54b735d31ffb7,fda1e13a2eaeaa0b4434833d3ee0eb8e79b0ba94,0.25829219818115234
7551,d26e891f388cbff3cadf498c4df54b735d31ffb7,3f08b47c049a84fb440caaf6ee3a44c0af4e3fef,0.2552785873413086
7552,d26e891f388cbff3cadf498c4df54b735d31ffb7,f69c83aab19183795af7612c3f224b5e116f242a,0.6028937101364136
7553,d26e891f388cbff3cadf498c4df54b735d31ffb7,127f464c2dc8d85b7612a6924495f79e5458710f,0.20718608796596527
7554,d26e891f388cbff3cadf498c4df54b735d31ffb7,61c5b3f7e5fbabe40c1b1f4cdcd382d5e76dff02,0.15173090994358063
7555,d26e891f388cbff3cadf498c4df54b735d31ffb7,682b1e56a38d9d7580aa264edb12cf4ed0932485,0.16317296028137207
7556,d26e891f388cbff3cadf498c4df54b735d31ffb7,2d88e7922d9f046ace0234f9f96f570ee848a5b5,0.14194536209106445
7557,d26e891f388cbff3cadf498c4df54b735d31ffb7,9badd26e11967f16adf3eaa77cb9e86b90d24741,0.12054041028022766
7558,d26e891f388cbff3cadf498c4df54b735d31ffb7,5f685fa84901898b5259713d1881c21d4995e7f3,0.1833757758140564
7559,d26e891f388cbff3cadf498c4df54b735d31ffb7,a97d78cb8682971289cc824a37232065112a9558,0.09767234325408936
7560,d26e891f388cbff3cadf498c4df54b735d31ffb7,9331df99ae353ddac8054eb0b6b6fd93429db4de,0.11160778999328613
7561,d26e891f388cbff3cadf498c4df54b735d31ffb7,f6284d750cf12669ca3bc12a1b485545af776239,0.04869769886136055
7562,d26e891f388cbff3cadf498c4df54b735d31ffb7,2deaf4147c037875662e7b2f10145beffb097538,0.0601181797683239
7563,d26e891f388cbff3cadf498c4df54b735d31ffb7,d59f6576398c977906d12e570ce5812435bec4d8,0.041778646409511566
7564,d26e891f388cbff3cadf498c4df54b735d31ffb7,cbfdddf49d76c9e2577c6a555bbf746bd69effe1,0.07127939164638519
7565,d26e891f388cbff3cadf498c4df54b735d31ffb7,4b9cb3ed58f5c6752605ff87f609496a1d41cfb3,0.01482946053147316
7566,d26e891f388cbff3cadf498c4df54b735d31ffb7,09c762a06155821218e5eb00ce69f4f7a179355e,0.01608714461326599
7567,d26e891f388cbff3cadf498c4df54b735d31ffb7,3ae166428b87d28cf85c61e14b8cade835b39373,0.012994704768061638
7568,d26e891f388cbff3cadf498c4df54b735d31ffb7,24d2b140789410bb454f9afe164a2beec97e6048,0.009652726352214813
7569,d26e891f388cbff3cadf498c4df54b735d31ffb7,0bd4b36c79871b445aba444f38a2d23c3a239adf,0.012460136786103249
7570,d26e891f388cbff3cadf498c4df54b735d31ffb7,30ad8b14cea05d2147c3b49f9c5a6b8de01f5c7a,-0.00227418914437294
7571,d26e891f388cbff3cadf498c4df54b735d31ffb7,1e4d081c6fa2103ccd0b9d977d98dffaff3a6f3c,-0.03594686836004257
7572,d26e891f388cbff3cadf498c4df54b735d31ffb7,a7ff420f069fdf42d8a487a95618a0ccf0e46527,-0.04839649423956871
7573,d26e891f388cbff3cadf498c4df54b735d31ffb7,a20f5b5b6355df7214a65e9981afcd49f2f4803b,-0.0714523196220398
7574,d26e891f388cbff3cadf498c4df54b735d31ffb7,e18e148c747697f79045842c10bd54f3cf15b038,-0.06787284463644028
7575,d26e891f388cbff3cadf498c4df54b735d31ffb7,32b694d14d716c524723a38a9cbc115db67aa2eb,-0.08569963276386261
7576,73f38c530a041f81d48cadd067246af448a6a24e,c1c1907129cd058d84e0cc7c89e1c34f2adaa34a,0.5334017872810364
7577,73f38c530a041f81d48cadd067246af448a6a24e,15b45650fa30c56bdc4c595a5afd31663f7f3eb4,0.5419386029243469
7578,73f38c530a041f81d48cadd067246af448a6a24e,696ba5034c61709f3dbc42481bc347c9d565acf7,0.4617970287799835
7579,73f38c530a041f81d48cadd067246af448a6a24e,23e054d1b05ccea0d9b984e8fd808bd966ce9870,0.401996910572052
7580,73f38c530a041f81d48cadd067246af448a6a24e,710777d4cf67739e59842671096da0c2df6c813e,0.26715025305747986
7581,73f38c530a041f81d48cadd067246af448a6a24e,82ea4bc77ada4542231718bcdf5b1705e485c654,0.3127986490726471
7582,73f38c530a041f81d48cadd067246af448a6a24e,7e97525172c8183290b6f2c357f10af94c285042,0.1825423240661621
7583,73f38c530a041f81d48cadd067246af448a6a24e,eaa9c95930e4d2e4630b0634831596c74348ca52,0.19150778651237488
7584,73f38c530a041f81d48cadd067246af448a6a24e,1ac85387b1d5a05f752ddf671763f02e923a2a03,0.08854319155216217
7585,73f38c530a041f81d48cadd067246af448a6a24e,fda8bf00afa0b609bdaa36c70a5828ffd637c76d,0.05279896408319473
7586,73f38c530a041f81d48cadd067246af448a6a24e,28fbb527fff4d0a292e5871ea92e28bf40311261,0.04013276472687721
7587,73f38c530a041f81d48cadd067246af448a6a24e,dea35b495d36582df36a41a00e1c9c3daa91ee56,0.12491267174482346
7588,73f38c530a041f81d48cadd067246af448a6a24e,f7a6707a009c86f73a9e1e89cfc83e04acf4946f,0.12218698859214783
7589,73f38c530a041f81d48cadd067246af448a6a24e,036261b1763e1af294ae9b9976e9d4d3fd29dcbc,0.08683520555496216
7590,73f38c530a041f81d48cadd067246af448a6a24e,8e5dc28db350009be0b771d92f0707b3d1f11afc,0.06942802667617798
7591,73f38c530a041f81d48cadd067246af448a6a24e,b2eb9d350a2579cdba3df2482a1976700a2dcae0,0.03242604434490204
7592,73f38c530a041f81d48cadd067246af448a6a24e,9a0d9c75d9aa09d677c3092d6918992e87534114,0.021100664511322975
7593,73f38c530a041f81d48cadd067246af448a6a24e,51a1d79dd6c481aa485c8fc545ede671567b120c,0.03537100926041603
7594,73f38c530a041f81d48cadd067246af448a6a24e,3a6d038c6aa6b4b0449832e97e5f81726d26239a,-0.0024266750551760197
7595,73f38c530a041f81d48cadd067246af448a6a24e,60493cccb02359214bab810e3b26b57e4b8d372a,0.01441808883100748
7596,73f38c530a041f81d48cadd067246af448a6a24e,eee062b5865eef4344a2fb6f2f616ba3cbe38803,0.026232650503516197
7597,73f38c530a041f81d48cadd067246af448a6a24e,a5a268d65ad1e069770c11005021d830754b0b5c,-0.011960549280047417
7598,73f38c530a041f81d48cadd067246af448a6a24e,3353af61c41db57afaca92e5990db39c9bd14f9f,0.024015752598643303
7599,73f38c530a041f81d48cadd067246af448a6a24e,13d09bcec49d2f0c76194f88b59520e6d20e7a34,-0.030586903914809227
7600,73f38c530a041f81d48cadd067246af448a6a24e,658005feeca85750e2a35f94c8499340ab404d5d,-0.0177706740796566
7601,73f38c530a041f81d48cadd067246af448a6a24e,e2174ded4cdf0b8a5a4a28abac538714d5202f00,-0.01263406127691269
7602,73f38c530a041f81d48cadd067246af448a6a24e,47c2631eccba3088ad9db1232cdc580a4c058d60,-0.05032488703727722
7603,73f38c530a041f81d48cadd067246af448a6a24e,1e88f725cdcf0ca38678267b88b41ab55fb968f8,-0.05599869787693024
7604,73f38c530a041f81d48cadd067246af448a6a24e,612d9fbe2fd4029ddf220e905de5fb579f5c0f1a,-0.05556468293070793
7605,73f38c530a041f81d48cadd067246af448a6a24e,110a629a8a7e0217032a6acf0a54e636551855a1,-0.18283921480178833
7606,232427099d4a8acf1dc29efc852f09c5964e6165,0c5e3186822a3d10d5377b741f36b6478d0a8667,0.5123188495635986
7607,232427099d4a8acf1dc29efc852f09c5964e6165,5c38df0e9281c60b32550d92bed6e5af9a869c05,0.43884438276290894
7608,232427099d4a8acf1dc29efc852f09c5964e6165,5ec33788f9908f69255c9df424c51c7495546893,0.4181525707244873
7609,232427099d4a8acf1dc29efc852f09c5964e6165,0122bba20a91c739ffb6dd4c68cf84b9305ccfc0,0.3675042390823364
7610,232427099d4a8acf1dc29efc852f09c5964e6165,16611312448f5897c7a84e2f590617f4fa3847c4,0.4778180718421936
7611,232427099d4a8acf1dc29efc852f09c5964e6165,96ac16ce5d0d094fe5bf675a4a15e65025d85874,0.22245001792907715
7612,232427099d4a8acf1dc29efc852f09c5964e6165,420a5f02b079d596ec2da0b5cddda43326226a09,0.2600330412387848
7613,232427099d4a8acf1dc29efc852f09c5964e6165,80372b437142b8a27a9b496c21c2f2708f6f3ae3,0.2876484990119934
7614,232427099d4a8acf1dc29efc852f09c5964e6165,63d91c875bad47f2cf563a00b39218b200d6814b,0.22405368089675903
7615,232427099d4a8acf1dc29efc852f09c5964e6165,0cc95944a0fcbeb402b02bc86b522bef79873f16,0.16392725706100464
7616,232427099d4a8acf1dc29efc852f09c5964e6165,645b2c28c28bd28eaa187a2faafa5ec12bc12e3a,0.23889285326004028
7617,232427099d4a8acf1dc29efc852f09c5964e6165,5b0295e92ac6f493f23f46efcd6fdfbbca74ac48,0.1790218949317932
7618,232427099d4a8acf1dc29efc852f09c5964e6165,3eff1f3c6899cfb7b66694908e1de92764e3ba04,0.10696524381637573
7619,232427099d4a8acf1dc29efc852f09c5964e6165,1fcaf7ddcadda724d67684d66856c107375f448b,0.13213996589183807
7620,232427099d4a8acf1dc29efc852f09c5964e6165,a11c59837b88f27c2f58a1c562b96450f7d52c3f,0.1081218421459198
7621,232427099d4a8acf1dc29efc852f09c5964e6165,a94250803137af3aedf73e1cd2d9146a21b29356,0.12429317086935043
7622,232427099d4a8acf1dc29efc852f09c5964e6165,cd81ec0f8f66e4e82bd4123fdf7d39bc75e6d441,0.09924094378948212
7623,232427099d4a8acf1dc29efc852f09c5964e6165,687dbe4438022dc4521ae6ff53d7a6dc04c9d154,0.05833711102604866
7624,232427099d4a8acf1dc29efc852f09c5964e6165,55295193bc32ffd43c592ad19b4eabfde282c9b1,-0.013307909481227398
7625,232427099d4a8acf1dc29efc852f09c5964e6165,2edc7ee4ef1b19d104f34395f4e977afac12ea64,0.0529322549700737
7626,232427099d4a8acf1dc29efc852f09c5964e6165,7cf3e97ef62c25a4df6cafb79e2efa8d605419b8,-0.020830638706684113
7627,232427099d4a8acf1dc29efc852f09c5964e6165,3a932920c44c06b43fc24393c8710dfd2238eb37,-0.018590876832604408
7628,232427099d4a8acf1dc29efc852f09c5964e6165,9ec3b78b826df149fb215f005e32e56afaf532da,-0.0157356858253479
7629,232427099d4a8acf1dc29efc852f09c5964e6165,8ad6fda2d41dd823d2569797c8c7353dad31b371,-0.00155562162399292
7630,232427099d4a8acf1dc29efc852f09c5964e6165,141c85bcd27b9d53f97cba73c6f4c88455654dac,-0.05602598935365677
7631,232427099d4a8acf1dc29efc852f09c5964e6165,7ee87dc96108eca0ae8d5c2d5a8b44bd4d0f0fe1,-0.03367284685373306
7632,232427099d4a8acf1dc29efc852f09c5964e6165,20b41b2a0d8ee71efd3986b4baeed24eba904350,-0.07851123809814453
7633,232427099d4a8acf1dc29efc852f09c5964e6165,523cf537aa1050efdcf0befe1d851b363afa0396,-0.08249963074922562
7634,232427099d4a8acf1dc29efc852f09c5964e6165,4f3dbfec5c67f0fb0602d9c803a391bc2f6ee4c7,-0.09833130985498428
7635,232427099d4a8acf1dc29efc852f09c5964e6165,2f17bde51760f3d5577043c3ba83173d583a66ac,-0.11670713126659393
7636,2ad961db4b9075a33f0725dd5c79074de993c5e4,2a61ff2716b68672cbfeddb3ecd166dc856afe96,0.5163965225219727
7637,2ad961db4b9075a33f0725dd5c79074de993c5e4,3b03935dfc89c0cad63e05976c21fef6c9fb4190,0.4061664342880249
7638,2ad961db4b9075a33f0725dd5c79074de993c5e4,1ff107c3230c51ae3cc8e0f14dced3eaebea9a8e,0.3882788419723511
7639,2ad961db4b9075a33f0725dd5c79074de993c5e4,bf1a461b5c766e2021e0aa1b0b4ec8528de34ea6,0.22707656025886536
7640,2ad961db4b9075a33f0725dd5c79074de993c5e4,3d07718300d4a59482c3f3baafaa696d28a4e027,0.21097332239151
7641,2ad961db4b9075a33f0725dd5c79074de993c5e4,00b4ed20f1839fbe8a168c2daac2b3be06d4085e,0.098856121301651
7642,2ad961db4b9075a33f0725dd5c79074de993c5e4,0352893287ea6c7d6a65946706b1b75cbe598798,0.25174787640571594
7643,2ad961db4b9075a33f0725dd5c79074de993c5e4,d21f261bf5a9d7333337031a3fa206eaf0c6082c,0.3247753083705902
7644,2ad961db4b9075a33f0725dd5c79074de993c5e4,4beef78e9b21611a59237b63d512014e47f32d5e,0.11373792588710785
7645,2ad961db4b9075a33f0725dd5c79074de993c5e4,6a94f16627379a7163f39a5b909c41b5167d3889,0.07270744442939758
7646,2ad961db4b9075a33f0725dd5c79074de993c5e4,f163d3971dd7abfe39bdd143a67910543ffdead2,0.036777351051568985
7647,2ad961db4b9075a33f0725dd5c79074de993c5e4,717449dd98b6b5ea0436057d16d8229ac1d7bece,0.11137943714857101
7648,2ad961db4b9075a33f0725dd5c79074de993c5e4,251962a24ddd6f2fd6be73f8ccc28a7eccb54bff,0.08937719464302063
7649,2ad961db4b9075a33f0725dd5c79074de993c5e4,5750815fc3230623164fa3cd3a983b6e58bf64f4,0.04448718950152397
7650,2ad961db4b9075a33f0725dd5c79074de993c5e4,5e1991fc2cb48c4a3eb235e3c6106cf0c560ba7d,0.05335246026515961
7651,2ad961db4b9075a33f0725dd5c79074de993c5e4,44bc1416ebf24ccc024defbe61c128fb40372590,0.04551136866211891
7652,2ad961db4b9075a33f0725dd5c79074de993c5e4,692a911d3995f19b276aba0efc07e66271535942,0.0156581811606884
7653,2ad961db4b9075a33f0725dd5c79074de993c5e4,f6a88b3099300f17163a367b9638254359178412,-0.03450770303606987
7654,2ad961db4b9075a33f0725dd5c79074de993c5e4,5cb8dfdd2718e0b8058712f7d8231994013fe7fc,0.035921256989240646
7655,2ad961db4b9075a33f0725dd5c79074de993c5e4,1db22351639f5cb43b227d456567e15560fec07a,0.0798957422375679
7656,2ad961db4b9075a33f0725dd5c79074de993c5e4,06865d55b7ceef648269eefa0c0dbb244fed9113,0.0341019481420517
7657,2ad961db4b9075a33f0725dd5c79074de993c5e4,e0339a61865527b64dba0c18f4f9a11af24c8a97,0.016632340848445892
7658,2ad961db4b9075a33f0725dd5c79074de993c5e4,610eaed09988471e49fc458a9dd828889dff23b0,0.11229635775089264
7659,2ad961db4b9075a33f0725dd5c79074de993c5e4,fb626f42be72f6520a63e61106b558b4224c48f5,0.010926155373454094
7660,2ad961db4b9075a33f0725dd5c79074de993c5e4,c15865cd60b0a8ab4184727d51b87f43272d7c5a,-0.061754897236824036
7661,2ad961db4b9075a33f0725dd5c79074de993c5e4,43d8eee46acec9d6e802db822d3b802f790b42a8,-0.0812343880534172
7662,2ad961db4b9075a33f0725dd5c79074de993c5e4,cc4a4f6032d77f5f14a127ad2fac38f2ddc80d91,-0.05184703692793846
7663,2ad961db4b9075a33f0725dd5c79074de993c5e4,247feaf26d9605f9adf0ee1364790f006adff445,-0.089972585439682
7664,2ad961db4b9075a33f0725dd5c79074de993c5e4,c85597fb5ee96d38fd05d94067f0e1525fafff3d,-0.09877888858318329
7665,2ad961db4b9075a33f0725dd5c79074de993c5e4,5f77b4e45982edfcc4c795e763ea128998b98c9c,-0.11798693984746933
7666,58d105a565d27bd23443d257e36543ff7c40d167,28312c3a47c1be3a67365700744d3d6665b86f22,0.5848227739334106
7667,58d105a565d27bd23443d257e36543ff7c40d167,050eda213ce29da7212db4e85f948b812a215660,0.5473886728286743
7668,58d105a565d27bd23443d257e36543ff7c40d167,667f0671f398b02c0d03023ce028b1228526f41c,0.5492786169052124
7669,58d105a565d27bd23443d257e36543ff7c40d167,1b7ae509c8637f3c123cf6151a3089e6b8a0d5b2,0.5145440101623535
7670,58d105a565d27bd23443d257e36543ff7c40d167,7ffa7a36e5414a0f2b16b1d8f93442ab15e2235d,0.4841090440750122
7671,58d105a565d27bd23443d257e36543ff7c40d167,149100302da692cc4b179f0a3bc514d36624163c,0.21881304681301117
7672,58d105a565d27bd23443d257e36543ff7c40d167,88794a4e8d223799e2572aed0407e9c80d10e6dd,0.17311590909957886
7673,58d105a565d27bd23443d257e36543ff7c40d167,27c2c58bab12896406f6500889f274e356ab26c2,0.13435329496860504
7674,58d105a565d27bd23443d257e36543ff7c40d167,e682e11b643a5f77d114034422d9931bb3c17bea,0.12568286061286926
7675,58d105a565d27bd23443d257e36543ff7c40d167,a24d39e7c504a5705e4a480f99c1461992931934,0.11319635808467865
7676,58d105a565d27bd23443d257e36543ff7c40d167,8f12309b0a04279c13ce5a7d1e29a3353a69ed52,0.10437140613794327
7677,58d105a565d27bd23443d257e36543ff7c40d167,5f209fdf869ede1bc82ead79248196f34586ae4f,0.06257425248622894
7678,58d105a565d27bd23443d257e36543ff7c40d167,f4a463f37f29f205451652a842ff75c718040279,0.06304238736629486
7679,58d105a565d27bd23443d257e36543ff7c40d167,195e55c90fd109642116ee51f7205c106f341111,-0.013771441765129566
7680,58d105a565d27bd23443d257e36543ff7c40d167,d9c797a74f2f716379f388d5c57e437ecd68759c,-0.016051776707172394
7681,58d105a565d27bd23443d257e36543ff7c40d167,91eb69b35a1f349ded31c1c0e50c2f0f2614c978,0.011198170483112335
7682,58d105a565d27bd23443d257e36543ff7c40d167,ba6579b0dae2285c39795ca7f8f7adc6fa52a925,0.018576443195343018
7683,58d105a565d27bd23443d257e36543ff7c40d167,31019c31d591170df86477ca98d39f6037d3dff7,0.03067394532263279
7684,58d105a565d27bd23443d257e36543ff7c40d167,892d5068d8200b6d8d7654c1cbe01883cbcb8488,0.036457255482673645
7685,58d105a565d27bd23443d257e36543ff7c40d167,b05fdba8f447b37d7fa6fdd63d23c70b2f4ee01b,0.03459897264838219
7686,58d105a565d27bd23443d257e36543ff7c40d167,94230767895e8a5fd76974504d966662f8b21f82,0.01699121668934822
7687,58d105a565d27bd23443d257e36543ff7c40d167,7b933815baf01d3d1a6b02cd8eb2d8746415d47e,0.009896318428218365
7688,58d105a565d27bd23443d257e36543ff7c40d167,b0ce93a3a4fc44a820fa73c2547adc6f1c338f99,-0.004810811951756477
7689,58d105a565d27bd23443d257e36543ff7c40d167,dee91a3fa2299fa7060f81f7e8c54c9408859980,-0.0025744661688804626
7690,58d105a565d27bd23443d257e36543ff7c40d167,7a4406be8af884d44a7ebcdae6f83c94fcbb3bf7,-0.03299421817064285
7691,58d105a565d27bd23443d257e36543ff7c40d167,bc715df3cdacb476bdde831318c671b0a24955e5,-0.013740675523877144
7692,58d105a565d27bd23443d257e36543ff7c40d167,c7c0d983a7197ce337868ae786ea2da904552a83,-0.020953580737113953
7693,58d105a565d27bd23443d257e36543ff7c40d167,36e70ee51cb7b7ec12faac934ae6b6a4d9da15a8,-0.06162497401237488
7694,58d105a565d27bd23443d257e36543ff7c40d167,2ceaa8d6ee74105a6b5561661db299c885f9135b,-0.0593191459774971
7695,58d105a565d27bd23443d257e36543ff7c40d167,4a430d84f1878f2ef6c5618434158877a0153ad3,-0.09715515375137329
7696,16a8e0646724f730eb52216f9bc1284ddb630fd6,a2be3a50e1b31bd226941ce7ef70e15bf21b83a1,0.6284664869308472
7697,16a8e0646724f730eb52216f9bc1284ddb630fd6,7d5e165a55d62750e9ad69bb317c764a2e4e12fc,0.5622694492340088
7698,16a8e0646724f730eb52216f9bc1284ddb630fd6,23e8236644775fd5d8ff5536ba06b960e19f904b,0.5365465879440308
7699,16a8e0646724f730eb52216f9bc1284ddb630fd6,b00672fc5ff99434bf5347418a2d2762a3bb2639,0.5647213459014893
7700,16a8e0646724f730eb52216f9bc1284ddb630fd6,00e90d7acd9c0a8b0efdb68c38af1632d5e60beb,0.5363350510597229
7701,16a8e0646724f730eb52216f9bc1284ddb630fd6,0058c41f797d48aa8544894b75a26a26602a8152,0.22637730836868286
7702,16a8e0646724f730eb52216f9bc1284ddb630fd6,574ec01e67e69a072e1e7cf4d6138d43491170ea,0.13055762648582458
7703,16a8e0646724f730eb52216f9bc1284ddb630fd6,442cf9b24661c9ea5c2a1dcabd4a5b8af1cd89da,0.11575953662395477
7704,16a8e0646724f730eb52216f9bc1284ddb630fd6,16334a6d7cf985a2a57ac9889a5a3d4ef8d460b3,0.11882039904594421
7705,16a8e0646724f730eb52216f9bc1284ddb630fd6,586d39f024325314528f1eaa64f4b2bbe2a1baa5,0.11314922571182251
7706,16a8e0646724f730eb52216f9bc1284ddb630fd6,8aef832372c6e3e83f10532f94f18bd26324d4fd,0.14792147278785706
7707,16a8e0646724f730eb52216f9bc1284ddb630fd6,311e8b4881482e9d940f4f1929d78a2b4a4337f8,0.13280190527439117
7708,16a8e0646724f730eb52216f9bc1284ddb630fd6,fe404310e7f485fd77367cb9c6c1cdc3884381d1,0.013444173149764538
7709,16a8e0646724f730eb52216f9bc1284ddb630fd6,6949a33423051ce6fa5b08fb7d5f06ac9dcc721b,-0.02483764849603176
7710,16a8e0646724f730eb52216f9bc1284ddb630fd6,322c063e97cd26f75191ae908f09a41c534eba90,0.0593242272734642
7711,16a8e0646724f730eb52216f9bc1284ddb630fd6,b4e1853acf75a91f64bd65de91ae05f4f7ef35a4,0.09066898375749588
7712,16a8e0646724f730eb52216f9bc1284ddb630fd6,94a6d653f4c54dbfb8f62a5bb54b4286c9affdb2,0.05506986007094383
7713,16a8e0646724f730eb52216f9bc1284ddb630fd6,f2be739f0805729f754edb5238fde49b37afb00c,0.04076610505580902
7714,16a8e0646724f730eb52216f9bc1284ddb630fd6,ce24c942ccb56891a984c38e9bd0f7aa3e681512,0.030664626508951187
7715,16a8e0646724f730eb52216f9bc1284ddb630fd6,831e37389a3dec5287f865beb2de77732aeca8d4,0.04016007483005524
7716,16a8e0646724f730eb52216f9bc1284ddb630fd6,66b2d52519a7e6ecc19ac8a46edf6932aba14695,0.057486072182655334
7717,16a8e0646724f730eb52216f9bc1284ddb630fd6,698b7261b4bb888c907aff82293e27adf41507d2,-0.005540240556001663
7718,16a8e0646724f730eb52216f9bc1284ddb630fd6,9061fb46185cffde44168aff4eb17f25d520f93a,0.016162525862455368
7719,16a8e0646724f730eb52216f9bc1284ddb630fd6,3c125732664d6e5be3d21869b536066a7591b53d,0.011871755123138428
7720,16a8e0646724f730eb52216f9bc1284ddb630fd6,9de64889ea7d467fdb3d3fa615d91b4d7ff2b068,0.0032426537945866585
7721,16a8e0646724f730eb52216f9bc1284ddb630fd6,befc714b8b0611d5582960ce3d8573db0cc35f52,-0.023817379027605057
7722,16a8e0646724f730eb52216f9bc1284ddb630fd6,154901c49ce0e1640547c0193ba0dfcc06d90ec1,-0.03419514745473862
7723,16a8e0646724f730eb52216f9bc1284ddb630fd6,0d2c07f3373c2bd63b3f2d0ba98d332daff33dcb,-0.031000468879938126
7724,16a8e0646724f730eb52216f9bc1284ddb630fd6,f4fcc5125a4eb702cdff0af421e500433fbe9a16,-0.0426454097032547
7725,16a8e0646724f730eb52216f9bc1284ddb630fd6,ccfd4a2a22b6c38f8206d1021f9be31f8c33a430,-0.11867859214544296
7726,1b4ed4a45a900d6a02f929f873cb25f51a0e054b,26b71580a1a07f8e555ffd26e7ea711e953815c7,0.443185418844223
7727,1b4ed4a45a900d6a02f929f873cb25f51a0e054b,1a6699f52553e095cf5f8ec79d71013db8e0ee16,0.4249095916748047
7728,1b4ed4a45a900d6a02f929f873cb25f51a0e054b,e6020e07095eb431595375782572fdfd4b31cc89,0.40318289399147034
7729,1b4ed4a45a900d6a02f929f873cb25f51a0e054b,11dc5064baf01c211d48f1db872657344c961d50,0.3747060298919678
7730,1b4ed4a45a900d6a02f929f873cb25f51a0e054b,51f0e3fe5335e2c3a55e673a6adae646f0ad6e11,0.30518579483032227
7731,1b4ed4a45a900d6a02f929f873cb25f51a0e054b,4774b4f88a26eff2d22372acc17168b2d1c58b0d,0.21255499124526978
7732,1b4ed4a45a900d6a02f929f873cb25f51a0e054b,30d8e493ae35a64b2bebbe6ec90dc190488f82fa,0.16812385618686676
7733,1b4ed4a45a900d6a02f929f873cb25f51a0e054b,99ce379cff98f5d098f3eb0492191291fd712d7b,0.13252177834510803
7734,1b4ed4a45a900d6a02f929f873cb25f51a0e054b,180bdb9ab62b589166f2bb3a854d934d4e12746d,0.1225881278514862
7735,1b4ed4a45a900d6a02f929f873cb25f51a0e054b,ad5a08146e1b811369cf3f3c629de6157784ee58,0.08696946501731873
7736,1b4ed4a45a900d6a02f929f873cb25f51a0e054b,b84b96cecb34c476749527ec2cd828fe0300e7a7,0.08857473731040955
7737,1b4ed4a45a900d6a02f929f873cb25f51a0e054b,b73cdb60b2fe9fb317fca4fb9f5e1106e13c2345,-0.10404771566390991
7738,1b4ed4a45a900d6a02f929f873cb25f51a0e054b,cbbf72d487f5b645d50d7d3d94b264f6a881c96f,0.052779607474803925
7739,1b4ed4a45a900d6a02f929f873cb25f51a0e054b,aa0c01e553d0a1ab40c204725d13fe528c514bba,0.013140845112502575
7740,1b4ed4a45a900d6a02f929f873cb25f51a0e054b,7eb1dca76c46bfbb4bd34c189c98472706ec31eb,0.00018747150897979736
7741,1b4ed4a45a900d6a02f929f873cb25f51a0e054b,5350676fae09092b42731448acae3469cba8919c,0.03858093544840813
7742,1b4ed4a45a900d6a02f929f873cb25f51a0e054b,3fbc45152f20403266b02c4c2adab26fb367522d,0.005078427493572235
7743,1b4ed4a45a900d6a02f929f873cb25f51a0e054b,9457b48cf5932d9528a32f36e23ab003b54e17ac,-0.006708966568112373
7744,1b4ed4a45a900d6a02f929f873cb25f51a0e054b,31821f81c091d2deceed17206528223a8a5b8822,0.01232760027050972
7745,1b4ed4a45a900d6a02f929f873cb25f51a0e054b,10d21ca7728cb3dd15731accedda9ea711d8a0f4,-0.0034402916207909584
7746,1b4ed4a45a900d6a02f929f873cb25f51a0e054b,191b8537a875f0171593a4356f2535d5f1bbceac,-0.011822685599327087
7747,1b4ed4a45a900d6a02f929f873cb25f51a0e054b,dc63ae3f4fdde0afb3f91b146e276fc663c22e6d,-0.025028303265571594
7748,1b4ed4a45a900d6a02f929f873cb25f51a0e054b,03aa3c66aad11069e79d73108a92eeef3a43b40a,-0.021205425262451172
7749,1b4ed4a45a900d6a02f929f873cb25f51a0e054b,47fdd1579f732dd6389f9342027560e385853180,-0.04358970746397972
7750,1b4ed4a45a900d6a02f929f873cb25f51a0e054b,5bf1debebe42befa82fbf51d5f75d4f6a756553d,-0.08308301866054535
7751,1b4ed4a45a900d6a02f929f873cb25f51a0e054b,81918e9416c1f9a910c10e6059a909fb81c22000,-0.03194490075111389
7752,1b4ed4a45a900d6a02f929f873cb25f51a0e054b,505234f56be43637a82761b2a7c3bd7c46f1e06c,-0.06492292881011963
7753,1b4ed4a45a900d6a02f929f873cb25f51a0e054b,915f50f7885dc47fe5a29cc64ee9902a6994b4a4,-0.07894334197044373
7754,1b4ed4a45a900d6a02f929f873cb25f51a0e054b,4b40d6b77b332214eefc7d1e79e15fbc2d86d86a,-0.11873918771743774
7755,1b4ed4a45a900d6a02f929f873cb25f51a0e054b,e9bb3ca7558ea0ce9ca7d5c965e4179668d69d0a,-0.11897018551826477
7756,03d23160e7066e5adab0d55779287e3c4982b9d5,46af4e3272fe3dbc7ee648400fb049ae6d3689cd,0.6423475742340088
7757,03d23160e7066e5adab0d55779287e3c4982b9d5,63f24b857fad276c13bfe763401ec72f343de167,0.5578154921531677
7758,03d23160e7066e5adab0d55779287e3c4982b9d5,03406ec0118137ca1ab734a8b6b3678a35a43415,0.48217231035232544
7759,03d23160e7066e5adab0d55779287e3c4982b9d5,b61f0669fc05ebc5ec86e79c1cd0f5741782edf6,0.31348174810409546
7760,03d23160e7066e5adab0d55779287e3c4982b9d5,1db0c4d47f2398cf8bebe3c117242a1eb73aaacf,0.2313389778137207
7761,03d23160e7066e5adab0d55779287e3c4982b9d5,a6af22306492b0830dd1002ad442cc0b53f14b25,0.18272244930267334
7762,03d23160e7066e5adab0d55779287e3c4982b9d5,781a5ee600063c36fd5526fbba85a28bce323c5b,0.18561026453971863
7763,03d23160e7066e5adab0d55779287e3c4982b9d5,36bb99b54c4afb2923a2ea189c5252527ee64a5e,0.12367857247591019
7764,03d23160e7066e5adab0d55779287e3c4982b9d5,e988f7ad852cc0918b521431d0ec9e0e792bde2a,0.16647382080554962
7765,03d23160e7066e5adab0d55779287e3c4982b9d5,7d6a34508b091ba8cde8a403e26ec791325c60d1,0.04436705261468887
7766,03d23160e7066e5adab0d55779287e3c4982b9d5,744cc8c69255cbe9d992315e456b9efb06f42e20,0.11781436204910278
7767,03d23160e7066e5adab0d55779287e3c4982b9d5,44b8f53edfb44f9fa94ff1995954ca16c5b7b728,0.09057556092739105
7768,03d23160e7066e5adab0d55779287e3c4982b9d5,d80d5862f5406a46225e91a71bb046eda451c430,0.10725397616624832
7769,03d23160e7066e5adab0d55779287e3c4982b9d5,0c881ea63ff12d85bc3192ce61f37abf701fdf38,0.07059933245182037
7770,03d23160e7066e5adab0d55779287e3c4982b9d5,18927b6b59b12c1be024549f8ad37092f28d7260,0.02649964764714241
7771,03d23160e7066e5adab0d55779287e3c4982b9d5,1c3eaea88cfe5cb28fa8d79b7057d817a108479f,0.049216870218515396
7772,03d23160e7066e5adab0d55779287e3c4982b9d5,9f8f7e6cc18205b92ecf9e792bfcdb4b6f19cae3,-0.008701061829924583
7773,03d23160e7066e5adab0d55779287e3c4982b9d5,42529379e8b697bc538d2f1b2f0fafeff0e88aaf,0.01184149831533432
7774,03d23160e7066e5adab0d55779287e3c4982b9d5,4566ebff2150f8d6b74ed6f84aa3bcde43dd918b,-0.017073316499590874
7775,03d23160e7066e5adab0d55779287e3c4982b9d5,3c8fa888927d908a44a0b38687291af609cbefdb,0.029330505058169365
7776,03d23160e7066e5adab0d55779287e3c4982b9d5,e5536c3033153fd18de13ab87428c204bb15818f,0.028421927243471146
7777,03d23160e7066e5adab0d55779287e3c4982b9d5,631483c15641c3652377f66c8380ff684f3e365c,0.001828550361096859
7778,03d23160e7066e5adab0d55779287e3c4982b9d5,6a0b64f80adbf0e34bfa72b057662a635f791dc2,-0.03653135150671005
7779,03d23160e7066e5adab0d55779287e3c4982b9d5,3916407cd711828f206ff378d01b1ae526a6ee84,0.01070745475590229
7780,03d23160e7066e5adab0d55779287e3c4982b9d5,209f4c5dc7c65670473836304f8c478e1e0a0980,-0.04862881079316139
7781,03d23160e7066e5adab0d55779287e3c4982b9d5,3fc109c976bf1c3f06aba9310f86dcd0c124ab41,-0.012069035321474075
7782,03d23160e7066e5adab0d55779287e3c4982b9d5,e8a7d7b0230f162439dd04a19ba873238851a104,-0.03905327245593071
7783,03d23160e7066e5adab0d55779287e3c4982b9d5,92dd388f337e290d51ae46b79a3a01afac722762,-0.029176808893680573
7784,03d23160e7066e5adab0d55779287e3c4982b9d5,0bd8c8a19f207b182286da354fdec5ea49f6072f,-0.09136255085468292
7785,546b3592f59b3445ef12fba506b729c832198c33,470a6b517b36ed5c8125f93bb8a82984e8835c55,0.7115738391876221
7786,546b3592f59b3445ef12fba506b729c832198c33,3c5c3e264e238fe1b76cfe528a0ef26b97f7309b,0.5622268915176392
7787,546b3592f59b3445ef12fba506b729c832198c33,2315fc6c2c0c4abd2443e26a26e7bb86df8e24cc,0.3624011278152466
7788,546b3592f59b3445ef12fba506b729c832198c33,e3a4c0c27313c1c28be40e069746e914452729c0,0.389249712228775
7789,546b3592f59b3445ef12fba506b729c832198c33,1827de6fa9c9c1b3d647a9d707042e89cf94abf0,0.3669275939464569
7790,546b3592f59b3445ef12fba506b729c832198c33,edafa697ba68874d608015b521c43d04e3584992,0.22626885771751404
7791,546b3592f59b3445ef12fba506b729c832198c33,3ff79cf6df1937949cc9bc522041a9a39d314d83,0.2505148649215698
7792,546b3592f59b3445ef12fba506b729c832198c33,77c512cbb832436e1a35ad434e6bb3d763799763,0.46149393916130066
7793,546b3592f59b3445ef12fba506b729c832198c33,18336c93fd1cf624a4e843925a648020e359c0ac,0.27733251452445984
7794,546b3592f59b3445ef12fba506b729c832198c33,7af2c4d2f4927be654292a55f4abb04c63c76ee3,0.3458162844181061
7795,546b3592f59b3445ef12fba506b729c832198c33,56695dbdf9c49a4d44961bd97b16e3153144f906,0.060081519186496735
7796,546b3592f59b3445ef12fba506b729c832198c33,769dc1469e0f88328147b08111daf13c299bf500,0.042570244520902634
7797,546b3592f59b3445ef12fba506b729c832198c33,26237468c3e9c620d85f6e49b22999b668831567,0.0658627301454544
7798,546b3592f59b3445ef12fba506b729c832198c33,1ccc33648f5712cb277e9b0829b4ee6f842d1ef3,0.023658227175474167
7799,546b3592f59b3445ef12fba506b729c832198c33,291beb869f81c73c92456d65ce2adc1d9c6dfb62,0.01398416981101036
7800,546b3592f59b3445ef12fba506b729c832198c33,8825df151fb1ffe48e011b31554584d315b694fe,-0.005978427827358246
7801,546b3592f59b3445ef12fba506b729c832198c33,ea39812bb04923faff76ba567649aceaf19a660e,0.03886944428086281
7802,546b3592f59b3445ef12fba506b729c832198c33,cf7303da154a654e2f8a1796704acf1320991957,0.010065838694572449
7803,546b3592f59b3445ef12fba506b729c832198c33,fc5d261540b3503960725446eb26c48a56488974,-0.014370743185281754
7804,546b3592f59b3445ef12fba506b729c832198c33,66e3aa516a7124befa7d2a8b0872e9619acf7f58,-0.018694117665290833
7805,546b3592f59b3445ef12fba506b729c832198c33,42b88d4930730c5c2328818e95c125b84ee81066,-0.04662616550922394
7806,546b3592f59b3445ef12fba506b729c832198c33,682343b02d255a24576195d9f587c12d7c05b4b4,0.013222151435911655
7807,546b3592f59b3445ef12fba506b729c832198c33,fa192e467393f83294f1c24f4d20c92fad4455b2,-0.026449015364050865
7808,546b3592f59b3445ef12fba506b729c832198c33,b418dfe5bbc09656adf2b4738276d45dd787ab8c,-0.041343219578266144
7809,546b3592f59b3445ef12fba506b729c832198c33,9c9ef326d19f864c414ad3f371932d4eb6156460,-0.05322758108377457
7810,546b3592f59b3445ef12fba506b729c832198c33,063a63356408a8278c1977ddfb0cc8898e8a53b6,-0.10553553700447083
7811,546b3592f59b3445ef12fba506b729c832198c33,66f4c9d6de9eaf2a9e61e5c39bf5256d01636fd0,-0.08603990077972412
7812,546b3592f59b3445ef12fba506b729c832198c33,7c14de73292d0398b73638f352f53c8b410049c1,-0.05479339882731438
7813,546b3592f59b3445ef12fba506b729c832198c33,c5cba3d806eb8bc3bdfa46d96bb4aab90e58257b,-0.07316083461046219
7814,546b3592f59b3445ef12fba506b729c832198c33,6c33834dfa5faed8911d9a2fd09a6eaaed33f1a4,-0.13261176645755768
7815,1bc5ea91875143e0526ac587b9c4aa6c64ceec98,2151a214aca6e72ee2980ae8cbf7be47fed0cb7a,0.5732225775718689
7816,1bc5ea91875143e0526ac587b9c4aa6c64ceec98,33691b7e8c980ea2dea5b5d3d7bee661e9623715,0.48907670378685
7817,1bc5ea91875143e0526ac587b9c4aa6c64ceec98,448babca3ceca4a4f2b2ce1d2e87cd4ff43e337a,0.44600027799606323
7818,1bc5ea91875143e0526ac587b9c4aa6c64ceec98,8ca53d187f6beb3d1e4fb0d1b68544d578c86c53,0.4345800578594208
7819,1bc5ea91875143e0526ac587b9c4aa6c64ceec98,201f8165d56e65a77eaf1946c4891a4d22a0aa87,0.3115063011646271
7820,1bc5ea91875143e0526ac587b9c4aa6c64ceec98,dda1822872942f658b89e7e1c1ffe08c35e7b290,0.31852683424949646
7821,1bc5ea91875143e0526ac587b9c4aa6c64ceec98,4bfce93a0d431e9f9c908bdf467f8b58fbb719f1,0.2555199861526489
7822,1bc5ea91875143e0526ac587b9c4aa6c64ceec98,4ca3f1570d146d01395e5c16081f5fb6a748e7f8,0.21339449286460876
7823,1bc5ea91875143e0526ac587b9c4aa6c64ceec98,15f795d436aaa9e77ccccb00b9df49bf0127f8b1,0.12826499342918396
7824,1bc5ea91875143e0526ac587b9c4aa6c64ceec98,981fef7155742608b8b6673f4a9566158b76cd67,0.33734017610549927
7825,1bc5ea91875143e0526ac587b9c4aa6c64ceec98,8f343dccd9c87a1d388e8fbc0fa716f623d6e690,0.14858323335647583
7826,1bc5ea91875143e0526ac587b9c4aa6c64ceec98,9ab30776f4fbf24ae2d0ff56054e085b256d158e,0.08551225066184998
7827,1bc5ea91875143e0526ac587b9c4aa6c64ceec98,4c747fc7765b543a06f8e880c8a63a1aebf75ecf,0.07720380276441574
7828,1bc5ea91875143e0526ac587b9c4aa6c64ceec98,0f3ee3493e1148c1ac6ac58889eec1c709af6ed4,0.02767033874988556
7829,1bc5ea91875143e0526ac587b9c4aa6c64ceec98,4ba01f5f01a3e6cc9f7f08529a49b024148c8843,0.023609887808561325
7830,1bc5ea91875143e0526ac587b9c4aa6c64ceec98,4c059a8900d24058c9cb27b85df96cc430a79970,0.04989446699619293
7831,1bc5ea91875143e0526ac587b9c4aa6c64ceec98,f1d72a08c83d9ffb4fbd5eea529f2ad326a7289e,0.053756941109895706
7832,1bc5ea91875143e0526ac587b9c4aa6c64ceec98,4ce67cfe2a9b563c2aff4e99aad2be84096f66ee,0.004773031920194626
7833,1bc5ea91875143e0526ac587b9c4aa6c64ceec98,5f209fdf869ede1bc82ead79248196f34586ae4f,0.028212498873472214
7834,1bc5ea91875143e0526ac587b9c4aa6c64ceec98,a551a1d57dd41603acd635c9bd6ccc27840932de,0.027309201657772064
7835,1bc5ea91875143e0526ac587b9c4aa6c64ceec98,eecc54b1a2c1ded1997dcbfd9188ba52e88e1217,0.0017280839383602142
7836,1bc5ea91875143e0526ac587b9c4aa6c64ceec98,f1862403e388297fe6d53382762927e32af0a7aa,-0.014230437576770782
7837,1bc5ea91875143e0526ac587b9c4aa6c64ceec98,6cc9b854d4d55ff76881685b090569da499022d0,0.01834774762392044
7838,1bc5ea91875143e0526ac587b9c4aa6c64ceec98,2d2115000efc5dea918c2ff2f6a7f6c8645397fa,-0.015170474536716938
7839,1bc5ea91875143e0526ac587b9c4aa6c64ceec98,55877f7c574b4686c98e70b96971722c1593ba9f,-0.01609664596617222
7840,1bc5ea91875143e0526ac587b9c4aa6c64ceec98,1ed2f698fe40a689309df8af4b9ccb448440a333,-0.03557884693145752
7841,1bc5ea91875143e0526ac587b9c4aa6c64ceec98,ce32df632ab7d448646e5453f68665d6fad74293,-0.09227167814970016
7842,1bc5ea91875143e0526ac587b9c4aa6c64ceec98,47ba21d48212bb7ac3969ee7dbb8a3fb4a9d15c6,-0.0833013504743576
7843,1bc5ea91875143e0526ac587b9c4aa6c64ceec98,55e1a5110f0d6eaf814afc886cd28a822dd4f484,-0.0872960314154625
7844,1bc5ea91875143e0526ac587b9c4aa6c64ceec98,3ab69a0a22a8c53a226ec73b11b51830a3adc351,-0.14917519688606262
7845,0c3ffd5f1b577e38604f361ee71feb312b5b0cab,a2ca4a76a7259da6921ab41eae8858513cbb1af1,0.4897208511829376
7846,0c3ffd5f1b577e38604f361ee71feb312b5b0cab,0e8933300a20f3d799dc9f19e352967f41d8efcc,0.40491390228271484
7847,0c3ffd5f1b577e38604f361ee71feb312b5b0cab,08c370eb9ba13bfb836349e7f3ea428be4697818,0.4192492961883545
7848,0c3ffd5f1b577e38604f361ee71feb312b5b0cab,46e49432fc6c360376cad11367c6d2411fb3e0ea,0.2658866047859192
7849,0c3ffd5f1b577e38604f361ee71feb312b5b0cab,03acfc428d38e4e6136513658695cfc1956b5945,0.2753344774246216
7850,0c3ffd5f1b577e38604f361ee71feb312b5b0cab,7ff77bd352aceaea250bab51d0c09e5b4ed7fc25,0.2347864955663681
7851,0c3ffd5f1b577e38604f361ee71feb312b5b0cab,157218bae792b6ef550dfd0f73e688d83d98b3d7,0.28737133741378784
7852,0c3ffd5f1b577e38604f361ee71feb312b5b0cab,c504c88dbea0c1fe9383710646c8180ef44b9bc9,0.18797162175178528
7853,0c3ffd5f1b577e38604f361ee71feb312b5b0cab,fe8a9985d8b2df7a4d78e02beaa234084e3790b9,0.15217021107673645
7854,0c3ffd5f1b577e38604f361ee71feb312b5b0cab,2e87c0613077f7faeee45bbf5f9d209017e30771,0.12950201332569122
7855,0c3ffd5f1b577e38604f361ee71feb312b5b0cab,29d0c439241e65c51e19f7bd9430f50e900a6e32,0.1673600971698761
7856,0c3ffd5f1b577e38604f361ee71feb312b5b0cab,2cc0df76c91c52a497906abc1cdeda91edb2923c,0.1704186499118805
7857,0c3ffd5f1b577e38604f361ee71feb312b5b0cab,5af12524db0186bcdcafb7a342556d421cf342bf,0.15597416460514069
7858,0c3ffd5f1b577e38604f361ee71feb312b5b0cab,a0cc11865ca9f456724eacb711550bd49fa507d1,0.14897914230823517
7859,0c3ffd5f1b577e38604f361ee71feb312b5b0cab,965f8bb9a467ce9538dec6bef57438964976d6d9,0.13615968823432922
7860,0c3ffd5f1b577e38604f361ee71feb312b5b0cab,6b8966f0e8f368fea84d6c3e135011fc2b050312,0.18056254088878632
7861,0c3ffd5f1b577e38604f361ee71feb312b5b0cab,cd866d4510e397dbc18156f8d840d7745943cc1a,0.2614987790584564
7862,0c3ffd5f1b577e38604f361ee71feb312b5b0cab,f8e32c5707df46bfcd683f723ad27d410e7ff37d,0.12111030519008636
7863,0c3ffd5f1b577e38604f361ee71feb312b5b0cab,effaec031a97ae64f965d0f0616438774fc11bc5,0.06974990665912628
7864,0c3ffd5f1b577e38604f361ee71feb312b5b0cab,3056721cc51032f84791a2d7469601afb65b12ee,0.031762830913066864
7865,0c3ffd5f1b577e38604f361ee71feb312b5b0cab,2f5f689cb289878543ae86c78b809ab924983e46,0.05439328774809837
7866,0c3ffd5f1b577e38604f361ee71feb312b5b0cab,f4c5f7bdf3f7ce924cd42f26d2a9eb97ab8da4a3,0.04301935434341431
7867,0c3ffd5f1b577e38604f361ee71feb312b5b0cab,c2912ac3c918f3dbd997e2a3454b6b8b6b17c37f,0.0488097220659256
7868,0c3ffd5f1b577e38604f361ee71feb312b5b0cab,1679710eb9fb5d004cfe2e8e7aa322cc3873647e,-0.02085324004292488
7869,0c3ffd5f1b577e38604f361ee71feb312b5b0cab,89fb51f228b2e466cf690028ec96940f3d7b4fb0,0.0007862728089094162
7870,0c3ffd5f1b577e38604f361ee71feb312b5b0cab,ccb0c0394bca75a59b2a265acdaaf47b8f86c7ce,0.03705504909157753
7871,0c3ffd5f1b577e38604f361ee71feb312b5b0cab,b044d249455e315a9642b2265ede035c4d9b390f,-0.033857036381959915
7872,0c3ffd5f1b577e38604f361ee71feb312b5b0cab,7a87289fb660d729bf0d9c9417ffb58cdea15450,-0.06678817421197891
7873,0c3ffd5f1b577e38604f361ee71feb312b5b0cab,eb639811df16f49bbe44948a9bf6e937eef47d8b,-0.05566266179084778
7874,0c3ffd5f1b577e38604f361ee71feb312b5b0cab,5b93ae450e65b6ae70c58dad3a9e754161374b50,-0.06170548498630524
7875,86c925d1a737fe3d29fa5388ede48cf87700cb89,123e98412253f2b8a602a0d699a5f493e17c62ef,0.7016201019287109
7876,86c925d1a737fe3d29fa5388ede48cf87700cb89,74f9cd73d95ddb6bf64b946aa9f5ddeaedf4b345,0.6249816417694092
7877,86c925d1a737fe3d29fa5388ede48cf87700cb89,3787980e3f4c2e0e20a08027ec1eff18b4fd0c0a,0.5107592344284058
7878,86c925d1a737fe3d29fa5388ede48cf87700cb89,6a473e9e0a2183928b2d78bddf4b3d01ff46c454,0.4914730191230774
7879,86c925d1a737fe3d29fa5388ede48cf87700cb89,24beb987b722d4a25d3157a43000e685aa8f8874,0.4662742018699646
7880,86c925d1a737fe3d29fa5388ede48cf87700cb89,2d54dc50bbc1a0a63b6f1000bc255f88d57a7a63,0.33404868841171265
7881,86c925d1a737fe3d29fa5388ede48cf87700cb89,319e868be52dfdccf8ade7e59d880e0a09654312,0.36269477009773254
7882,86c925d1a737fe3d29fa5388ede48cf87700cb89,4614382c4d8ca41c6d145c61dba29c2cc39301bd,0.28657016158103943
7883,86c925d1a737fe3d29fa5388ede48cf87700cb89,6a2fe560574b76994ab1148b4dae0bfb89e3a3e3,0.2610478103160858
7884,86c925d1a737fe3d29fa5388ede48cf87700cb89,2d08ee24619ef41164e076fee2b268009aedd0f0,0.25837427377700806
7885,86c925d1a737fe3d29fa5388ede48cf87700cb89,9d104f4508b5b9f3bfd4258cb182493b58a8ae69,0.18520274758338928
7886,86c925d1a737fe3d29fa5388ede48cf87700cb89,ea38789c6687e7ccb483693046fff5293e903c51,0.15031394362449646
7887,86c925d1a737fe3d29fa5388ede48cf87700cb89,8de8acd9e93b4cf1635b4b6992daf6aee41645bd,0.06939779967069626
7888,86c925d1a737fe3d29fa5388ede48cf87700cb89,56c5602f6ea8e2dae4f983ffc894c305e6ed2092,0.13308344781398773
7889,86c925d1a737fe3d29fa5388ede48cf87700cb89,aaa7047198d4a952865b85c0ce3511cd87345f10,0.12980912625789642
7890,86c925d1a737fe3d29fa5388ede48cf87700cb89,f18821d47b2bee62a7b3047ed7b71a5895214619,0.14449788630008698
7891,86c925d1a737fe3d29fa5388ede48cf87700cb89,7084f88ff8ca11584d826c1751c4b90b7da713fd,0.05773109197616577
7892,86c925d1a737fe3d29fa5388ede48cf87700cb89,8f54d01622d88dde15f48d4efa5dce23fb25c3a9,0.06282736361026764
7893,86c925d1a737fe3d29fa5388ede48cf87700cb89,b9e51f3dd6dff7c5cfdd851340d7c2ae51bf1ac4,0.07518954575061798
7894,86c925d1a737fe3d29fa5388ede48cf87700cb89,e38bb2fb6aad0158be9d9257a4ea259daee28bdb,0.060999855399131775
7895,86c925d1a737fe3d29fa5388ede48cf87700cb89,5d9b1dc587a8c6abae88475353140d58fde81ca7,0.036841459572315216
7896,86c925d1a737fe3d29fa5388ede48cf87700cb89,aad658d9dee24f15014360af83d63df34f47f12e,0.012482683174312115
7897,86c925d1a737fe3d29fa5388ede48cf87700cb89,787a77968973e072ce901d2145f77ad70f633bda,0.026008956134319305
7898,86c925d1a737fe3d29fa5388ede48cf87700cb89,88e0f348db738aa4e8d422ff941c0ec911e23ce4,-0.00661056861281395
7899,86c925d1a737fe3d29fa5388ede48cf87700cb89,4a2850c4d74825508b2aedc88f50ab1f664a87ee,0.04362725839018822
7900,86c925d1a737fe3d29fa5388ede48cf87700cb89,c3389acd6f5b79be0ca7fa187b6bc853faa087fc,-0.00226784311234951
7901,86c925d1a737fe3d29fa5388ede48cf87700cb89,704e95e632be9fe0a5f2f15aa4a19b9341635930,-0.02991831861436367
7902,86c925d1a737fe3d29fa5388ede48cf87700cb89,e59f288fe83575ce701d0dc64e9825d2165eca67,-0.022859305143356323
7903,86c925d1a737fe3d29fa5388ede48cf87700cb89,222dbc207e01ddef92e2a0822218368573b0cef0,-0.05924038589000702
7904,86c925d1a737fe3d29fa5388ede48cf87700cb89,51be84ac278371e6b1cb487c8e480bbaed5c57c4,-0.06961566209793091
7905,848c3eb292d721e53631c0d6c988f380cbb0e225,12d40aeb4f31d4352264114841ebfb8651729908,0.6788462400436401
7906,848c3eb292d721e53631c0d6c988f380cbb0e225,29a073c933aaf22dcb2914be06adae6e189736b5,0.6385005116462708
7907,848c3eb292d721e53631c0d6c988f380cbb0e225,d6054e77672a62708ea9f4be8d35c824cf25068d,0.4811422526836395
7908,848c3eb292d721e53631c0d6c988f380cbb0e225,ada4c48f083f2f98ee9a345e4bc534425d0a9bfd,0.4307619035243988
7909,848c3eb292d721e53631c0d6c988f380cbb0e225,c37456766064c1e1432679454b6ca446b3f53068,0.41287997364997864
7910,848c3eb292d721e53631c0d6c988f380cbb0e225,d51c099b2ef1b8fa131825b582ef23c6c50acc17,0.1431557983160019
7911,848c3eb292d721e53631c0d6c988f380cbb0e225,52c5882dc62c319c67a37cf40e56e0905dc4acb5,0.049351319670677185
7912,848c3eb292d721e53631c0d6c988f380cbb0e225,b5f27d534168dde3667efcca5fedd2b61b40fce7,0.05575021728873253
7913,848c3eb292d721e53631c0d6c988f380cbb0e225,0d779e029fd5fb3271f174c05019b4144ffa46c0,0.08995378017425537
7914,848c3eb292d721e53631c0d6c988f380cbb0e225,0cb087738f1e88043e13f0744d91b52aaa47d5f0,0.0628381073474884
7915,848c3eb292d721e53631c0d6c988f380cbb0e225,badedcabfbb8e47eb33238aa44cf2b9c90c3d83a,0.037883657962083817
7916,848c3eb292d721e53631c0d6c988f380cbb0e225,4a27709545cfa225d8983fb4df8061fb205b9116,0.04590226709842682
7917,848c3eb292d721e53631c0d6c988f380cbb0e225,320473d70ea898ce099ca0dda92af17a34b99599,0.04633713886141777
7918,848c3eb292d721e53631c0d6c988f380cbb0e225,645e505f107a470f347d9521c492f88b1a2e6670,-0.0034828344359993935
7919,848c3eb292d721e53631c0d6c988f380cbb0e225,746234e6678624c9f6a68aa99c7fcef645fcbae1,0.01824284717440605
7920,848c3eb292d721e53631c0d6c988f380cbb0e225,2374a65e335b26c2ae9692b6c2f1408401d86f5b,0.006527233868837357
7921,848c3eb292d721e53631c0d6c988f380cbb0e225,7d9089cbe958da21cbd943bdbcb996f4499e701b,0.012293271720409393
7922,848c3eb292d721e53631c0d6c988f380cbb0e225,029341c7f1ce11696a6bc7e7a716b7876010ebc7,0.016031041741371155
7923,848c3eb292d721e53631c0d6c988f380cbb0e225,74bcf18831294adb82c1ba8028ef314db1327549,-0.010808084160089493
7924,848c3eb292d721e53631c0d6c988f380cbb0e225,8629cebb7c574adf40d71d41389f340804c8c81f,0.026980280876159668
7925,848c3eb292d721e53631c0d6c988f380cbb0e225,529d9215a7d8dd32bdbca018dab3e839569241a0,-0.029864666983485222
7926,848c3eb292d721e53631c0d6c988f380cbb0e225,1b02659436090ae5888eafa25f5726a23b87bd64,-0.02853858284652233
7927,848c3eb292d721e53631c0d6c988f380cbb0e225,b294b61f0b755383072ab332061f45305e0c12a1,-0.028988178819417953
7928,848c3eb292d721e53631c0d6c988f380cbb0e225,651e8215e93fd94318997f3be5190f965f147c79,-0.0013338839635252953
7929,848c3eb292d721e53631c0d6c988f380cbb0e225,f7025aed8f41a0affb25acf3340a06a7c8993511,-0.047489091753959656
7930,848c3eb292d721e53631c0d6c988f380cbb0e225,fd47145321e4b34e043104c9eb21c9bc28dfd680,-0.023663334548473358
7931,848c3eb292d721e53631c0d6c988f380cbb0e225,40a63746a710baf4a694fd5a4dd8b5a3d9fc2846,-0.0798148661851883
7932,848c3eb292d721e53631c0d6c988f380cbb0e225,d987bc0133f3331ef89ea1e50f5c57acfe17db9b,-0.08921601623296738
7933,848c3eb292d721e53631c0d6c988f380cbb0e225,df12dcd87b6b98d3e3dc7504c9e4e606ab960d04,-0.12565456330776215
7934,848c3eb292d721e53631c0d6c988f380cbb0e225,87cc66a7eae45f9df7fa10c14c77f4178abd2563,-0.1560719907283783
7935,bfd50521466808d022940fbcfe09e1835ae97822,9e1f14a8ac5d15c495674bfc4abb84649944f637,0.28435707092285156
7936,bfd50521466808d022940fbcfe09e1835ae97822,a661452ade5c8209e34f0445a828d1b203da0339,0.24532446265220642
7937,bfd50521466808d022940fbcfe09e1835ae97822,d326fc66ade9df942dfa34173be3a1c60761c507,0.242528036236763
7938,bfd50521466808d022940fbcfe09e1835ae97822,8bfedec4b58a5339c7bd96e367a2ed3662996c84,0.18466490507125854
7939,bfd50521466808d022940fbcfe09e1835ae97822,0157dcd6122c20b5afc359a799b2043453471f7f,0.17433831095695496
7940,bfd50521466808d022940fbcfe09e1835ae97822,a3983077d951e29278a6139fe6dfb41ade9b1df1,0.12701120972633362
7941,bfd50521466808d022940fbcfe09e1835ae97822,0ebf179c7d2cfb25516c74be2186ea8693add00a,0.15699270367622375
7942,bfd50521466808d022940fbcfe09e1835ae97822,0f3ab6835042ea45d2aab8e4a70151c11ca9a1d6,0.17718246579170227
7943,bfd50521466808d022940fbcfe09e1835ae97822,0a10d64beb0931efdc24a28edaa91d539194b2e2,0.1613813042640686
7944,bfd50521466808d022940fbcfe09e1835ae97822,1c8c9a7713395e9a176c42e49bc80574a013f89f,0.1669507771730423
7945,bfd50521466808d022940fbcfe09e1835ae97822,c4193d67010a54c386bc9a2c75417cd6b0ad67c9,0.1308448165655136
7946,bfd50521466808d022940fbcfe09e1835ae97822,08394b082370493f381bab44158dc316fe6eef2a,0.13478897511959076
7947,bfd50521466808d022940fbcfe09e1835ae97822,03ac537ecb49c7c79b4335bdb9aa6e5cdb067182,0.15305636823177338
7948,bfd50521466808d022940fbcfe09e1835ae97822,1c909ac1c331c0c246a88da047cbdcca9ec9b7e7,0.12875494360923767
7949,bfd50521466808d022940fbcfe09e1835ae97822,2742509e8ebc68fd150418080e651583d04af165,0.11615533381700516
7950,bfd50521466808d022940fbcfe09e1835ae97822,3cfbb77e5a0e24772cfdb2eb3d4f35dead54b118,0.13321983814239502
7951,bfd50521466808d022940fbcfe09e1835ae97822,a0a1b3468377da62204e448f92e22a27be2d6b09,0.06251910328865051
7952,bfd50521466808d022940fbcfe09e1835ae97822,734c30c1d996e621d7966113ccf23fd515de0a12,0.07787714153528214
7953,bfd50521466808d022940fbcfe09e1835ae97822,3c66ae1f6f16b0c2807a3f2510ad99c8b05a6772,0.1095644161105156
7954,bfd50521466808d022940fbcfe09e1835ae97822,105982d16612b070b8e2cea2ae65ef74e95e59c9,0.08902023732662201
7955,bfd50521466808d022940fbcfe09e1835ae97822,062d272447f974dc401e6fc2dd4fad1b8300323d,0.12795861065387726
7956,bfd50521466808d022940fbcfe09e1835ae97822,e56e0c5bcfb28ccc7276eb67287cf360d234e17f,0.02520062029361725
7957,bfd50521466808d022940fbcfe09e1835ae97822,940173d9b880defde6c5f171579cddbba8288dc6,0.06467493623495102
7958,bfd50521466808d022940fbcfe09e1835ae97822,53907f28f819b42486db7eb4bd8c5ce5528823f3,0.08264374732971191
7959,bfd50521466808d022940fbcfe09e1835ae97822,7e9732b5ef3234d256761863500a99b148338c84,0.0632491484284401
7960,bfd50521466808d022940fbcfe09e1835ae97822,3ce30279210ec4df6b0c557a2eef2c0310e6cd21,-0.019270271062850952
7961,bfd50521466808d022940fbcfe09e1835ae97822,dd055e906f9d35ebd696f0d883d82ebfc727b313,0.010416952893137932
7962,bfd50521466808d022940fbcfe09e1835ae97822,ce8f6ac09e284c042840e0a479538a18d22ba4b0,-0.029326677322387695
7963,bfd50521466808d022940fbcfe09e1835ae97822,e23f1ad69084eac1e7f958586570beb4814a0f57,-0.12444460391998291
7964,bfd50521466808d022940fbcfe09e1835ae97822,b8deb0fcfa16a0dcb46652240c015cef93c711ed,-0.10878871381282806
7965,4d4dc6568e24f283f3c5bcb88f280908a35da0e3,b25c668707b98db90f2ea1d8939f9c35c0c7ace3,0.7050360441207886
7966,4d4dc6568e24f283f3c5bcb88f280908a35da0e3,28d06ce92c97e18ebe8f61a9e2fe802f4d42d218,0.5239061713218689
7967,4d4dc6568e24f283f3c5bcb88f280908a35da0e3,0f34fcab599aabf0ab46d91c21703a9a86b5f048,0.41220980882644653
7968,4d4dc6568e24f283f3c5bcb88f280908a35da0e3,5c643a6e649230da504d5c9344dab7e4885b7ff5,0.28480029106140137
7969,4d4dc6568e24f283f3c5bcb88f280908a35da0e3,e0149f4926373368a0d88f7fb57c5549500fd83a,0.28885626792907715
7970,4d4dc6568e24f283f3c5bcb88f280908a35da0e3,816cce72ad9fbeb854e3ca723ded5a51dfcb9311,0.31773844361305237
7971,4d4dc6568e24f283f3c5bcb88f280908a35da0e3,80d68c37245da3c2bcb76e7910782290f308c144,0.5381293892860413
7972,4d4dc6568e24f283f3c5bcb88f280908a35da0e3,3c8f916264e8d15ba1bc618c6adf395e86dd7b40,0.23583096265792847
7973,4d4dc6568e24f283f3c5bcb88f280908a35da0e3,4c7671550671deba9ec318d867522897f20e19ba,0.278550386428833
7974,4d4dc6568e24f283f3c5bcb88f280908a35da0e3,34c658d37221dc4bdff040a0f025230adf6c26a0,0.2453058511018753
7975,4d4dc6568e24f283f3c5bcb88f280908a35da0e3,15f16252af84a630f1f9442d4e0367b6fba089cf,0.22767913341522217
7976,4d4dc6568e24f283f3c5bcb88f280908a35da0e3,21acea7e14ab225aeaea61314187d4d8e9a76e91,0.23863205313682556
7977,4d4dc6568e24f283f3c5bcb88f280908a35da0e3,590628a9584e500f3e7f349ba7e2046c8c273fcf,0.2254086434841156
7978,4d4dc6568e24f283f3c5bcb88f280908a35da0e3,7aea23d6e14d2cf70c8bcc286a95b520d1bc6437,0.14478778839111328
7979,4d4dc6568e24f283f3c5bcb88f280908a35da0e3,1acc5e2788743b46272d977045868b937fb317f6,0.16988375782966614
7980,4d4dc6568e24f283f3c5bcb88f280908a35da0e3,79aa2c4f22d2b878155aba14cd723e8985b8182a,0.0845281332731247
7981,4d4dc6568e24f283f3c5bcb88f280908a35da0e3,05b073c44188946aeb9c410c1447262cbdf77b6d,0.1578245609998703
7982,4d4dc6568e24f283f3c5bcb88f280908a35da0e3,660a150c15f36542decb1d9694dfffc0bbe0ed12,0.08363786339759827
7983,4d4dc6568e24f283f3c5bcb88f280908a35da0e3,b6bd18aee1c4746327b3ecf5df66da5d58b3bbdb,0.1551142930984497
7984,4d4dc6568e24f283f3c5bcb88f280908a35da0e3,ca94397722457f47c051490f559718cd7af0eddb,0.09245908260345459
7985,4d4dc6568e24f283f3c5bcb88f280908a35da0e3,67d9457769c42c7ae26046d38b1fdecba2531a6b,0.09621476382017136
7986,4d4dc6568e24f283f3c5bcb88f280908a35da0e3,62986466fb60d1139cd8044651583627833e4789,0.0688505619764328
7987,4d4dc6568e24f283f3c5bcb88f280908a35da0e3,698902ce1a836d353d4ff955c826095e28506e05,-0.009325649589300156
7988,4d4dc6568e24f283f3c5bcb88f280908a35da0e3,33da45838d0b6c082cc71e603fd802bac4d56713,0.1296490728855133
7989,4d4dc6568e24f283f3c5bcb88f280908a35da0e3,4f4eefe26444175496c828e6da8fbc5c7ee2f40e,0.04214654490351677
7990,4d4dc6568e24f283f3c5bcb88f280908a35da0e3,c9e7ace35c3b0ccb005efb01607e747bed1a7dc2,0.016190573573112488
7991,4d4dc6568e24f283f3c5bcb88f280908a35da0e3,99706c06a862b08e6cb2e2c0a6201e557b94a846,0.03402930498123169
7992,4d4dc6568e24f283f3c5bcb88f280908a35da0e3,ec59569fdee17844ae071be1536a08f937f08c57,0.054075758904218674
7993,4d4dc6568e24f283f3c5bcb88f280908a35da0e3,f743c207f9a4b655ebcdd5fcaacd19c3c0b2029f,-0.03912860155105591
7994,4d4dc6568e24f283f3c5bcb88f280908a35da0e3,33bd9454417a01a63ba452b974cb4c265d94d312,-0.058253202587366104
7995,9ddda6862a8eefbb04682b449eefd6f37a45949e,7a19282f51b78f7c18fd1e94cf0e9fa5b1599b73,0.5829495191574097
7996,9ddda6862a8eefbb04682b449eefd6f37a45949e,7b97e7e267862103cedbe7a56f8bce0e53a01f07,0.5004315972328186
7997,9ddda6862a8eefbb04682b449eefd6f37a45949e,46fb7520f6ce62ceed1fdf85154f719607209db1,0.45131686329841614
7998,9ddda6862a8eefbb04682b449eefd6f37a45949e,bd1c85bf52295adad0b1a59d79d7429091beeb22,0.4389941692352295
7999,9ddda6862a8eefbb04682b449eefd6f37a45949e,635ec8608146628cb7d345a0e9147f4a6d38d19c,0.31184935569763184
8000,9ddda6862a8eefbb04682b449eefd6f37a45949e,dca1d4371d04143d752b51fc0e87b82606c81612,0.16050298511981964
8001,9ddda6862a8eefbb04682b449eefd6f37a45949e,3646caf12ff38117a0f1b0d4470c034e15021021,0.13704447448253632
8002,9ddda6862a8eefbb04682b449eefd6f37a45949e,e7922d53216a4c234f601049ec3326a6ea5d5c7c,0.12816298007965088
8003,9ddda6862a8eefbb04682b449eefd6f37a45949e,d40355618f3b647584770659d9ba1707b233aa76,0.12078995257616043
8004,9ddda6862a8eefbb04682b449eefd6f37a45949e,361e8d550e6b91261299540d6b7f1a4a1187053a,0.13583728671073914
8005,9ddda6862a8eefbb04682b449eefd6f37a45949e,d2db29517228559cb8cb7f880b2fb9bf776bf172,0.10917419195175171
8006,9ddda6862a8eefbb04682b449eefd6f37a45949e,8d600a8caf4bf94093332a8723d7d174f7ae1e56,0.08343611657619476
8007,9ddda6862a8eefbb04682b449eefd6f37a45949e,1d6425237ea96823e56ad38d4405c3c54297f58f,0.08213730156421661
8008,9ddda6862a8eefbb04682b449eefd6f37a45949e,3c458fe8db3ca5fb5b2456b534fbbd213025a55a,0.05690076947212219
8009,9ddda6862a8eefbb04682b449eefd6f37a45949e,140df6ceb211239b36ff1a7cfdc871f06d787d11,0.051670096814632416
8010,9ddda6862a8eefbb04682b449eefd6f37a45949e,1d726a638d2ba232cb785f83f9902b8f6175e820,0.09518986195325851
8011,9ddda6862a8eefbb04682b449eefd6f37a45949e,96f78f409e4e3f25276d9d98977ef67f2a801abf,0.025186706334352493
8012,9ddda6862a8eefbb04682b449eefd6f37a45949e,71922c86b76b8f15e90e5f5f385d17985515e630,0.017145603895187378
8013,9ddda6862a8eefbb04682b449eefd6f37a45949e,8c3da6f9c4950faf6846963898f063d714fe4282,0.025978341698646545
8014,9ddda6862a8eefbb04682b449eefd6f37a45949e,7a621c248d67635b71d294eaacbb39a5ffce0359,-0.012703943997621536
8015,9ddda6862a8eefbb04682b449eefd6f37a45949e,9e8c04b9b54f0c4c742f6b3470fe5353d3b91864,0.006573804654181004
8016,9ddda6862a8eefbb04682b449eefd6f37a45949e,a5c342e5e998e3bb15bdb0bc5ec03973ebe844a0,3.8251280784606934e-05
8017,9ddda6862a8eefbb04682b449eefd6f37a45949e,89ed5d61242011990b72282aa8ea7ab932da056c,-0.019378814846277237
8018,9ddda6862a8eefbb04682b449eefd6f37a45949e,0eb349c49ee5718945f70d619a023531930ad1f3,-0.01855711080133915
8019,9ddda6862a8eefbb04682b449eefd6f37a45949e,1e6fbe7e923ffadd22bf63ce80997bf248659a1d,-0.005187980830669403
8020,9ddda6862a8eefbb04682b449eefd6f37a45949e,9ca7adb63f3259740d98f49f82fc758dcac92df6,-0.03305906057357788
8021,9ddda6862a8eefbb04682b449eefd6f37a45949e,0f72f5a636d5d86df1088bc7185a7fa2c92f244b,-0.057940322905778885
8022,9ddda6862a8eefbb04682b449eefd6f37a45949e,414c781042e236e7d396cc9385b86644d566975c,-0.057051219046115875
8023,9ddda6862a8eefbb04682b449eefd6f37a45949e,b71018f8b81718e3a36daaa6c09eae2683a9b6db,-0.08328952640295029
8024,901c7f0cbf7701c66921c918e553d2ecfbb4df34,77ccf604ca460ac65d2bd14792c901879c4a0153,0.6334790587425232
8025,901c7f0cbf7701c66921c918e553d2ecfbb4df34,c963c36ed6275f1798e4f308f9071d89696ed63c,0.5104202628135681
8026,901c7f0cbf7701c66921c918e553d2ecfbb4df34,9d2a99114e54afd50b2fac759943f1f95f1bd259,0.27405548095703125
8027,901c7f0cbf7701c66921c918e553d2ecfbb4df34,8132941b5e43eb27546f6611c551b38599595e2f,0.21218112111091614
8028,901c7f0cbf7701c66921c918e553d2ecfbb4df34,187bbfd80449a88a7c6a5c0fe8ec2dd947cd761c,0.18323570489883423
8029,901c7f0cbf7701c66921c918e553d2ecfbb4df34,b323c4d8f284dd27b9bc8c8be5bee3cd30e2c8ca,0.2079864889383316
8030,901c7f0cbf7701c66921c918e553d2ecfbb4df34,b49bb7ecd2afd6461c78ff29536839b5ee45cd15,0.2812275290489197
8031,901c7f0cbf7701c66921c918e553d2ecfbb4df34,75a4681b7154661b99e2541ff1a4a03180c0cc13,0.16986006498336792
8032,901c7f0cbf7701c66921c918e553d2ecfbb4df34,e8e77ec157375343667e002c78d3d3bf73e5fd8a,0.11624988168478012
8033,901c7f0cbf7701c66921c918e553d2ecfbb4df34,c33076c2aa1d4a860c223529c1d1941c58cd77fc,0.10760609805583954
8034,901c7f0cbf7701c66921c918e553d2ecfbb4df34,8c9a6dd09afe5fe525c039d4e87b164eaba6abea,0.11098922789096832
8035,901c7f0cbf7701c66921c918e553d2ecfbb4df34,728ebf81883fccccd76f092d90f1538491b961f7,0.12083180248737335
8036,901c7f0cbf7701c66921c918e553d2ecfbb4df34,1ae7ec7d78d3a722b33c42fbe4e79e326559860a,0.10960274934768677
8037,901c7f0cbf7701c66921c918e553d2ecfbb4df34,c7300430dda7a52d8284821c09267b552e61e7f1,0.09579354524612427
8038,901c7f0cbf7701c66921c918e553d2ecfbb4df34,0630d2adcd2a2d177ee82905fdaf4b798d788c15,0.07706154137849808
8039,901c7f0cbf7701c66921c918e553d2ecfbb4df34,130b4402f1238d48555d311aa68f9e834263d04f,0.05804010480642319
8040,901c7f0cbf7701c66921c918e553d2ecfbb4df34,214eff45ec18eb45cfd5c7268f29911b46df97d7,0.03534519672393799
8041,901c7f0cbf7701c66921c918e553d2ecfbb4df34,5b43b58ae00d6746ccca82c16ca39ca34973c167,0.055869922041893005
8042,901c7f0cbf7701c66921c918e553d2ecfbb4df34,090ab6c395c010ced449b540c425a6a2835647a6,0.03055628575384617
8043,901c7f0cbf7701c66921c918e553d2ecfbb4df34,2f813885f3ac7be62894b182fa3c5d7a8226a480,-0.02598128840327263
8044,901c7f0cbf7701c66921c918e553d2ecfbb4df34,419ee304092445c8e2de26229bc93ffca51e751b,0.02024971693754196
8045,901c7f0cbf7701c66921c918e553d2ecfbb4df34,27eaf1c2047fba8a71540496d59f3fec9b7f46bb,0.0017185905016958714
8046,901c7f0cbf7701c66921c918e553d2ecfbb4df34,1acd0d579869d6ff8274da61a924178b31a8aedd,0.0016309218481183052
8047,901c7f0cbf7701c66921c918e553d2ecfbb4df34,af25339054a73263643742ddd1468c8426592803,0.0036617349833250046
8048,901c7f0cbf7701c66921c918e553d2ecfbb4df34,aca8059854b85bef137ac4ded96f743a6b097d2d,-0.007676452398300171
8049,901c7f0cbf7701c66921c918e553d2ecfbb4df34,836e9643c4e31171d4b653c0ecb1cb82ad714b48,0.020500825718045235
8050,901c7f0cbf7701c66921c918e553d2ecfbb4df34,904dbf0173ad1ad4e718d77d142476cfd9430193,0.028180409222841263
8051,901c7f0cbf7701c66921c918e553d2ecfbb4df34,6fdbf20f50dfd6276d9b89e494f86fbcc7b0b9b7,-0.02553452178835869
8052,901c7f0cbf7701c66921c918e553d2ecfbb4df34,3c66a7edbe21812702e55a37677716d87de01018,-0.04010028392076492
8053,59e2037f5079794cb9128c7f0900a568ced14c2a,04c2cda00e5536f4b1508cbd80041e9552880e67,0.5129643678665161
8054,59e2037f5079794cb9128c7f0900a568ced14c2a,03684e4a57d2c33e0ed219cad9e3b180175f2464,0.477095365524292
8055,59e2037f5079794cb9128c7f0900a568ced14c2a,30ea6c4991ceabc8d197ccff3e45fb0a00a3f6c5,0.428335964679718
8056,59e2037f5079794cb9128c7f0900a568ced14c2a,09fa54f1ab7aaa83124d2415bfc6eb51e4b1f081,0.4034896790981293
8057,59e2037f5079794cb9128c7f0900a568ced14c2a,fc5f08a4e4ef0f63d0091377fa2c649e68f0c5fd,0.3686349391937256
8058,59e2037f5079794cb9128c7f0900a568ced14c2a,11757f6404965892e02c8c49c5665e2b25492bec,0.2907620072364807
8059,59e2037f5079794cb9128c7f0900a568ced14c2a,9154ea2ddc06a0ffd0d5909520495ac16a467a64,0.2325899600982666
8060,59e2037f5079794cb9128c7f0900a568ced14c2a,324608bf8fecc064bc491da21291465ab42fa6b6,0.2724762260913849
8061,59e2037f5079794cb9128c7f0900a568ced14c2a,1fdfa103b31c17be922050972a49414cead951f5,0.1370779275894165
8062,59e2037f5079794cb9128c7f0900a568ced14c2a,a8da9412b4a2a15a3124be06c4c37ad98f8f02d2,0.1462133377790451
8063,59e2037f5079794cb9128c7f0900a568ced14c2a,9b23769aa313e4c7adc75944a5da1eb4eafb8395,0.12278424948453903
8064,59e2037f5079794cb9128c7f0900a568ced14c2a,61c648e162dad3bd154d429b3e5cec601efa4a28,0.09535256028175354
8065,59e2037f5079794cb9128c7f0900a568ced14c2a,808d7f0e5385210422751f1a9a6fd0f07cda647d,0.09900519251823425
8066,59e2037f5079794cb9128c7f0900a568ced14c2a,5664a4ca240ca67d4846bcafb332a5f67e1a9791,0.09318172931671143
8067,59e2037f5079794cb9128c7f0900a568ced14c2a,53730790a77a31794a72b334a14f4691a16b87ba,0.07187557965517044
8068,59e2037f5079794cb9128c7f0900a568ced14c2a,fb80d858f0b3832d67c6aafaf5426c787198e492,0.051684796810150146
8069,59e2037f5079794cb9128c7f0900a568ced14c2a,d9c4b1ca997583047a8721b7dfd9f0ea2efdc42c,0.04595527797937393
8070,59e2037f5079794cb9128c7f0900a568ced14c2a,149bf28af91cadf2cd933bd477599cca40f55ccd,0.0340636670589447
8071,59e2037f5079794cb9128c7f0900a568ced14c2a,1e77175db11664a18b6b6e3cac4cf5c90e7cb4b5,0.04283571615815163
8072,59e2037f5079794cb9128c7f0900a568ced14c2a,f3399ba97e3bc8ea29967c5e42eb669edc8d9e59,0.054490625858306885
8073,59e2037f5079794cb9128c7f0900a568ced14c2a,2f92b10acf7c405e55c74c1043dabd9ded1b1800,-0.00292215496301651
8074,59e2037f5079794cb9128c7f0900a568ced14c2a,6c0e967829480c4eb85800d5750300337fecdd7c,0.012468848377466202
8075,59e2037f5079794cb9128c7f0900a568ced14c2a,d381709212dccf397284eee54a1e3010a4ef777f,0.012099694460630417
8076,59e2037f5079794cb9128c7f0900a568ced14c2a,7d2e36f1eb09cbff2f9f5c942e538a964464b15e,0.013838929124176502
8077,59e2037f5079794cb9128c7f0900a568ced14c2a,2006f8d01395dab714bdcdcfd1cebbe6d6276e35,-0.01890890672802925
8078,59e2037f5079794cb9128c7f0900a568ced14c2a,4d4e151bf5738fa2b6a8ef9ac4e66cfe5179cd5f,-0.03955398499965668
8079,59e2037f5079794cb9128c7f0900a568ced14c2a,c6894120a6475bdee28770300a335638308e4f3e,-0.04119458794593811
8080,59e2037f5079794cb9128c7f0900a568ced14c2a,7fbf4458d5c19ec29b282f89bcb9110dc6ca89fc,-0.07480676472187042
8081,59e2037f5079794cb9128c7f0900a568ced14c2a,5e1059a5ae0dc94e83a269b8d5c0763d1e6851e2,-0.05136622488498688
8082,59e2037f5079794cb9128c7f0900a568ced14c2a,07cb8b9386778b158f879ee36a902f04dbf33bd6,-0.08150534331798553
8083,6ae4d0b388aa9262e80c3eedc1cb3e5f06842368,0b8651737442ec30052724a68e85fefc4c941970,0.7217448949813843
8084,6ae4d0b388aa9262e80c3eedc1cb3e5f06842368,9fe265de1cfab7a97b5efd81d7d42b386b15f2b9,0.5791759490966797
8085,6ae4d0b388aa9262e80c3eedc1cb3e5f06842368,3c1f860a678f3f6f33f2cbfdfa7dfc7119a57a00,0.5288522243499756
8086,6ae4d0b388aa9262e80c3eedc1cb3e5f06842368,0c90a3d183dc5f467c692fb7cbf60303729c8078,0.5385337471961975
8087,6ae4d0b388aa9262e80c3eedc1cb3e5f06842368,844f1a88efc648b5c604c0a098b5c49f3fea4139,0.573094367980957
8088,6ae4d0b388aa9262e80c3eedc1cb3e5f06842368,1a68d1fb23fd11649c111a3c374f2c3d3ef4c09e,0.3607272803783417
8089,6ae4d0b388aa9262e80c3eedc1cb3e5f06842368,3eb54c38421009eac93c667b303afdd1e5544fce,0.319621741771698
8090,6ae4d0b388aa9262e80c3eedc1cb3e5f06842368,8c1351ff77f34a5a6e11be81a995e3faf862931b,0.20645001530647278
8091,6ae4d0b388aa9262e80c3eedc1cb3e5f06842368,6c4917342e7c81c09b28a4cd4e7575b4e9b176bf,0.20979061722755432
8092,6ae4d0b388aa9262e80c3eedc1cb3e5f06842368,504054b182fc4d028c430e74a51b2d6ac2c43f64,0.17384259402751923
8093,6ae4d0b388aa9262e80c3eedc1cb3e5f06842368,7f481f1a5fac3a49ee8b2f1bfa7e5f2f8eda3085,0.12513002753257751
8094,6ae4d0b388aa9262e80c3eedc1cb3e5f06842368,4f58366300e6031ece7b770d3cc7ecdd019ca440,0.06828725337982178
8095,6ae4d0b388aa9262e80c3eedc1cb3e5f06842368,70666e2ecb5fd35af9adeccae0e2ef765cf149fe,0.07942289113998413
8096,6ae4d0b388aa9262e80c3eedc1cb3e5f06842368,fc1f88e48ab29a1fa21f1e7d73f47c270353de59,0.04957994073629379
8097,6ae4d0b388aa9262e80c3eedc1cb3e5f06842368,92bb6791f0e8bc2dd0874f09930b6a7ff990827d,0.0948280617594719
8098,6ae4d0b388aa9262e80c3eedc1cb3e5f06842368,f43c1aee5382bb6fe9c92c54767218d954016e0c,0.04595508798956871
8099,6ae4d0b388aa9262e80c3eedc1cb3e5f06842368,27266a1dd3854e4effe41b9a3c0e569d33004a33,0.062193140387535095
8100,6ae4d0b388aa9262e80c3eedc1cb3e5f06842368,7dd434b3799a6c8c346a1d7ee77d37980a4ef5b9,0.05088504031300545
8101,6ae4d0b388aa9262e80c3eedc1cb3e5f06842368,34001fa75ba229639dc251fb1714a6bc2dfb76b3,0.06608462333679199
8102,6ae4d0b388aa9262e80c3eedc1cb3e5f06842368,2aa5aaddbb367e477ba3bed67ce780f30e055279,-0.0026669614017009735
8103,6ae4d0b388aa9262e80c3eedc1cb3e5f06842368,87a1273dea59e3748372c5ea69488d70e9125046,0.032212890684604645
8104,6ae4d0b388aa9262e80c3eedc1cb3e5f06842368,2d6d67ec52505e890f777900e9de4e5fa827ebd7,0.010745059698820114
8105,6ae4d0b388aa9262e80c3eedc1cb3e5f06842368,72663b8c32a4ee99da679366868ca4de863c3ba4,-0.015356643125414848
8106,6ae4d0b388aa9262e80c3eedc1cb3e5f06842368,43dcd8b78857cbfe58ae684c44dd57c8c72368c3,-0.0019629839807748795
8107,6ae4d0b388aa9262e80c3eedc1cb3e5f06842368,fa92af436a7d04fcccc025fdedde4039d19df42f,-0.02040334790945053
8108,6ae4d0b388aa9262e80c3eedc1cb3e5f06842368,8045f9b48d3e848861620f86a4f7add0ad919556,-0.029324686154723167
8109,6ae4d0b388aa9262e80c3eedc1cb3e5f06842368,4c790c71219f6be248a3d426347bf7c4e3a0a6c4,-0.04378689080476761
8110,6ae4d0b388aa9262e80c3eedc1cb3e5f06842368,e7d3bd1df77c30b8db6a9a9c83692aa54d21e12a,-0.0301064420491457
8111,6ae4d0b388aa9262e80c3eedc1cb3e5f06842368,4daa0a41e8d3049cc40fb9804f22318d5302abc1,-0.03785457834601402
8112,6ae4d0b388aa9262e80c3eedc1cb3e5f06842368,eb596f7a723c955387ef577ba6bf8817cd3ebdc1,-0.07771764695644379
8113,cb3d6142bfa0938aa6f8cb86697c40a7837c08f0,b0b811b73cd857913dcaf4858a520150cacbeb6a,0.6142843961715698
8114,cb3d6142bfa0938aa6f8cb86697c40a7837c08f0,0da40aa1c4a60cc1457a08fbd9c2f46429872854,0.6218130588531494
8115,cb3d6142bfa0938aa6f8cb86697c40a7837c08f0,2441e05dbaf5bff5e5d10c925d682a2d13282809,0.5647834539413452
8116,cb3d6142bfa0938aa6f8cb86697c40a7837c08f0,f580c5fc2719fb1cfe90d7f270ae22068074f7f3,0.43726110458374023
8117,cb3d6142bfa0938aa6f8cb86697c40a7837c08f0,9ba0024271135de5f1b99d1e1174b80505e19d6f,0.4926048219203949
8118,cb3d6142bfa0938aa6f8cb86697c40a7837c08f0,b9eaf65730ae6fbb81c8c86145a6c92f6d406efc,0.23334486782550812
8119,cb3d6142bfa0938aa6f8cb86697c40a7837c08f0,cc5d6addb376bfcc9f9c4e1c31b853c7981118ab,0.2075779139995575
8120,cb3d6142bfa0938aa6f8cb86697c40a7837c08f0,d2db29517228559cb8cb7f880b2fb9bf776bf172,0.15004651248455048
8121,cb3d6142bfa0938aa6f8cb86697c40a7837c08f0,3c88ff2def05e00d909f3156e8ec26c184399716,0.1551690548658371
8122,cb3d6142bfa0938aa6f8cb86697c40a7837c08f0,3c58d89bb6693ccdd7673c0323a7c7b472e878ae,0.12882742285728455
8123,cb3d6142bfa0938aa6f8cb86697c40a7837c08f0,5400daa7c04f4dd144d7eab0d75f8a6f412c6763,0.0756102129817009
8124,cb3d6142bfa0938aa6f8cb86697c40a7837c08f0,407e4b401395682b15c431347ec9b0f88ceec04b,0.09829157590866089
8125,cb3d6142bfa0938aa6f8cb86697c40a7837c08f0,f56edb6f2bf4f5bc9d54284289212b8d4a437c1b,0.0472528375685215
8126,cb3d6142bfa0938aa6f8cb86697c40a7837c08f0,3dd0c3eb91cadf5890186d967e57f654f3b82669,0.07058556377887726
8127,cb3d6142bfa0938aa6f8cb86697c40a7837c08f0,a67aee51099bfb27b566d06614a38962ecb1b3da,0.05625830590724945
8128,cb3d6142bfa0938aa6f8cb86697c40a7837c08f0,4ec6bd672aaaa075b42a751099eb9317857e6e0c,0.11547340452671051
8129,cb3d6142bfa0938aa6f8cb86697c40a7837c08f0,0668aba8199335b347a5c8d0cdd8e75cb7cd6122,0.04183989018201828
8130,cb3d6142bfa0938aa6f8cb86697c40a7837c08f0,d901928c31d8ccdb12a5a08600be3c2ed10c97c8,0.06314600259065628
8131,cb3d6142bfa0938aa6f8cb86697c40a7837c08f0,81dbf427ba087cf3a0f22b59e74d049f881bbbee,0.01574057899415493
8132,cb3d6142bfa0938aa6f8cb86697c40a7837c08f0,07b27e79099f00a8d50f9e529e6b325ed827ead2,-0.011913752183318138
8133,cb3d6142bfa0938aa6f8cb86697c40a7837c08f0,d8a63c0729bcef4fd1d41dc0e723620e48fbdc7d,0.04044879227876663
8134,cb3d6142bfa0938aa6f8cb86697c40a7837c08f0,28d50600bebe281b055fbbb49a6eb9b3acb2b7cf,0.040878962725400925
8135,cb3d6142bfa0938aa6f8cb86697c40a7837c08f0,c72f7deac690472f87307018a67c90661cd1312e,0.02779892086982727
8136,cb3d6142bfa0938aa6f8cb86697c40a7837c08f0,a07641e1ddb1c9ab907e4c269206343ce44e9168,0.01789945736527443
8137,cb3d6142bfa0938aa6f8cb86697c40a7837c08f0,7ab75fceb0b1c8601019ce9c491eba8d8b6ab07a,-0.004155905917286873
8138,cb3d6142bfa0938aa6f8cb86697c40a7837c08f0,4356893d96e116b8aedd918e243f8d165cce1da2,0.0004765894263982773
8139,cb3d6142bfa0938aa6f8cb86697c40a7837c08f0,9ba4e31bc3b5a2e50feccae168dafd64d9be1f69,-0.014950953423976898
8140,cb3d6142bfa0938aa6f8cb86697c40a7837c08f0,1f7d9319714b603d87762fa60e47b0bb40db25b5,0.0016668010503053665
8141,cb3d6142bfa0938aa6f8cb86697c40a7837c08f0,cbd50d36c92dd2e3e0dfd35e0521cc49cd92b20c,-0.05457887053489685
8142,cb3d6142bfa0938aa6f8cb86697c40a7837c08f0,b348a16fcac16f77bf13146d54b778a386c9558a,-0.06680130958557129
8143,53a124b727d34c56ff3fe335c24ff8ec975516be,289b94331d5bd1db7db112fcafac1a636bde5681,0.610662579536438
8144,53a124b727d34c56ff3fe335c24ff8ec975516be,0243cc5b1f6184dae12596e0a72398034f212047,0.4670327305793762
8145,53a124b727d34c56ff3fe335c24ff8ec975516be,d6002a6cc8b5fc2218754aed970aac91c8d8e7e9,0.44803139567375183
8146,53a124b727d34c56ff3fe335c24ff8ec975516be,0674c1e2fd78925a1baa6a28216ee05ed7b48ba0,0.3995184004306793
8147,53a124b727d34c56ff3fe335c24ff8ec975516be,2dcfc3c4e8680374ec3b1e81d1cf6cff84a8dd06,0.3515000343322754
8148,53a124b727d34c56ff3fe335c24ff8ec975516be,1f911ae809066d4a55598bce939a466de980b13b,0.2577626705169678
8149,53a124b727d34c56ff3fe335c24ff8ec975516be,fb332ec83c7b38bb63ba3094e9187dbec623d8b9,0.205712229013443
8150,53a124b727d34c56ff3fe335c24ff8ec975516be,d8094a2ba45e8ada8eea2663d5d707f335dc1ce0,0.2506425380706787
8151,53a124b727d34c56ff3fe335c24ff8ec975516be,6abdd60427f8cded23d09ecb653a54fa09bae66e,0.23551778495311737
8152,53a124b727d34c56ff3fe335c24ff8ec975516be,59d1f559070457ea647858d5ea6b57c26222cd3b,0.20031052827835083
8153,53a124b727d34c56ff3fe335c24ff8ec975516be,80777715ab53a193a043ebb78e2148d1614756c4,0.20446918904781342
8154,53a124b727d34c56ff3fe335c24ff8ec975516be,3fc1ce8c576408a944a4a9ed17cca32f11a38cae,0.14572513103485107
8155,53a124b727d34c56ff3fe335c24ff8ec975516be,e0057377a3c1b92b94854668e179ca06c3e39cc8,0.16078054904937744
8156,53a124b727d34c56ff3fe335c24ff8ec975516be,a862f658086c3cacf950f0a90380b98785577a44,0.10224379599094391
8157,53a124b727d34c56ff3fe335c24ff8ec975516be,87abb634b8a49aa964d071e46ca38e09c8855f12,0.13323234021663666
8158,53a124b727d34c56ff3fe335c24ff8ec975516be,9be787ea1c0a649656fcdbf2e9fe8a575f592d52,0.12255318462848663
8159,53a124b727d34c56ff3fe335c24ff8ec975516be,fed0a077e78329c5780c8afbac656fbae17a2f78,0.08980140835046768
8160,53a124b727d34c56ff3fe335c24ff8ec975516be,89999d39dc9a9763bbbc2a26fa56ce8a06db6974,0.04918289929628372
8161,53a124b727d34c56ff3fe335c24ff8ec975516be,63af4355721f417bc405886f383af096fbfe51b2,0.05138562619686127
8162,53a124b727d34c56ff3fe335c24ff8ec975516be,86b2a1b37ae0d4591dc9902138e9db8ea303fabf,0.02168004959821701
8163,53a124b727d34c56ff3fe335c24ff8ec975516be,a83eeab54761807cd058576373b4a6b857a58564,0.05499419942498207
8164,53a124b727d34c56ff3fe335c24ff8ec975516be,9e555a68567feca6ab716a812175ec36c414f178,-0.029328765347599983
8165,53a124b727d34c56ff3fe335c24ff8ec975516be,32a11508fcbbb64a9b427b57403dc1ad54b6d718,-0.02559380978345871
8166,53a124b727d34c56ff3fe335c24ff8ec975516be,2ff411d0af2b10d86f6e9da67bf99b0bbd8fa9c2,-0.004965793341398239
8167,53a124b727d34c56ff3fe335c24ff8ec975516be,19c1e37360ff59a3bbf7d20d8d184d1004f7a7b9,-0.028482787311077118
8168,53a124b727d34c56ff3fe335c24ff8ec975516be,17cdeca0150d68c583eaf749c86f47287e4ea6d5,-0.02908427268266678
8169,53a124b727d34c56ff3fe335c24ff8ec975516be,d538dad39b8ff0f9bbc2cfb1a6dffb6748344885,-0.021141648292541504
8170,53a124b727d34c56ff3fe335c24ff8ec975516be,9a5b3f24d1e17cd675cc95d5ebcf6cee8a4b4811,-0.027595095336437225
8171,53a124b727d34c56ff3fe335c24ff8ec975516be,6b13a159caebd098aa0f448ae24e541e58319a64,-0.07892882078886032
8172,53a124b727d34c56ff3fe335c24ff8ec975516be,8dd1a06b56b29f16b60a36450146c6c9aedb0175,-0.06583764404058456
8173,52412f3274acaa16a2d76d11d5e8eab643c0e63b,e6901330f1b056578cf2584420cecd01168b1761,0.5944895148277283
8174,52412f3274acaa16a2d76d11d5e8eab643c0e63b,cc611049fa1029230858ec62399b571cb40bfb71,0.5903201699256897
8175,52412f3274acaa16a2d76d11d5e8eab643c0e63b,32d31bdc147ee2ade8166b715bd381227c523f0a,0.5193403363227844
8176,52412f3274acaa16a2d76d11d5e8eab643c0e63b,0ae944eb32cdce405125f948b2eef2e7c0512fd3,0.5679870247840881
8177,52412f3274acaa16a2d76d11d5e8eab643c0e63b,cedeeccea19b851cdfa3cd8ce753226c2bf55dd8,0.7261666059494019
8178,52412f3274acaa16a2d76d11d5e8eab643c0e63b,2e813ed09b47aaca10209c00d00d6f65b08d2cdc,0.13836246728897095
8179,52412f3274acaa16a2d76d11d5e8eab643c0e63b,d09c99383a9d530943da36e4b56f73f22502e278,0.011139139533042908
8180,52412f3274acaa16a2d76d11d5e8eab643c0e63b,26b9db33bf020a4d145f248094280ba62ab853f9,0.032181307673454285
8181,52412f3274acaa16a2d76d11d5e8eab643c0e63b,c63a8640e5d426b1c8b0ca2ea45c20c265b3f2ad,-0.00612186873331666
8182,52412f3274acaa16a2d76d11d5e8eab643c0e63b,284387ee4657d761be893316a0d608c52fb018c5,-0.001775221899151802
8183,52412f3274acaa16a2d76d11d5e8eab643c0e63b,86cf4c859d34c84fefdd8d36e5ea8ab691948512,-0.010233260691165924
8184,52412f3274acaa16a2d76d11d5e8eab643c0e63b,42ca4c23233a346ee921427eaa53f7c85dd2ccf6,-0.02672296017408371
8185,52412f3274acaa16a2d76d11d5e8eab643c0e63b,ad86e63d5ed30ee4484b5d00c1742e93c9e45b49,-0.025853566825389862
8186,52412f3274acaa16a2d76d11d5e8eab643c0e63b,c413d55baf1ee96df29256a879e96daf4c2cc072,-0.025991147384047508
8187,52412f3274acaa16a2d76d11d5e8eab643c0e63b,de07b140f738b75f04532ecc149bdcf3bc1ee6af,-0.024510908871889114
8188,52412f3274acaa16a2d76d11d5e8eab643c0e63b,48a1aab13e5b36122bc1c22231fa39ad75175852,-0.015902284532785416
8189,52412f3274acaa16a2d76d11d5e8eab643c0e63b,c285e3f31cde88a3f80c8483edea712a8f02d334,-0.015091251581907272
8190,52412f3274acaa16a2d76d11d5e8eab643c0e63b,b8737d6ec1b033f6185e1da0f40a14fa44808d3f,-0.04659077525138855
8191,52412f3274acaa16a2d76d11d5e8eab643c0e63b,f86722f9181cbe0a75a60c12ea987b90adce7437,-0.06123631075024605
8192,52412f3274acaa16a2d76d11d5e8eab643c0e63b,749546a58a1d46335de785c41a3eae977e84a0df,-0.05008282512426376
8193,52412f3274acaa16a2d76d11d5e8eab643c0e63b,78d3b266e1dd981dd7c5eef6371393ea0d0983b2,-0.05827891826629639
8194,52412f3274acaa16a2d76d11d5e8eab643c0e63b,e77edecf23e7296cdec9a916249d7ae310324cba,-0.07254613935947418
8195,52412f3274acaa16a2d76d11d5e8eab643c0e63b,2902e0a4b12cf8269bb32ef6a4ebb3f054cd087e,-0.05601915717124939
8196,52412f3274acaa16a2d76d11d5e8eab643c0e63b,692cce8f39622626274bb260346e8f645c5e1310,-0.0840437039732933
8197,52412f3274acaa16a2d76d11d5e8eab643c0e63b,d83792571b14041714d3da73e2ca8f5fa59e638e,-0.10362101346254349
8198,52412f3274acaa16a2d76d11d5e8eab643c0e63b,8d06b2be191f8ea5e5db65ca1138566680e703f0,-0.06756182760000229
8199,52412f3274acaa16a2d76d11d5e8eab643c0e63b,65dc6382c7e7c8d8a96e19db9235f4884f642bb0,-0.08147911727428436
8200,52412f3274acaa16a2d76d11d5e8eab643c0e63b,9f6fe58a9e1b306ad9c89f36698bb8afd78413a9,-0.10273990035057068
8201,52412f3274acaa16a2d76d11d5e8eab643c0e63b,755908791b97686e9646b773e56f22637d9209ac,-0.13434025645256042
8202,52412f3274acaa16a2d76d11d5e8eab643c0e63b,6b8fdca2795732ad591a8c247b2dfc89ce9b4c33,-0.15875959396362305
8203,4b450424be82fccb46a97bdad24a44f547d604d9,2704a9af1b368e2b68b0fe022b2fd48b8c7c25cc,0.6230086088180542
8204,4b450424be82fccb46a97bdad24a44f547d604d9,173443511c450bd8f61e3d1122982f74c94147ae,0.3815953731536865
8205,4b450424be82fccb46a97bdad24a44f547d604d9,b9bb5f4dec8e7cb9974a2eb6ad558d919d0ebe9c,0.29408133029937744
8206,4b450424be82fccb46a97bdad24a44f547d604d9,4a96fbbfba14bb9237948286b9bfacf97f059576,0.23644617199897766
8207,4b450424be82fccb46a97bdad24a44f547d604d9,144de7e34f091e9e622114f1cf59c09e26cb32ac,0.2196314036846161
8208,4b450424be82fccb46a97bdad24a44f547d604d9,197ef20f1c652589da145a625093e8b31082c470,0.2530827522277832
8209,4b450424be82fccb46a97bdad24a44f547d604d9,104f1e76b653386c38b4a0bd535ad08c4a651832,0.23081597685813904
8210,4b450424be82fccb46a97bdad24a44f547d604d9,3cf0b2fa44c38feb0276d22e93f2719889b0667a,0.25263383984565735
8211,4b450424be82fccb46a97bdad24a44f547d604d9,9f0f1f373cabdf5f232d490990b5cf03e110349a,0.18588106334209442
8212,4b450424be82fccb46a97bdad24a44f547d604d9,7606f448d1ad155bb6d61aed0aa2e1b22723f4db,0.18847545981407166
8213,4b450424be82fccb46a97bdad24a44f547d604d9,64b3435826a94ddd269b330e6254579f3244f214,0.4570145606994629
8214,4b450424be82fccb46a97bdad24a44f547d604d9,9b84fa56b2eb41a67d32adf06942fcb50665f326,0.16253399848937988
8215,4b450424be82fccb46a97bdad24a44f547d604d9,ba6419a7a4404174ba95a53858632617c47cfff0,0.5335618257522583
8216,4b450424be82fccb46a97bdad24a44f547d604d9,27d9d71afb06ea5d4295fbdcc7cd67e491d50cc4,0.3526685833930969
8217,4b450424be82fccb46a97bdad24a44f547d604d9,9467791cf63d3c8bf6e92c1786c91c9cf86ba256,0.10253790020942688
8218,4b450424be82fccb46a97bdad24a44f547d604d9,1bfce3f5a992223f7d0d0149e401d4b7fb35702d,0.1186179667711258
8219,4b450424be82fccb46a97bdad24a44f547d604d9,b2bad87690428fc5479d2d63ed928ab68449c672,0.09511673450469971
8220,4b450424be82fccb46a97bdad24a44f547d604d9,37357230347ed6ed8912a09c7ba4c35260e84e4c,0.05641309171915054
8221,4b450424be82fccb46a97bdad24a44f547d604d9,9a6258dd41d81db3320cfe0b88911489d1ee23f0,0.08062736690044403
8222,4b450424be82fccb46a97bdad24a44f547d604d9,b770794840edef3dc6a36fd9d55f0cf491bec42b,0.05752066895365715
8223,4b450424be82fccb46a97bdad24a44f547d604d9,0fb54f54cd7427582fdb2a8da46d42884c7f417a,0.08364178240299225
8224,4b450424be82fccb46a97bdad24a44f547d604d9,35c867252b0a105339acced5cdde4d2b9fb49b54,0.07878896594047546
8225,4b450424be82fccb46a97bdad24a44f547d604d9,19db9eb3a43dfbe5d45a70f65ef1fe39b1c1688c,0.04848180711269379
8226,4b450424be82fccb46a97bdad24a44f547d604d9,2d6a600e03e2ac7ae18fe2623c770878394814d6,0.05444975569844246
8227,4b450424be82fccb46a97bdad24a44f547d604d9,f1aaee5f263dd132f7efbdcb6988ec6dbf8de165,0.06607063859701157
8228,4b450424be82fccb46a97bdad24a44f547d604d9,e62622831d968d7bf9440c0ea04252e46a649da6,0.019761741161346436
8229,4b450424be82fccb46a97bdad24a44f547d604d9,97ceffb21ea6e2028eafe797d813fa643f255ee5,-0.018997324630618095
8230,4b450424be82fccb46a97bdad24a44f547d604d9,10b37a3018286dc787fd2cf25caae72f83035f10,-0.051944833248853683
8231,4b450424be82fccb46a97bdad24a44f547d604d9,e8e6ef5ad06082d6e57112e5ff8ac0a44ea94527,-0.05305580794811249
8232,4b450424be82fccb46a97bdad24a44f547d604d9,be52a712b18acf0d33c561c48691b9fe007b05e2,-0.05807778239250183
8233,ddbb6e0913ac127004be73e2d4097513a8f02d37,fa2603efaf717974c77162c93d800defae61a129,0.5848790407180786
8234,ddbb6e0913ac127004be73e2d4097513a8f02d37,a6f1dfcc44277d4cfd8507284d994c9283dc3a2f,0.5373857617378235
8235,ddbb6e0913ac127004be73e2d4097513a8f02d37,4ee0ad8e256523256c8d21790189388ed4beca7e,0.30147337913513184
8236,ddbb6e0913ac127004be73e2d4097513a8f02d37,b217788dd6d274ad391ee950e6f6a34033bd2fc7,0.35817068815231323
8237,ddbb6e0913ac127004be73e2d4097513a8f02d37,0d94a0a51cdecbdec81c97d2040ed28d3e9c96de,0.25474312901496887
8238,ddbb6e0913ac127004be73e2d4097513a8f02d37,86ba3c7141a9b9d22293760d7c96e68074f4ef65,0.222746342420578
8239,ddbb6e0913ac127004be73e2d4097513a8f02d37,cb7ff548490bbdbb3da4cc6eab8a3429f61f618d,0.19532528519630432
8240,ddbb6e0913ac127004be73e2d4097513a8f02d37,f88fc26bef96d2c430eb758f6e925824b82d8139,0.13311481475830078
8241,ddbb6e0913ac127004be73e2d4097513a8f02d37,9810d71b1051d421b068486548949d721ab84cd0,0.10083912312984467
8242,ddbb6e0913ac127004be73e2d4097513a8f02d37,450b9397f371e08dc775b81882fc536be73bb06d,0.07451030611991882
8243,ddbb6e0913ac127004be73e2d4097513a8f02d37,f01b4ef5e825cb73836c58a308ea6b7680cc5537,0.06354451179504395
8244,ddbb6e0913ac127004be73e2d4097513a8f02d37,21ac0c53e1df2ffea583e45c091b7f262e0a9533,0.04072268679738045
8245,ddbb6e0913ac127004be73e2d4097513a8f02d37,cffd812661ce822be4cf3735b7ac8bb79798b59c,0.04685743898153305
8246,ddbb6e0913ac127004be73e2d4097513a8f02d37,30d7e9fc1bc237864a505e8a30b33431a2a8aaa9,-0.008683748543262482
8247,ddbb6e0913ac127004be73e2d4097513a8f02d37,3fedbe4e3e0577c7e895d9c968f512a30aada47a,0.005891587119549513
8248,ddbb6e0913ac127004be73e2d4097513a8f02d37,2e7539ce290fae45acf5465739054e99fb6f5cc8,0.00592497643083334
8249,ddbb6e0913ac127004be73e2d4097513a8f02d37,71b5e96c643c31a3e2efd90e932ce2fa176a65e7,-0.019088631495833397
8250,ddbb6e0913ac127004be73e2d4097513a8f02d37,c93fe35d8888f296a095b906cca26ffac991aa75,-0.018534038215875626
8251,ddbb6e0913ac127004be73e2d4097513a8f02d37,8f50078de9d41bd756cb0dcb346a916cc9d50ce6,-0.012388762086629868
8252,ddbb6e0913ac127004be73e2d4097513a8f02d37,776584e054bd8ba1ff6c4906eb947fc0abb0abc3,-0.041309043765068054
8253,ddbb6e0913ac127004be73e2d4097513a8f02d37,809587390027486210dd5a6c78c52c4b1a20cc9f,-0.05679275467991829
8254,ddbb6e0913ac127004be73e2d4097513a8f02d37,b3cca6cf9b74f9ecdcf716864b957696e8d002e2,-0.025975069031119347
8255,ddbb6e0913ac127004be73e2d4097513a8f02d37,647cb3825baecb6fab8b098166d5a446f7711f9b,-0.031071320176124573
8256,ddbb6e0913ac127004be73e2d4097513a8f02d37,8c3930ca8183c9bf8f2bfbe112717df1475287b9,-0.06095123291015625
8257,ddbb6e0913ac127004be73e2d4097513a8f02d37,00ef4151ae7dfd201b326afbe9c112fac91f9872,-0.08159032464027405
8258,ddbb6e0913ac127004be73e2d4097513a8f02d37,aaa9d12640ec6f9d1d37333141c761c902d2d280,-0.09523917734622955
8259,ddbb6e0913ac127004be73e2d4097513a8f02d37,5c97f52213c3414b70b9f507619669dfcc1749f9,-0.10937445610761642
8260,ddbb6e0913ac127004be73e2d4097513a8f02d37,10e6a38a158d6f2f6a9c12343847da78dd72c1f9,-0.11215829849243164
8261,ddbb6e0913ac127004be73e2d4097513a8f02d37,1b102e8fcf68da7b0d7da16b71a07376cba22f6d,-0.16459323465824127
8262,ca37fc11108b20534ac0341c7b1e5da911f37d4d,c99d36c9de8685052d2ebc4043510c2dafbbd166,0.6101815700531006
8263,ca37fc11108b20534ac0341c7b1e5da911f37d4d,3787980e3f4c2e0e20a08027ec1eff18b4fd0c0a,0.2927253842353821
8264,ca37fc11108b20534ac0341c7b1e5da911f37d4d,3b8e7c8220d3883d54960d896a73045f3c70ac17,0.27753347158432007
8265,ca37fc11108b20534ac0341c7b1e5da911f37d4d,5e214a2af786fadb419e9e169a252c6ca6e7d9f0,0.29061442613601685
8266,ca37fc11108b20534ac0341c7b1e5da911f37d4d,0b44fcbeea9415d400c5f5789d6b892b6f98daff,0.2813975214958191
8267,ca37fc11108b20534ac0341c7b1e5da911f37d4d,a86fed94c9d97e052d0ff84b2403b10200280c6b,0.1964350938796997
8268,ca37fc11108b20534ac0341c7b1e5da911f37d4d,c2505e3f0e19d50bdd418ca9becf8cbb08f61dc1,0.24496856331825256
8269,ca37fc11108b20534ac0341c7b1e5da911f37d4d,a287d39c42eb978e379ee79011f4441ee7de96be,0.1738002896308899
8270,ca37fc11108b20534ac0341c7b1e5da911f37d4d,88a4f9ab70cdb9aea823d76e54d08c28a17ee501,0.1537371277809143
8271,ca37fc11108b20534ac0341c7b1e5da911f37d4d,c3deb9745320563d5060e568aeb294469f6582f6,0.13220347464084625
8272,ca37fc11108b20534ac0341c7b1e5da911f37d4d,706606976857357247e2c1872abbeb9bfe022065,0.09461019188165665
8273,ca37fc11108b20534ac0341c7b1e5da911f37d4d,15684058d73560590931596da9208804c2e14884,0.06704413890838623
8274,ca37fc11108b20534ac0341c7b1e5da911f37d4d,cb0618d4566b71ec0ea928d35899745fe36d501d,0.07656019926071167
8275,ca37fc11108b20534ac0341c7b1e5da911f37d4d,876ba98cfa676430933057be8ffbe61d5d83335a,0.08322848379611969
8276,ca37fc11108b20534ac0341c7b1e5da911f37d4d,3e7c554b435525b50b558a05486148376af04ccb,0.07519087195396423
8277,ca37fc11108b20534ac0341c7b1e5da911f37d4d,35c92fe4f113f09cfbda873231ca51cdce8d995a,0.032437533140182495
8278,ca37fc11108b20534ac0341c7b1e5da911f37d4d,5c0edc899359a69c3769da238491f93e7a2f6d6d,0.06454338133335114
8279,ca37fc11108b20534ac0341c7b1e5da911f37d4d,f48ec0076b6d07ffb68c52d457947695310f161b,0.030523985624313354
8280,ca37fc11108b20534ac0341c7b1e5da911f37d4d,01dc8e05ad9590b3a1bf2f42226123c7da4b9fd1,0.06317698955535889
8281,ca37fc11108b20534ac0341c7b1e5da911f37d4d,1e7efea26cfbbcd2905d63451e77a02f1031ea12,0.04216168075799942
8282,ca37fc11108b20534ac0341c7b1e5da911f37d4d,14c4e4b83f936184875ba79e6df1ac10ec556bdd,-0.01766243204474449
8283,ca37fc11108b20534ac0341c7b1e5da911f37d4d,29968249a86aaa258aae95a9781d4d025b3c7658,0.004527588840574026
8284,ca37fc11108b20534ac0341c7b1e5da911f37d4d,147f0d86753413f65fce359a3a9b9a0503813b8c,-0.02322528511285782
8285,ca37fc11108b20534ac0341c7b1e5da911f37d4d,585dcc735dc74e50c7a39f3c02f5ed36f3ef8fd1,-0.0320894718170166
8286,ca37fc11108b20534ac0341c7b1e5da911f37d4d,db2e6623c8c0f42e29baf066f4499015c8397dae,-0.012007281184196472
8287,ca37fc11108b20534ac0341c7b1e5da911f37d4d,7b7b0b0239072d442e0620a2801c47036ae05251,-0.01573806256055832
8288,ca37fc11108b20534ac0341c7b1e5da911f37d4d,6d41c259fe6588681194f0ba22d26a11ebd5ce3d,-0.06748297810554504
8289,ca37fc11108b20534ac0341c7b1e5da911f37d4d,28e0c6088cf444e8694e511148a8f19d9feaeb44,-0.022001322358846664
8290,ca37fc11108b20534ac0341c7b1e5da911f37d4d,e5b8caf98c9746525c0b34bd89bf35f431040920,-0.11948883533477783
8291,ca37fc11108b20534ac0341c7b1e5da911f37d4d,c27af6bc9d274a4e95cddb5e5ed61dee05c1ed76,-0.10340742021799088
8292,fd65ca4e3ae95302f74bf863988cdb95d6a12824,a474b149717cb37d6c507395ba27844a92889939,0.6716227531433105
8293,fd65ca4e3ae95302f74bf863988cdb95d6a12824,3f168efed1bc3d97c0f7ddb2f3e79f2eb230bafa,0.5767406225204468
8294,fd65ca4e3ae95302f74bf863988cdb95d6a12824,782f2b8924ed5104b42308a0565429747780f0c2,0.601364016532898
8295,fd65ca4e3ae95302f74bf863988cdb95d6a12824,002a8b9ef513d46dc8dcce85c04a87ae6a221b4c,0.2680208086967468
8296,fd65ca4e3ae95302f74bf863988cdb95d6a12824,47918c5bece63d7a6cd9574c37c2b17114a5f87e,0.2350190132856369
8297,fd65ca4e3ae95302f74bf863988cdb95d6a12824,d9bfaf51cf9894657b814adfb342ff25948877e0,0.14704178273677826
8298,fd65ca4e3ae95302f74bf863988cdb95d6a12824,042f8effa0841dca3a41b58fab12f0fd8e3f9ccb,0.2158592790365219
8299,fd65ca4e3ae95302f74bf863988cdb95d6a12824,0911bcf6bfff20a84a56b9d448bcb3d72a1eb093,0.15506987273693085
8300,fd65ca4e3ae95302f74bf863988cdb95d6a12824,37bf8fa510083fadc50ef3a52e4b8c10fa0531dd,0.1502750813961029
8301,fd65ca4e3ae95302f74bf863988cdb95d6a12824,87adf3d8f3f935dc982e91951dd5730fb1559d90,0.15357106924057007
8302,fd65ca4e3ae95302f74bf863988cdb95d6a12824,e6b7c15bba47ec33771eda5e22c747a8a093b9b5,0.14638714492321014
8303,fd65ca4e3ae95302f74bf863988cdb95d6a12824,f1eb886a9e3d2a74cdce442bfdef4c0341d697c8,0.02925325371325016
8304,fd65ca4e3ae95302f74bf863988cdb95d6a12824,9746994d09b5bf6c40bee3693ee8678e191f84b8,0.1142791211605072
8305,fd65ca4e3ae95302f74bf863988cdb95d6a12824,17a4b08d28ca23e6a077abd427aa88f70fec8c3e,0.11815274506807327
8306,fd65ca4e3ae95302f74bf863988cdb95d6a12824,a494191eed61da992579d67412d504f5b3104816,0.042269911617040634
8307,fd65ca4e3ae95302f74bf863988cdb95d6a12824,591565e123518cc04748649d0b028d5326eafc5f,0.05077710002660751
8308,fd65ca4e3ae95302f74bf863988cdb95d6a12824,f3e36b7e24b71129480321ecd8cfd81c8d5659b9,0.06447464972734451
8309,fd65ca4e3ae95302f74bf863988cdb95d6a12824,211b00d62a9299880fefbbb6251254cb685b7810,-0.011310437694191933
8310,fd65ca4e3ae95302f74bf863988cdb95d6a12824,23ec90b7f51ebb1a290a760ed9b9ebfe8ba68eb6,0.04268397018313408
8311,fd65ca4e3ae95302f74bf863988cdb95d6a12824,0c37d48d2bb1bd6c63a9b5c57da37609d03900b0,0.020105771720409393
8312,fd65ca4e3ae95302f74bf863988cdb95d6a12824,8f0c8df7a81d53d7227c2eea6552c9cd4b1a846d,0.02501031383872032
8313,fd65ca4e3ae95302f74bf863988cdb95d6a12824,ed0a72c00b56a1c9fe9e9151211021f7d4ad4f47,-0.025426845997571945
8314,fd65ca4e3ae95302f74bf863988cdb95d6a12824,b3bcbbe5b6a7f477b4277b3273f999721dba30ef,-0.020377855747938156
8315,fd65ca4e3ae95302f74bf863988cdb95d6a12824,f9b7cb13eee257a67a5a8049f22580152873c0a4,-0.05041225999593735
8316,fd65ca4e3ae95302f74bf863988cdb95d6a12824,0bfb9311d006ed6b520f4afbd349b9bacca88000,-0.0473610982298851
8317,fd65ca4e3ae95302f74bf863988cdb95d6a12824,803b70098fe8e6c84bb266e8f2abb23d785cc46b,-0.03404049575328827
8318,fd65ca4e3ae95302f74bf863988cdb95d6a12824,52ed13d4b686fa236ca4e999b7ec533431dfbfee,-0.031626470386981964
8319,fd65ca4e3ae95302f74bf863988cdb95d6a12824,e936c90b2ca8f65dcad86ad4946ebb4bfaa8e909,-0.02366068586707115
8320,fd65ca4e3ae95302f74bf863988cdb95d6a12824,87182a9e818ec5cc093c28cbba0ff32fc6bf40b0,-0.06053782254457474
8321,fd65ca4e3ae95302f74bf863988cdb95d6a12824,709df9cb0574f1ff3cb3302c904db38365040fa8,-0.07677624374628067
8322,c52a6f0bfca069a0a083ddbc60a3b0d782067cbd,76a92112bceaf9c77acb2a77245ee2cfa478bddd,0.32504966855049133
8323,c52a6f0bfca069a0a083ddbc60a3b0d782067cbd,a9fa678efd18d22223ae345756857f90250e3aa5,0.2897922396659851
8324,c52a6f0bfca069a0a083ddbc60a3b0d782067cbd,46d9b965c7084fd6440a67777b93dc23a5f598e5,0.34716594219207764
8325,c52a6f0bfca069a0a083ddbc60a3b0d782067cbd,de1a87431309ff9e9d3bce7fb0b2f3b1a62b45e3,0.20248237252235413
8326,c52a6f0bfca069a0a083ddbc60a3b0d782067cbd,513969abb237d2e33e05bbc562488d53173ecf17,0.10869449377059937
8327,c52a6f0bfca069a0a083ddbc60a3b0d782067cbd,1c2d39eee9816982c5edaa6d945d39cb1bde339e,0.1565924882888794
8328,c52a6f0bfca069a0a083ddbc60a3b0d782067cbd,774f7b50e3901664caa66463cdb3af410c3440ad,0.15033143758773804
8329,c52a6f0bfca069a0a083ddbc60a3b0d782067cbd,72bf9c5787d7ff56a1697a3389f11d14654b4fcf,0.13423468172550201
8330,c52a6f0bfca069a0a083ddbc60a3b0d782067cbd,a66ac9c27be015b1432e0844fd8205f7600e9046,0.11423797160387039
8331,c52a6f0bfca069a0a083ddbc60a3b0d782067cbd,0d1fd04c0dec97bd0b1c4deeba21b8833f792651,0.10297483205795288
8332,c52a6f0bfca069a0a083ddbc60a3b0d782067cbd,f06fb35972f67d6d321ebb7eda7a8894d133af3c,0.09097981452941895
8333,c52a6f0bfca069a0a083ddbc60a3b0d782067cbd,b0755b87f517810a904ef0d847426725f6d4126b,0.06241447478532791
8334,c52a6f0bfca069a0a083ddbc60a3b0d782067cbd,e037fe8715debddd8bd32cba48aaa980bdd6a68e,0.0309681948274374
8335,c52a6f0bfca069a0a083ddbc60a3b0d782067cbd,c3afdd2730dabd5ebac75a2cffce70e84a2a13ce,0.0862756296992302
8336,c52a6f0bfca069a0a083ddbc60a3b0d782067cbd,6448ff6d8b4aa370969342ccc78004eb6266b10b,0.05491413548588753
8337,c52a6f0bfca069a0a083ddbc60a3b0d782067cbd,1ec59aece51a698bce34f393cf6474b926fd89ad,0.054491858929395676
8338,c52a6f0bfca069a0a083ddbc60a3b0d782067cbd,d6b5767a7329a65a68df34650b2ced2988a0fb14,0.047522205859422684
8339,c52a6f0bfca069a0a083ddbc60a3b0d782067cbd,a5b1aec261cc7e7e1bb0a6fedef7cf6a86d871d4,0.031144334003329277
8340,c52a6f0bfca069a0a083ddbc60a3b0d782067cbd,025ca3bba0c4ddf946c60a597bedd85bf962f5e6,0.03503299504518509
8341,c52a6f0bfca069a0a083ddbc60a3b0d782067cbd,b117e3ab62ce5a405428bd3b9f76afd1293e0c85,0.04304424673318863
8342,c52a6f0bfca069a0a083ddbc60a3b0d782067cbd,95240b1df285f86a1bd9df1daaf6140ef46f0fcb,0.04806280508637428
8343,c52a6f0bfca069a0a083ddbc60a3b0d782067cbd,19c3736da5116e0e80a64db35afe421663c4b4a8,0.020908543840050697
8344,c52a6f0bfca069a0a083ddbc60a3b0d782067cbd,f3c8439de032f3b0cb62940d55e2db811cae4de8,-0.010240625590085983
8345,c52a6f0bfca069a0a083ddbc60a3b0d782067cbd,20824179b18f2812f9cd1c98ca65bf2be5cc8bd5,-0.01991221122443676
8346,c52a6f0bfca069a0a083ddbc60a3b0d782067cbd,c13df80b0c2e3cf75f7617ec5c7d146ab97cff7e,-0.04349932819604874
8347,c52a6f0bfca069a0a083ddbc60a3b0d782067cbd,3aa4a74523ba0babec3311614fc3147f85bdf733,-0.06655006855726242
8348,c52a6f0bfca069a0a083ddbc60a3b0d782067cbd,9c14d9b3a717ed4e9bd006da3ec8bd38b69b40dd,-0.05314440280199051
8349,c52a6f0bfca069a0a083ddbc60a3b0d782067cbd,2fcda810f3f43cd1aaeea04782ae4234cb61a3f8,-0.03615374490618706
8350,c52a6f0bfca069a0a083ddbc60a3b0d782067cbd,8fbc8880696464e05561e5f5737c2df4b9f53e35,-0.05852234363555908
8351,c52a6f0bfca069a0a083ddbc60a3b0d782067cbd,ea0cb20d5f71c937abc20b00391141bf12cc6fd5,-0.06193375214934349
8352,c64c8f5f2803fbecd670b303387aa7074dd94997,7e98801ab0b438115ea4d86fdd4babe7ae178561,0.6615383625030518
8353,c64c8f5f2803fbecd670b303387aa7074dd94997,09194121d81be3783fa1719afe51a7056f04e309,0.5110080242156982
8354,c64c8f5f2803fbecd670b303387aa7074dd94997,2ab7edaf2113f8bb1e8cd6431dafbc1c708a9a18,0.4509952962398529
8355,c64c8f5f2803fbecd670b303387aa7074dd94997,d967d9550f831a8b3f5cb00f8835a4c866da60ad,0.6953343152999878
8356,c64c8f5f2803fbecd670b303387aa7074dd94997,c8a04d0cbb9f70e86800b11b594c9a05d7b6bac0,0.5293641090393066
8357,c64c8f5f2803fbecd670b303387aa7074dd94997,cb2ff27205b27b9fd95005a98facdf09a0d4759f,0.15015703439712524
8358,c64c8f5f2803fbecd670b303387aa7074dd94997,170e2f4778f975768aaa5e888349fc0cb23d576f,0.14210663735866547
8359,c64c8f5f2803fbecd670b303387aa7074dd94997,e51c0ba606e40c99b2a87f32728ba1e18c183540,0.17537778615951538
8360,c64c8f5f2803fbecd670b303387aa7074dd94997,298500897243b17fa2ebe7bde0a1b8ebc00ea07f,0.4309614896774292
8361,c64c8f5f2803fbecd670b303387aa7074dd94997,9f401bddfc5c1f859e6fcc347189553b788dd299,0.11159826815128326
8362,c64c8f5f2803fbecd670b303387aa7074dd94997,e632c5f594ca5fb71408ed15d08075b836a887dd,0.09770102798938751
8363,c64c8f5f2803fbecd670b303387aa7074dd94997,b224196347525fee20677711436b0e77bc51abc2,0.1397891789674759
8364,c64c8f5f2803fbecd670b303387aa7074dd94997,fb9d0839e3a0ef0e567878b016be83616ee0aa90,0.03338468074798584
8365,c64c8f5f2803fbecd670b303387aa7074dd94997,d4e974d68c36de92609fcffaa3ee11bbcbc9eb57,0.05239500850439072
8366,c64c8f5f2803fbecd670b303387aa7074dd94997,b095ddd10f9a4b8109799e3c229642e611417a6f,0.03066965378820896
8367,c64c8f5f2803fbecd670b303387aa7074dd94997,f2795d7d07f4e34decbdd43059b0b333a5aff6c0,-0.022225920110940933
8368,c64c8f5f2803fbecd670b303387aa7074dd94997,0d1fd04c0dec97bd0b1c4deeba21b8833f792651,0.03984154388308525
8369,c64c8f5f2803fbecd670b303387aa7074dd94997,1ca26f0582c03d080777d59e2483cbc7b32aff40,0.001417631283402443
8370,c64c8f5f2803fbecd670b303387aa7074dd94997,72a2680a9043977f2f5ed776170b75beeff5b815,-0.004172351211309433
8371,c64c8f5f2803fbecd670b303387aa7074dd94997,2671bf82168234a25fce7950e0527eb03b201e0c,0.03270798921585083
8372,c64c8f5f2803fbecd670b303387aa7074dd94997,00cae399de72b2bea32f72223820553c22fd52ef,-0.03690090402960777
8373,c64c8f5f2803fbecd670b303387aa7074dd94997,916c33212aa906192a948aec0e8ce94ec90087c9,0.008912122808396816
8374,c64c8f5f2803fbecd670b303387aa7074dd94997,95badade580eeff6a2f512268a017b9b66c6a212,-0.0324743315577507
8375,c64c8f5f2803fbecd670b303387aa7074dd94997,67352c19438591e2521f16260ecdd598b88ed752,-0.02353968657553196
8376,c64c8f5f2803fbecd670b303387aa7074dd94997,b7682634c8633822145193242e7a3e3739042768,-0.03573939949274063
8377,c64c8f5f2803fbecd670b303387aa7074dd94997,1fb6e0669e1e606112cec45c6d60b43655c4eb71,-0.0833306610584259
8378,c64c8f5f2803fbecd670b303387aa7074dd94997,4c33e154b49a2bc0dcef0d835febd63a8e62fb2c,-0.09325864911079407
8379,c64c8f5f2803fbecd670b303387aa7074dd94997,953335aaea41ee7d112501f21f2b07d80170ab53,-0.09130743145942688
8380,c64c8f5f2803fbecd670b303387aa7074dd94997,e19b5b74311da1d36fd79187e7e5444c96253b05,-0.1047172099351883
8381,c64c8f5f2803fbecd670b303387aa7074dd94997,6799971d202fa5d10cc7f1cae7daf07c247ab641,-0.18496589362621307
8382,1b44df3232099b13e3aac7fc5811a946133d6db6,add1d5602e7aa2bae889ef554e2da7f589117d5b,0.7302393317222595
8383,1b44df3232099b13e3aac7fc5811a946133d6db6,336779e60b48443bfd5f45f24191616213cbaf81,0.6931314468383789
8384,1b44df3232099b13e3aac7fc5811a946133d6db6,26f9114b2fdc34696c483e0f29da3b3d89482741,0.6264406442642212
8385,1b44df3232099b13e3aac7fc5811a946133d6db6,dd5df1147ae291917515a7956a6bc3d7b845f288,0.2988887131214142
8386,1b44df3232099b13e3aac7fc5811a946133d6db6,6f2cdce2eb8e6afdfd9e81316ff08f80e972cc47,0.1691925823688507
8387,1b44df3232099b13e3aac7fc5811a946133d6db6,9f100217fbca173fe0d64d4527956d272735e41c,0.12904559075832367
8388,1b44df3232099b13e3aac7fc5811a946133d6db6,4623accb0524d3b000866709ec27f1692cc9b15a,0.4624735713005066
8389,1b44df3232099b13e3aac7fc5811a946133d6db6,24bbccc21bd4826365460939a5ca295f690862c5,0.10426750779151917
8390,1b44df3232099b13e3aac7fc5811a946133d6db6,27d205314a4e416a685d153a8c7bd65966f9f7d1,0.05418585240840912
8391,1b44df3232099b13e3aac7fc5811a946133d6db6,5c6f5ed9a3d7b1754d26157844511a8f8a8e76f3,0.04879730939865112
8392,1b44df3232099b13e3aac7fc5811a946133d6db6,b0417e375954ee1503cadafee67fcf0873ff8dbf,0.038574859499931335
8393,1b44df3232099b13e3aac7fc5811a946133d6db6,8b024d8b0b62593d44306613860a4bedc857a021,-0.031191257759928703
8394,1b44df3232099b13e3aac7fc5811a946133d6db6,e3adb12fbd126ce9abbbec86c6ac1642e61ded34,0.06889291852712631
8395,1b44df3232099b13e3aac7fc5811a946133d6db6,1cc7013247056e45264de9817171d72690181692,0.034005437046289444
8396,1b44df3232099b13e3aac7fc5811a946133d6db6,449b47c55dac9cae588086dde9249caa230e01b1,0.05078686773777008
8397,1b44df3232099b13e3aac7fc5811a946133d6db6,22dbe3d73538361b07d2f29dda56547afc3f9642,-0.001674543134868145
8398,1b44df3232099b13e3aac7fc5811a946133d6db6,4691d99c6f08e719de161463c2b9210c6d8beecb,-0.002831384539604187
8399,1b44df3232099b13e3aac7fc5811a946133d6db6,d663e0f387bc9dc826b2a8594f7967c3d6a0e804,-0.00481964647769928
8400,1b44df3232099b13e3aac7fc5811a946133d6db6,64887b38c382e331cd2b045f7a7edf05f17586a8,0.0010024979710578918
8401,1b44df3232099b13e3aac7fc5811a946133d6db6,94ee91bc1ec67bb2fe8a1d5b48713f19db98be54,-0.0032500959932804108
8402,1b44df3232099b13e3aac7fc5811a946133d6db6,4279602fdbe037b935b63bcadbbfbe503a7c30ee,0.024585023522377014
8403,1b44df3232099b13e3aac7fc5811a946133d6db6,2dc1775eefe3dc9f43ae25d3c7335378615fa33d,-0.033789683133363724
8404,1b44df3232099b13e3aac7fc5811a946133d6db6,17ee773e6b2baecba638e83ffbcbb4f103231236,-0.00846915878355503
8405,1b44df3232099b13e3aac7fc5811a946133d6db6,b305233e5b300d7fc77fb9595c2c3ff7a6a9b91a,-0.03426592797040939
8406,1b44df3232099b13e3aac7fc5811a946133d6db6,f9791399e87bba3f911fd8f570443cf721cf7b1e,-0.07822310924530029
8407,1b44df3232099b13e3aac7fc5811a946133d6db6,c5fe87291747c39f56bf0cbe4499cca77ae91351,-0.10336504131555557
8408,1b44df3232099b13e3aac7fc5811a946133d6db6,c979efe1f0a8b0b343ea332368e5b51dc153c522,-0.10024959594011307
8409,1b44df3232099b13e3aac7fc5811a946133d6db6,59923c9dee2a97e0403460ac9a49021930e9a5d2,-0.05477355048060417
8410,1b44df3232099b13e3aac7fc5811a946133d6db6,cb602795e6bdcf0938761ca08e77df4e9842ba9f,-0.07364938408136368
8411,1b44df3232099b13e3aac7fc5811a946133d6db6,f2d9f9beb61f61edc50257292c63dc9e7c6339c4,-0.15240836143493652
8412,fe2533594e01b374ee12f8d450069b21b572a675,1cc85952c8588a17fa086d94ae1493a3b0413872,0.3935966491699219
8413,fe2533594e01b374ee12f8d450069b21b572a675,818826f356444f3daa3447755bf63f171f39ec47,0.3827776610851288
8414,fe2533594e01b374ee12f8d450069b21b572a675,07d138a54c441d6ae9bff073025f8f5eeaac4da4,0.33633142709732056
8415,fe2533594e01b374ee12f8d450069b21b572a675,9855ae8dc6cfd578334e98edb748aa386c435eab,0.28339463472366333
8416,fe2533594e01b374ee12f8d450069b21b572a675,680cbbc88d537bd6f5a68701b1bb0080a77faa00,0.27510613203048706
8417,fe2533594e01b374ee12f8d450069b21b572a675,42dfb714a9faddf3f7047d482b2e0531d884dc67,0.22418662905693054
8418,fe2533594e01b374ee12f8d450069b21b572a675,e4b1da04377eae25f8c70794dc27cedabb147010,0.16037407517433167
8419,fe2533594e01b374ee12f8d450069b21b572a675,d8152278e81fbe66d20b4a1ac88e7b15b7af4a2e,0.21324723958969116
8420,fe2533594e01b374ee12f8d450069b21b572a675,0d15202f2de79a5cdc4ba1ff005c3aef27aea2b0,0.22467778623104095
8421,fe2533594e01b374ee12f8d450069b21b572a675,4c6a4143cab3754ed696c368896e8be1354a4d4b,0.16920237243175507
8422,fe2533594e01b374ee12f8d450069b21b572a675,ba6419a7a4404174ba95a53858632617c47cfff0,0.1474297195672989
8423,fe2533594e01b374ee12f8d450069b21b572a675,9837224b8920be02f27ad13abf0c05c89f7d6f75,0.20839914679527283
8424,fe2533594e01b374ee12f8d450069b21b572a675,11f6d271aaa94ad718ec68164f1c5a7ae1255eae,0.084663525223732
8425,fe2533594e01b374ee12f8d450069b21b572a675,43d00d394ff76c0a5426c37fe072038ac7ec7627,0.15519924461841583
8426,fe2533594e01b374ee12f8d450069b21b572a675,0ce6df6d6f009cbdd5f8c395bd422581e9aa0769,0.1361054927110672
8427,fe2533594e01b374ee12f8d450069b21b572a675,8d9fc2259f8ab6d6b72d4bc762d6c8808235f509,0.08360651880502701
8428,fe2533594e01b374ee12f8d450069b21b572a675,37de340b2a26a94a0e1db02a155cacb33c10c746,0.08533217757940292
8429,fe2533594e01b374ee12f8d450069b21b572a675,74bed25930678a97e6e064ac88a61ff75493196a,0.10196912288665771
8430,fe2533594e01b374ee12f8d450069b21b572a675,2df5f73ca5daafa60e41f80417731d1555af5c25,0.045382775366306305
8431,fe2533594e01b374ee12f8d450069b21b572a675,c7c7484916e63bcfcf937372d50e92403feeafdc,0.07988713681697845
8432,fe2533594e01b374ee12f8d450069b21b572a675,8841ced8ffe2a0203679b8f97de4aa488732fd1f,0.07899166643619537
8433,fe2533594e01b374ee12f8d450069b21b572a675,d714e066a362efb3151eb9195c06fd56523cc399,0.11493383347988129
8434,fe2533594e01b374ee12f8d450069b21b572a675,f37dd651bb7fe32430f4e771045ba2e34477ae08,0.0772746354341507
8435,fe2533594e01b374ee12f8d450069b21b572a675,fbb751db839401b1f3d71859faffc15b72d5700e,0.04213692247867584
8436,fe2533594e01b374ee12f8d450069b21b572a675,ed4eff77499cc5ab1ffe24a3a2dc35642a518704,0.0505104623734951
8437,fe2533594e01b374ee12f8d450069b21b572a675,7588d1f796299c71b416a84d1fc2e7e86294d558,-0.0034017711877822876
8438,fe2533594e01b374ee12f8d450069b21b572a675,67e2bf8d945fb5883cea23001dc722ec9f8cdda5,0.02602428011596203
8439,fe2533594e01b374ee12f8d450069b21b572a675,726d02d03a79f0b91203938d70a2e9f8b80c6973,0.11333653330802917
8440,fe2533594e01b374ee12f8d450069b21b572a675,ae432e6036c7c17d91f383ab623636bbb8827ac4,-0.013639435172080994
8441,fe2533594e01b374ee12f8d450069b21b572a675,eee686b822950a55f31d4c9c33d02c1942424785,-0.08503082394599915
8442,3b198869df03d98b81c0c882753845a3bca36c63,4d1efe967fde304dc31e19665b9c328969a79128,0.68715500831604
8443,3b198869df03d98b81c0c882753845a3bca36c63,38b1824bbab96f9ab2e1079ea2b60ae313e6cb7f,0.6164892911911011
8444,3b198869df03d98b81c0c882753845a3bca36c63,43a87c07f2cbfeab0801b9cf2ece5f7e0689d287,0.4222349524497986
8445,3b198869df03d98b81c0c882753845a3bca36c63,de19bd1be876549cbccb79e545c43442a6223f7a,0.40347325801849365
8446,3b198869df03d98b81c0c882753845a3bca36c63,f1732fe25d335af43c0ff90c1b35f9b5a5c38dc5,0.4164044260978699
8447,3b198869df03d98b81c0c882753845a3bca36c63,19b82e0ee0d61bb538610d3a470798ce7d6096ee,0.37684914469718933
8448,3b198869df03d98b81c0c882753845a3bca36c63,5f4847990b6e68368cd2cac809748298ab241099,0.23547808825969696
8449,3b198869df03d98b81c0c882753845a3bca36c63,08a5c749035e13a464eb5fb6cf4d4df63069330f,0.16687774658203125
8450,3b198869df03d98b81c0c882753845a3bca36c63,3e89403dcd478c849732f872001064f21ff073f9,0.08917790651321411
8451,3b198869df03d98b81c0c882753845a3bca36c63,3912e7522ad4c7b271883600dd3d2d6f46e2c8b5,0.10110576450824738
8452,3b198869df03d98b81c0c882753845a3bca36c63,1cf314336cc6af13025fa91b19a50960b626684e,0.060706768184900284
8453,3b198869df03d98b81c0c882753845a3bca36c63,6138c3595abf95cb83cbe89de6b6620b7c1d5234,0.04120643436908722
8454,3b198869df03d98b81c0c882753845a3bca36c63,48265726215736f7dd7ceccacac488422032397c,0.02528756484389305
8455,3b198869df03d98b81c0c882753845a3bca36c63,524144d7e3624c3e88cf380e7ccf585d96b39a70,0.020341146737337112
8456,3b198869df03d98b81c0c882753845a3bca36c63,671280fad11ccd0d02469086207ba9f988f267cb,0.019626230001449585
8457,3b198869df03d98b81c0c882753845a3bca36c63,507f4a0a5eaecd38566a3b1bf2a33554a2b2eed2,0.012096844613552094
8458,3b198869df03d98b81c0c882753845a3bca36c63,13d0f69204bc4a78acc9b8fecb91f41ab1a76823,-0.00861315242946148
8459,3b198869df03d98b81c0c882753845a3bca36c63,50d90325c9f81e562fdb65097c0be4f889008d20,-0.01686543971300125
8460,3b198869df03d98b81c0c882753845a3bca36c63,67ea3089b457e6a09e45ea4117cb7f30d7695e69,-0.02989523485302925
8461,3b198869df03d98b81c0c882753845a3bca36c63,1b5280076b41fda48eb837cbb03cc1b283d4fa3c,-0.062174249440431595
8462,3b198869df03d98b81c0c882753845a3bca36c63,034b2b97e6b23061f6f71a5e19c1b03bf4c19ec8,-0.046983733773231506
8463,3b198869df03d98b81c0c882753845a3bca36c63,91fa5860d3a15cdd9cf03bd6bbee8b0cc8a9f08a,-0.08956308662891388
8464,3b198869df03d98b81c0c882753845a3bca36c63,098ee9f8d7c885e6ccc386435537513a6303667c,-0.0861564502120018
8465,3b198869df03d98b81c0c882753845a3bca36c63,d28000811e1fbb0a8967395cd8ffba8ce1b53863,-0.08405105769634247
8466,3b198869df03d98b81c0c882753845a3bca36c63,ca20de3504e3d74faec96ed4f70340e3a0860191,-0.11746257543563843
8467,3b198869df03d98b81c0c882753845a3bca36c63,5ed17634e4bd989c235662d8fa3af0a23e7262ef,-0.12198422849178314
8468,3b198869df03d98b81c0c882753845a3bca36c63,d1adb86df742a9556e137020dca0e505442f337a,-0.12635275721549988
8469,3b198869df03d98b81c0c882753845a3bca36c63,bc749f0e81eafe9e32d56336750782f45d82609d,-0.10481061041355133
8470,3b198869df03d98b81c0c882753845a3bca36c63,c788f4ea8d8c0d91237c8146556c3fad71ac362a,-0.10438893735408783
8471,3b198869df03d98b81c0c882753845a3bca36c63,158d54518e694d0a7d7c0fe2ea474d873eaeb5a0,-0.1385638415813446
8472,18a024eb8b03fe07c6855002094234406aace0db,2fd40688614f94dbecba7ef06dc37d41473328ed,0.5339527130126953
8473,18a024eb8b03fe07c6855002094234406aace0db,10bd0bab60e38e8052e167e3f7379ea0aeade2e4,0.5699133276939392
8474,18a024eb8b03fe07c6855002094234406aace0db,08c30bbfb9ff90884f9d1f873a1eeb6bb616e761,0.5189141035079956
8475,18a024eb8b03fe07c6855002094234406aace0db,234d205f50ad0ef11863a7b758ff2fe70d7ec4a8,0.3550291359424591
8476,18a024eb8b03fe07c6855002094234406aace0db,7d2c7748359f57c2b4227b31eca9e5f7a70a6b5c,0.331752210855484
8477,18a024eb8b03fe07c6855002094234406aace0db,29c386498f174f4d20a326f8c779840ba88d394f,0.16348150372505188
8478,18a024eb8b03fe07c6855002094234406aace0db,486b5cd2cdd15436c090431d0a442328dcb637f3,0.11987389624118805
8479,18a024eb8b03fe07c6855002094234406aace0db,08e4982410ebaa6dbd203a953113214bc9740b80,0.11259303987026215
8480,18a024eb8b03fe07c6855002094234406aace0db,f1c03f90c35d9c66baf0b14e7852890dedeed794,0.13789328932762146
8481,18a024eb8b03fe07c6855002094234406aace0db,c6654cd8a1ce6562330fad4e42ac5a5e86a52c98,0.15591968595981598
8482,18a024eb8b03fe07c6855002094234406aace0db,2858c69e5d9432c8b9529e3d97017d3909eb0b9c,0.11051017791032791
8483,18a024eb8b03fe07c6855002094234406aace0db,b8358032fb3124dce867b42aabb5c532607e9d1e,0.09659796953201294
8484,18a024eb8b03fe07c6855002094234406aace0db,27229aff757b797d0cae7bead5a236431b253b91,0.03050830028951168
8485,18a024eb8b03fe07c6855002094234406aace0db,2ae60aba40b0af8b83f65bdbf1b556f12b7672ce,0.03920990973711014
8486,18a024eb8b03fe07c6855002094234406aace0db,a481ad59a970cd605265b4397de1bc1974d3a48e,0.026725497096776962
8487,18a024eb8b03fe07c6855002094234406aace0db,8d19205039af3056b4b57eb6637462d12982e2a2,0.06303760409355164
8488,18a024eb8b03fe07c6855002094234406aace0db,007ee2559d4a2a8c661f4f5182899f03736682a7,0.046155452728271484
8489,18a024eb8b03fe07c6855002094234406aace0db,8dc4025cfa05e6aab60ce578f9c9b55e356aeb79,-0.027190186083316803
8490,18a024eb8b03fe07c6855002094234406aace0db,304412a849e6ec260f15ad42d8205c43bcdea54f,0.035795945674180984
8491,18a024eb8b03fe07c6855002094234406aace0db,48451a29f8627b2c7fa1d27e6c7a8c61dc5fda7c,0.027759619057178497
8492,18a024eb8b03fe07c6855002094234406aace0db,0d1fd04c0dec97bd0b1c4deeba21b8833f792651,-0.004801103845238686
8493,18a024eb8b03fe07c6855002094234406aace0db,24dd60ec6fbb2a25f6dd0c1955b3b0e0b29c7d42,-0.02123362571001053
8494,18a024eb8b03fe07c6855002094234406aace0db,af4ab6727929ca80227e5edbbe7135f09eedc5f0,-0.03336930274963379
8495,18a024eb8b03fe07c6855002094234406aace0db,a2c1176eccf51cd3d30d46757d44fcf7f6fcb160,-0.036188237369060516
8496,18a024eb8b03fe07c6855002094234406aace0db,9bd6bff7c3eae7ec6da8ed7aeb70491bcd40177e,-0.05696035921573639
8497,18a024eb8b03fe07c6855002094234406aace0db,5417bd72d1b787ade0c485f1188189474c199f4d,-0.03531838208436966
8498,18a024eb8b03fe07c6855002094234406aace0db,96a3c95a069d20fda310c315692a2a96635f4384,-0.07891031354665756
8499,18a024eb8b03fe07c6855002094234406aace0db,1045cc9599944e0088ccc6f6c13ee9f960ecffd7,-0.05294502526521683
8500,18a024eb8b03fe07c6855002094234406aace0db,77b1354f4b9b1d9282840ee8baf3f003c2bc3f66,-0.0694478303194046
8501,18a024eb8b03fe07c6855002094234406aace0db,7e8668156c88eb77f5d397522c02fe528db333c3,-0.09901587665081024
8502,9e76a700f03ef476b964b27e23c071163e44c232,3d8a29cf3843f92bf9897c4f2d3c02d96d59540a,0.7594260573387146
8503,9e76a700f03ef476b964b27e23c071163e44c232,74ec3d4cbb22453ce1d128c42ea66d2bdced64d6,0.7060586810112
8504,9e76a700f03ef476b964b27e23c071163e44c232,40baa5d4632d807cc5841874be73415775b500fd,0.7085404396057129
8505,9e76a700f03ef476b964b27e23c071163e44c232,ff5c193fd7142b3f426baf997b43937eca1bbbad,0.6197686791419983
8506,9e76a700f03ef476b964b27e23c071163e44c232,e68a6132f5536aad264ba62052005d0eca3356d5,0.6663188934326172
8507,9e76a700f03ef476b964b27e23c071163e44c232,91e04ecd6ddd52642fde1cd2cce7d09c7c20d695,0.31290823221206665
8508,9e76a700f03ef476b964b27e23c071163e44c232,8d9ae24c9f1e59ee8cfc4c6317671b4947c2a153,0.19759389758110046
8509,9e76a700f03ef476b964b27e23c071163e44c232,748eb923d2c384d2b3af82af58d2e6692ef57aa1,0.16687387228012085
8510,9e76a700f03ef476b964b27e23c071163e44c232,edc22d9a3aba2c9d457ef16acd7e6de7a17daed4,0.019713008776307106
8511,9e76a700f03ef476b964b27e23c071163e44c232,1f6f571f29d930bc2371c9eb044e03bb8ebd86ae,0.013967007398605347
8512,9e76a700f03ef476b964b27e23c071163e44c232,ef2237aea4815107db8ed1cb62476ef30c4dfa47,0.030175557360053062
8513,9e76a700f03ef476b964b27e23c071163e44c232,00aa499569decb4e9abe40ebedca1b318b7664a8,0.0029167234897613525
8514,9e76a700f03ef476b964b27e23c071163e44c232,cf9145aa55da660a8d32bf628235c615318463bf,0.017250582575798035
8515,9e76a700f03ef476b964b27e23c071163e44c232,117601fe80cc4b7d69a18da06949279395c62292,0.009370274841785431
8516,9e76a700f03ef476b964b27e23c071163e44c232,54f573383d23275731487f2a6b45845db29dbdf8,0.01845477893948555
8517,9e76a700f03ef476b964b27e23c071163e44c232,8415d972023133d0f3f731ec7d070663ba878624,-0.013632727786898613
8518,9e76a700f03ef476b964b27e23c071163e44c232,aee27f46bca631cc9c45b3ad5032ab9b771dfefe,-0.015487058088183403
8519,9e76a700f03ef476b964b27e23c071163e44c232,902d5bc1b1b6e35aabe3494f0165e42a918e82ed,-0.04660450667142868
8520,9e76a700f03ef476b964b27e23c071163e44c232,abd81ffe23b23bf5cfdb2f1a02b66c8e14f11581,0.0024379901587963104
8521,9e76a700f03ef476b964b27e23c071163e44c232,08c2ba4d7183d671b9a7652256de17110b81c723,-0.05124913156032562
8522,9e76a700f03ef476b964b27e23c071163e44c232,87f452d4e9baabda4093007a9c6bbba30c35f3e4,-0.06923478096723557
8523,9e76a700f03ef476b964b27e23c071163e44c232,a3345798b1faf238e8d805bbe9124b0b8e0c869f,-0.0490531399846077
8524,9e76a700f03ef476b964b27e23c071163e44c232,d35abb53c3c64717126deff65c26d6563276df45,0.004389755427837372
8525,9e76a700f03ef476b964b27e23c071163e44c232,88ccb5b72cf96c9e34940c15e070c7d69a77a98c,-0.08347386121749878
8526,9e76a700f03ef476b964b27e23c071163e44c232,0c53ef79bb8e5ba4e6a8ebad6d453ecf3672926d,-0.05197303369641304
8527,9e76a700f03ef476b964b27e23c071163e44c232,7774b582b9b3fa50775c7fddcfac712cdeef7c97,-0.07440648227930069
8528,9e76a700f03ef476b964b27e23c071163e44c232,2fef3ba4f888855e1d087572003553f485414ef1,-0.11256904900074005
8529,9e76a700f03ef476b964b27e23c071163e44c232,895fa1357bcfa9b845945c6505a6e48070fd5d89,-0.09373196959495544
8530,9e76a700f03ef476b964b27e23c071163e44c232,816cce72ad9fbeb854e3ca723ded5a51dfcb9311,-0.10669535398483276
8531,9e76a700f03ef476b964b27e23c071163e44c232,2201c7ebc6d0365d2ec0bdd94c344f5dd269aa04,-0.11431707441806793
8532,6519bf5580fcdcc9c50fd72c6c8dc5d040d443e8,3689220c58f89e9e19cc0df51c0a573884486708,0.609635591506958
8533,6519bf5580fcdcc9c50fd72c6c8dc5d040d443e8,34feeafb5ff7757b67cf5c46da0869ffb9655310,0.6059039831161499
8534,6519bf5580fcdcc9c50fd72c6c8dc5d040d443e8,61c1d66defb225eda47462d1bc393906772c9196,0.44557541608810425
8535,6519bf5580fcdcc9c50fd72c6c8dc5d040d443e8,4833d690f7e0a4020ef48c1a537dbb5b8b9b04c6,0.4323146343231201
8536,6519bf5580fcdcc9c50fd72c6c8dc5d040d443e8,1a1f0d0abcbdaa2d487f0a46dba1ca097774012d,0.3793923854827881
8537,6519bf5580fcdcc9c50fd72c6c8dc5d040d443e8,b551feaa696da1ba44c31e081555e50358c6eca9,0.20041333138942719
8538,6519bf5580fcdcc9c50fd72c6c8dc5d040d443e8,9923edf7815c720aa0d6d58a28332806ae91b224,0.13732999563217163
8539,6519bf5580fcdcc9c50fd72c6c8dc5d040d443e8,30b1447fbfdbd887a9c896a2b0d80177fc17c94e,0.15083539485931396
8540,6519bf5580fcdcc9c50fd72c6c8dc5d040d443e8,e8217edd7376c26c714757a362724f81f3afbee0,0.06404295563697815
8541,6519bf5580fcdcc9c50fd72c6c8dc5d040d443e8,146da74cd886acbd4a593a55f0caacefa99714a6,0.07953044772148132
8542,6519bf5580fcdcc9c50fd72c6c8dc5d040d443e8,3370784dacf9df1e54384190dad40b817520ba3a,0.034251920878887177
8543,6519bf5580fcdcc9c50fd72c6c8dc5d040d443e8,27a693acee22752fa66f442b8d52b7f3c83134c7,0.10051654279232025
8544,6519bf5580fcdcc9c50fd72c6c8dc5d040d443e8,6fd78d20e6f51d872f07cde9350f4d31078ff723,0.03599883243441582
8545,6519bf5580fcdcc9c50fd72c6c8dc5d040d443e8,01cac0a7c2a3240cb77a1e090694a104785f78f5,0.07127542793750763
8546,6519bf5580fcdcc9c50fd72c6c8dc5d040d443e8,33b424698c2b7602dcb579513c34fe20cc3ae669,0.049627818167209625
8547,6519bf5580fcdcc9c50fd72c6c8dc5d040d443e8,ca20f466791f4b051ef3b8d2bf63789d33c562c9,0.034769002348184586
8548,6519bf5580fcdcc9c50fd72c6c8dc5d040d443e8,d1c4907b1b225f61059915a06a3726706860c71e,-0.004922924563288689
8549,6519bf5580fcdcc9c50fd72c6c8dc5d040d443e8,a31b795f8defb59889df8f13321e057192d64f73,0.006125323474407196
8550,6519bf5580fcdcc9c50fd72c6c8dc5d040d443e8,b95dd9e28f2126aac27da8b0378d3b9487d8b73d,0.02486802078783512
8551,6519bf5580fcdcc9c50fd72c6c8dc5d040d443e8,9c1ebae0eea2aa27fed13c71dc98dc0f67dd52a0,-0.0054594893008470535
8552,6519bf5580fcdcc9c50fd72c6c8dc5d040d443e8,4cdad9b059b5077fcce00fb8bcb4e381edd353bd,0.006512098014354706
8553,6519bf5580fcdcc9c50fd72c6c8dc5d040d443e8,bb17e8858b0d3a5eba2bb91f45f4443d3e10b7cd,-0.05670345574617386
8554,6519bf5580fcdcc9c50fd72c6c8dc5d040d443e8,267718d3b9399a5eab90a1b1701e78369696e8fe,-0.024034911766648293
8555,6519bf5580fcdcc9c50fd72c6c8dc5d040d443e8,576803b930ef44b79028048569e7ea321c1cecb0,-0.04015665501356125
8556,6519bf5580fcdcc9c50fd72c6c8dc5d040d443e8,7fabd0639750563e0fb09df341e0e62ef4d6e1fb,-0.021797753870487213
8557,6519bf5580fcdcc9c50fd72c6c8dc5d040d443e8,7aa1866adbc2b4758c04d8484e5bf22e4cce9cc9,-0.08769206702709198
8558,6519bf5580fcdcc9c50fd72c6c8dc5d040d443e8,6c1ccc66420136488cf34c1ffe707afefd8b00b9,-0.07222872972488403
8559,6519bf5580fcdcc9c50fd72c6c8dc5d040d443e8,63abfb7d2d35d60a5dc2cc884251f9fee5d46963,-0.0695483610033989
8560,6519bf5580fcdcc9c50fd72c6c8dc5d040d443e8,6fd62c67b281956c3f67eb53fafaea83b2f0b4fb,-0.07415477186441422
8561,83591848730f3fc7f208d4646ed4338c237bd161,e658f77af84415bfa794202c433a22d08c91bed2,0.7378419637680054
8562,83591848730f3fc7f208d4646ed4338c237bd161,1c5a40cff6297bd14ecc3e0c5efbae76a6afce5b,0.7285341620445251
8563,83591848730f3fc7f208d4646ed4338c237bd161,3406b672402828f2522b57e9ab11e0ae9c76ab2e,0.6681495904922485
8564,83591848730f3fc7f208d4646ed4338c237bd161,2c51c8da2f82a956e633049616b1bb7730faa2da,0.6379619240760803
8565,83591848730f3fc7f208d4646ed4338c237bd161,2b00e526490d65f2ec00107fb7bcce0ace5960c7,0.46587419509887695
8566,83591848730f3fc7f208d4646ed4338c237bd161,68152bedab7f7cf93136b75ac31b45db2278bdf8,0.1748533993959427
8567,83591848730f3fc7f208d4646ed4338c237bd161,282d087363670350768c3f4d7c28995df1d6560f,0.19683349132537842
8568,83591848730f3fc7f208d4646ed4338c237bd161,08c2649dee7ba1ab46106425a854ca3af869c2f0,0.20846988260746002
8569,83591848730f3fc7f208d4646ed4338c237bd161,12da6c20e0743e9434894359c387f6a72e7e91f0,0.20875772833824158
8570,83591848730f3fc7f208d4646ed4338c237bd161,383e3b9e408f57052bbbc430b8e6b60c0e31f7ef,0.1746799647808075
8571,83591848730f3fc7f208d4646ed4338c237bd161,1e5482c85ee48b92a75d0590ed9b0d5f0e6a0b17,0.1293763816356659
8572,83591848730f3fc7f208d4646ed4338c237bd161,273d1af1a5eec7754462fed451e34c4f276916ab,0.12139745056629181
8573,83591848730f3fc7f208d4646ed4338c237bd161,74409c9e8461d1acb58f2bb09878ad426d12f542,0.109360471367836
8574,83591848730f3fc7f208d4646ed4338c237bd161,d863be7a53f3a0ec378265f5b29bbae7a8328d86,0.12543627619743347
8575,83591848730f3fc7f208d4646ed4338c237bd161,59fb065ee3f6ae89bc9be019d35cf1ff5e1f805a,0.12050852924585342
8576,83591848730f3fc7f208d4646ed4338c237bd161,296c6868d3d22cd445c13b7274724fb04ad07d07,0.13628453016281128
8577,83591848730f3fc7f208d4646ed4338c237bd161,d745cf8c51032996b5fee6b19e1b5321c14797eb,0.08712510764598846
8578,83591848730f3fc7f208d4646ed4338c237bd161,f8c4e9836f54afa3f72404d900018ffd86353327,0.04804370552301407
8579,83591848730f3fc7f208d4646ed4338c237bd161,9f3aee6496d3ff811b303d42cab1b0e512bfc02f,0.07110851258039474
8580,83591848730f3fc7f208d4646ed4338c237bd161,586407b38cc3bb0560ff9941a89f3402e34ee08b,0.05535445734858513
8581,83591848730f3fc7f208d4646ed4338c237bd161,d1430258e51e44fd8157b01be26df6c8897d43e3,0.0210551917552948
8582,83591848730f3fc7f208d4646ed4338c237bd161,21cd3b6a12862b3a355b2c0260fcbcac6a01a233,0.05298902839422226
8583,83591848730f3fc7f208d4646ed4338c237bd161,8fd4f61732b68228ce37863efcf70f5f62a4376f,0.03053242713212967
8584,83591848730f3fc7f208d4646ed4338c237bd161,4b814e9d09ff72279030960df5718041b8c1b50c,0.03853285312652588
8585,83591848730f3fc7f208d4646ed4338c237bd161,893abc7489cf80aa9ce7f39c2f20d680584ee20f,0.009499480947852135
8586,83591848730f3fc7f208d4646ed4338c237bd161,4b540031a15ea19f9ffa211e8057bb0d4aeb5eb0,-0.046950433403253555
8587,83591848730f3fc7f208d4646ed4338c237bd161,a66a9f3664967173611ec28d8091226686768e54,0.003883952274918556
8588,83591848730f3fc7f208d4646ed4338c237bd161,f94b8094a5ebe69e027e67b04292b1bb1f275273,-0.0526762530207634
8589,83591848730f3fc7f208d4646ed4338c237bd161,cde56c52ff5d0e2fb90a96694f0c13802fd9c5b2,-0.03958605229854584
8590,83591848730f3fc7f208d4646ed4338c237bd161,42753d766730cabd6186822b490f275f11cbe6a5,-0.06209341809153557
8591,0ce72c74fed3bd81c9ceffa0f0c1954b88328e32,25c96ec442fbd6c1dc0f88cfc5657723b248d525,0.5693152546882629
8592,0ce72c74fed3bd81c9ceffa0f0c1954b88328e32,8a81800350e0572202607152fc861644d4e39a54,0.5076236724853516
8593,0ce72c74fed3bd81c9ceffa0f0c1954b88328e32,7ae9516d4873688e16f7199cef31adbc6b181213,0.49302956461906433
8594,0ce72c74fed3bd81c9ceffa0f0c1954b88328e32,0f52a233d2e20e7b270a4eed9e06aff1840a46d6,0.4962465167045593
8595,0ce72c74fed3bd81c9ceffa0f0c1954b88328e32,2787d376f9564122d7ed584d3f2b04cb4ba5376d,0.405456006526947
8596,0ce72c74fed3bd81c9ceffa0f0c1954b88328e32,62df185ddf7cd74040dd7f8dd72a9a2d85b734ed,0.42648762464523315
8597,0ce72c74fed3bd81c9ceffa0f0c1954b88328e32,50984f8345a3120d0e6c0a75adc2ac1a13e37961,0.38328900933265686
8598,0ce72c74fed3bd81c9ceffa0f0c1954b88328e32,3181f5190b064398c2bb322b7a5100863e5b6a01,0.22107693552970886
8599,0ce72c74fed3bd81c9ceffa0f0c1954b88328e32,7dc8bfcc945f20ae614629a00251d8f175623462,0.21978874504566193
8600,0ce72c74fed3bd81c9ceffa0f0c1954b88328e32,d5b8483294ac4c3af88782bde7cfe90ecd699e99,0.24022896587848663
8601,0ce72c74fed3bd81c9ceffa0f0c1954b88328e32,32791996c1040b9dcc34e71a05d72e5c649eeff9,0.18671639263629913
8602,0ce72c74fed3bd81c9ceffa0f0c1954b88328e32,74db933fcd3d53466ac004e7064fc5db348f1d38,0.10395477712154388
8603,0ce72c74fed3bd81c9ceffa0f0c1954b88328e32,f43a106b220aa20fa0862495153f0184c9f3d8f6,0.10498593747615814
8604,0ce72c74fed3bd81c9ceffa0f0c1954b88328e32,21e96b9f949aef121f1031097442a12308821974,0.09216027706861496
8605,0ce72c74fed3bd81c9ceffa0f0c1954b88328e32,6617cd6bdb16054c5369fb8ca40cf538a43f977a,0.063950315117836
8606,0ce72c74fed3bd81c9ceffa0f0c1954b88328e32,46c90184ff78ccab48f2520f56531aea101537dd,0.05341465026140213
8607,0ce72c74fed3bd81c9ceffa0f0c1954b88328e32,611d86b4d3cebf105ee5fdc6da8fc1f725f3c8d5,0.08062060922384262
8608,0ce72c74fed3bd81c9ceffa0f0c1954b88328e32,3e79a574d776c46bbe6d34f41b1e83b5d0f698f2,0.07646460831165314
8609,0ce72c74fed3bd81c9ceffa0f0c1954b88328e32,9d8a785a4275dafe21c6cdf62d6080bc5fad18ef,0.022889701649546623
8610,0ce72c74fed3bd81c9ceffa0f0c1954b88328e32,19bf971a1fb6cd388c0ba07834dc4ddcbc442318,0.008709066547453403
8611,0ce72c74fed3bd81c9ceffa0f0c1954b88328e32,a7e9ba17a4e289d2d0d6e87ccb686fa23e0cd92c,0.03135723993182182
8612,0ce72c74fed3bd81c9ceffa0f0c1954b88328e32,24b77da5387095aa074d51e75db875e766eefbee,0.02231644093990326
8613,0ce72c74fed3bd81c9ceffa0f0c1954b88328e32,2d47c8a220ca6ce7e328298b19ba27294954f733,0.03237739950418472
8614,0ce72c74fed3bd81c9ceffa0f0c1954b88328e32,384b8bb787f58bb1f1637d0be0c5aa7d562acc46,-0.038154486566782
8615,0ce72c74fed3bd81c9ceffa0f0c1954b88328e32,76bf95815fdef196f017d4699857ecfa478b8755,-0.018967922776937485
8616,0ce72c74fed3bd81c9ceffa0f0c1954b88328e32,44dd6443a07f0d139717be74a98988e3ec80beb8,-0.05176227539777756
8617,0ce72c74fed3bd81c9ceffa0f0c1954b88328e32,6695c398a384e5fe09e51c86c0702654c74102d0,-0.05885621905326843
8618,0ce72c74fed3bd81c9ceffa0f0c1954b88328e32,b94d9bfa0c33b720562dd0d8b8c4143a33e8f95b,-0.0502818301320076
8619,0ce72c74fed3bd81c9ceffa0f0c1954b88328e32,0f3ee3493e1148c1ac6ac58889eec1c709af6ed4,-0.08157502859830856
8620,0ce72c74fed3bd81c9ceffa0f0c1954b88328e32,255befa1707aa15f1fc403fb57eaf76327fc8cef,-0.13669241964817047
8621,0f10c6f57e7b640a2e89e94b5ca7d2b0d46d3925,00bbba51721dee6e0b1cd2a5b614ab46f33abab6,0.7578250169754028
8622,0f10c6f57e7b640a2e89e94b5ca7d2b0d46d3925,011ffa226a58b6711ce509609b8336911325b0e0,0.7289581298828125
8623,0f10c6f57e7b640a2e89e94b5ca7d2b0d46d3925,7ef3ac14cdb484aaa2b039850093febd5cf73a21,0.7495427131652832
8624,0f10c6f57e7b640a2e89e94b5ca7d2b0d46d3925,59407446503d49a8cf5f5643b17502835b62f139,0.6838563680648804
8625,0f10c6f57e7b640a2e89e94b5ca7d2b0d46d3925,3cd9fd8a36c8feb74bb20ae25817edb9c6a0518c,0.6653300523757935
8626,0f10c6f57e7b640a2e89e94b5ca7d2b0d46d3925,14365e40f97f542f1377f897cec653cbb2b565c4,0.31937146186828613
8627,0f10c6f57e7b640a2e89e94b5ca7d2b0d46d3925,3d7db8b339c83d50d635cee3c6931da5324a4799,0.23888583481311798
8628,0f10c6f57e7b640a2e89e94b5ca7d2b0d46d3925,65e1ada2360b42368a5f9f5e40ff436051c6fa84,0.2154989391565323
8629,0f10c6f57e7b640a2e89e94b5ca7d2b0d46d3925,7683e11deaf14c2b94c709c5ef23318986643aea,0.16410475969314575
8630,0f10c6f57e7b640a2e89e94b5ca7d2b0d46d3925,4869b34755f76c203d4a17448ed13043d455a6ed,0.2127312272787094
8631,0f10c6f57e7b640a2e89e94b5ca7d2b0d46d3925,40eb320dd27fb6414d350d4ef20806ed393c28be,0.11905935406684875
8632,0f10c6f57e7b640a2e89e94b5ca7d2b0d46d3925,dd131b9105c16e16a8711faa80f232de01df02c1,0.11796607077121735
8633,0f10c6f57e7b640a2e89e94b5ca7d2b0d46d3925,626449886eb1e635178ff1c2f9c7b1ccea7cc48d,0.11307962238788605
8634,0f10c6f57e7b640a2e89e94b5ca7d2b0d46d3925,4c92026d57ea1c81301723bd4bcf45d645efe517,0.11935723572969437
8635,0f10c6f57e7b640a2e89e94b5ca7d2b0d46d3925,34a534185687eae7e16399ffa9e3769efd3942b3,0.120081827044487
8636,0f10c6f57e7b640a2e89e94b5ca7d2b0d46d3925,d7ea82e9fba798c450b17e88c14da12a14b6345c,0.052840542048215866
8637,0f10c6f57e7b640a2e89e94b5ca7d2b0d46d3925,fc22886c3d2c485e87009aac5f89f55ece10d0ed,0.08939916640520096
8638,0f10c6f57e7b640a2e89e94b5ca7d2b0d46d3925,aea2bdcaeef3ec16b801c989c515419c9d961bb4,0.10670753568410873
8639,0f10c6f57e7b640a2e89e94b5ca7d2b0d46d3925,97a611717ddcb13a6fb5f19ebbc96dd005ed4887,0.025294795632362366
8640,0f10c6f57e7b640a2e89e94b5ca7d2b0d46d3925,4876756ac236f941dd9572b41e20c21c2e953777,0.022117601707577705
8641,0f10c6f57e7b640a2e89e94b5ca7d2b0d46d3925,5752e1470520c0dc7c642af1e6b83392012087a6,0.028921373188495636
8642,0f10c6f57e7b640a2e89e94b5ca7d2b0d46d3925,8a0b6953bf9e4de798c04b40b04ee6d63af60e7b,0.020941896364092827
8643,0f10c6f57e7b640a2e89e94b5ca7d2b0d46d3925,1d8fa2649fe7c600d3a745126b8b05233301e8e3,-0.008408751338720322
8644,0f10c6f57e7b640a2e89e94b5ca7d2b0d46d3925,79eba188ef95c84f299341cf694063bb49c91618,0.008379094302654266
8645,0f10c6f57e7b640a2e89e94b5ca7d2b0d46d3925,52f4ad8568812e06bf0ff9766bc86909c52ab030,0.030817566439509392
8646,0f10c6f57e7b640a2e89e94b5ca7d2b0d46d3925,5342ed6e2faec80d85aaaccd5ab4db0abcf355ea,-0.017398856580257416
8647,0f10c6f57e7b640a2e89e94b5ca7d2b0d46d3925,2efbd080d838986301b093dad1696da1e30e327d,-0.026726288720965385
8648,0f10c6f57e7b640a2e89e94b5ca7d2b0d46d3925,18182d42c3360936735bee9da35249280c806ccb,-0.031988129019737244
8649,0f10c6f57e7b640a2e89e94b5ca7d2b0d46d3925,feb58a691ee0d26c8173bb9c9826355b9d08e093,-0.02631358429789543
8650,0f10c6f57e7b640a2e89e94b5ca7d2b0d46d3925,3ca91c2fa80a4e716c80ca8d4587decb94212065,-0.08655385673046112
8651,2a3b696dccb9e31f0321c83a86f26041c72b1bc9,9e0c729e1596cd3567945db84e440fbfdeb75d9a,0.5351964235305786
8652,2a3b696dccb9e31f0321c83a86f26041c72b1bc9,6b85beb00b43e6ea6203a0afa66f15f3cefb48c6,0.4190593361854553
8653,2a3b696dccb9e31f0321c83a86f26041c72b1bc9,58a64cc6a1dd8269ab19b9de271e202ab3e6de92,0.45828813314437866
8654,2a3b696dccb9e31f0321c83a86f26041c72b1bc9,9425c683ce13c482201ab23dab29bc34e7046229,0.29998481273651123
8655,2a3b696dccb9e31f0321c83a86f26041c72b1bc9,090d25f94cb021bdd3400a2f547f989a6a5e07ec,0.3016003370285034
8656,2a3b696dccb9e31f0321c83a86f26041c72b1bc9,3dae758d2bf62652a93edf9968cc085b822f13c4,0.16559234261512756
8657,2a3b696dccb9e31f0321c83a86f26041c72b1bc9,724e3c4e98bc9ac3281d5aef7d53ecfd4233c3fc,0.1922610104084015
8658,2a3b696dccb9e31f0321c83a86f26041c72b1bc9,ce484d7a889fb3b0fa455086af0bfa453c5ec3db,0.15042932331562042
8659,2a3b696dccb9e31f0321c83a86f26041c72b1bc9,7336015b2de1c3a7accf7651c28939f7fa03cb9e,0.15452995896339417
8660,2a3b696dccb9e31f0321c83a86f26041c72b1bc9,2a9d09d8e2390c92cdaa5c8b98d6dd4cb394f638,0.10203762352466583
8661,2a3b696dccb9e31f0321c83a86f26041c72b1bc9,9b8d134417c5db4a6c3dce5784a0407c2d97495d,0.06318635493516922
8662,2a3b696dccb9e31f0321c83a86f26041c72b1bc9,182b53b6823605f2a9b6fa6135227a303493b4c4,0.06302244961261749
8663,2a3b696dccb9e31f0321c83a86f26041c72b1bc9,af8f8e292ab7b3a80cca31a9e12ef01d2608a9ca,0.07196307927370071
8664,2a3b696dccb9e31f0321c83a86f26041c72b1bc9,49c88aa6a22a41eef4058578ce1470964439b35f,0.08491262048482895
8665,2a3b696dccb9e31f0321c83a86f26041c72b1bc9,afed1b1e121ebc62566c1479ed5102b8c61538ac,0.0274746622890234
8666,2a3b696dccb9e31f0321c83a86f26041c72b1bc9,f77f1d1d274042105cceebf17a57e680dfe1ce03,-0.004017304629087448
8667,2a3b696dccb9e31f0321c83a86f26041c72b1bc9,e340a3b93204c030a8b4db2c24a9ef2628cde140,0.033161625266075134
8668,2a3b696dccb9e31f0321c83a86f26041c72b1bc9,405872b6c6c1a53c2ede41ccb7c9de6d4207d9be,0.08299287408590317
8669,2a3b696dccb9e31f0321c83a86f26041c72b1bc9,e7922d53216a4c234f601049ec3326a6ea5d5c7c,0.011552929878234863
8670,2a3b696dccb9e31f0321c83a86f26041c72b1bc9,5a778a2a32f35a96f4dfb0f22d1415eff321e7ad,-0.06509888172149658
8671,2a3b696dccb9e31f0321c83a86f26041c72b1bc9,a54eae23ac844c3833b872edd40a571f2fc1b2f3,-0.05619233846664429
8672,2a3b696dccb9e31f0321c83a86f26041c72b1bc9,289bdc364e2b8b03d0e52609dc6665a5f9d056c4,-0.018140574917197227
8673,2a3b696dccb9e31f0321c83a86f26041c72b1bc9,015d1aabae32efe2c30dfa32d8ce71d01bcac9c5,-0.02802341803908348
8674,2a3b696dccb9e31f0321c83a86f26041c72b1bc9,3371575d11fbf83577b5adf2a0994c1306aebd09,-0.0034215934574604034
8675,2a3b696dccb9e31f0321c83a86f26041c72b1bc9,22b65eebec33b89ec912054b4c4ec3d963960ab0,-0.051285624504089355
8676,2a3b696dccb9e31f0321c83a86f26041c72b1bc9,6c93f95929fa900bb2eafbd915d417199bc0a9dc,-0.06050373241305351
8677,2a3b696dccb9e31f0321c83a86f26041c72b1bc9,8de1c724a42d204c0050fe4c4b4e81a675d7f57c,-0.0676983892917633
8678,2a3b696dccb9e31f0321c83a86f26041c72b1bc9,eb60bcac9bf7668cc4318995fc8b9b7ada46c090,-0.043919652700424194
8679,2a3b696dccb9e31f0321c83a86f26041c72b1bc9,0ab4c2b3a97de19f37df76662029ae5886e4eb22,-0.07607151567935944
8680,2a3b696dccb9e31f0321c83a86f26041c72b1bc9,08f4d8e7626e55b7c4ffe1fd12eb034bc8022a43,-0.09837403893470764
8681,7db20fcc1d71edc32c365f145148d24b9f1427a5,3f203c85493bce692da54648ef3f015db956a924,0.5605022311210632
8682,7db20fcc1d71edc32c365f145148d24b9f1427a5,ad3324136e70d546e2744bda4e2b14e6b5311c55,0.5531448125839233
8683,7db20fcc1d71edc32c365f145148d24b9f1427a5,f1aa9bbf85aa1a0b3255b38032c08781f491f4d3,0.5274357199668884
8684,7db20fcc1d71edc32c365f145148d24b9f1427a5,dd73a3d6682f3e1e70fd7b4d04971128fad5f27b,0.4740002751350403
8685,7db20fcc1d71edc32c365f145148d24b9f1427a5,d0a5e8fd8ca4537e6c0b76e90ae32f86de3cb0fc,0.4847567081451416
8686,7db20fcc1d71edc32c365f145148d24b9f1427a5,06a267a3b7a696c57d857c3ff1cf0e7711ff0dee,0.27083516120910645
8687,7db20fcc1d71edc32c365f145148d24b9f1427a5,ce83f8c2227ce387d7491f247d97f45e534fac24,0.14765596389770508
8688,7db20fcc1d71edc32c365f145148d24b9f1427a5,0c85afa692a692da6e444b1098e59d11f0b07b83,0.06814449280500412
8689,7db20fcc1d71edc32c365f145148d24b9f1427a5,fe0e8bd42fe96f67d73756a582d1d394b326eaac,0.08091286569833755
8690,7db20fcc1d71edc32c365f145148d24b9f1427a5,45f3c92cfe87fa376dfe184cead765ff251b9b30,-0.002914994955062866
8691,7db20fcc1d71edc32c365f145148d24b9f1427a5,7a48f36e567b3beda7866a25e37e4a3cc668d987,0.033291738480329514
8692,7db20fcc1d71edc32c365f145148d24b9f1427a5,a8540ff90bc1cf9eb54a2ba1ad4125e726d1980d,0.011752359569072723
8693,7db20fcc1d71edc32c365f145148d24b9f1427a5,43a050a0279c86baf842371c73b68b674061b579,0.021495286375284195
8694,7db20fcc1d71edc32c365f145148d24b9f1427a5,cae3bc55809a531a933bf6071550eeb3a2632f55,0.03756540268659592
8695,7db20fcc1d71edc32c365f145148d24b9f1427a5,2f4bdb8f54ae1a7666c7be8e6b461e3c717a20cf,0.017294086515903473
8696,7db20fcc1d71edc32c365f145148d24b9f1427a5,0392a3743157a87d0bdfe53dffa416a9a6b93dcc,0.017574364319443703
8697,7db20fcc1d71edc32c365f145148d24b9f1427a5,265a32d3e5a55140389df0a0b666ac5c2dfaa0bd,0.01716833934187889
8698,7db20fcc1d71edc32c365f145148d24b9f1427a5,b2cc59430df4ff20e34c48d122ccb47b45b96f83,0.0015593171119689941
8699,7db20fcc1d71edc32c365f145148d24b9f1427a5,b3e04836a8f1a1efda32d15296ff9435ab8afd86,0.0067049842327833176
8700,7db20fcc1d71edc32c365f145148d24b9f1427a5,b1ad2a08dc6b9c598f2ac101b22c2de8cd23e47f,-0.03343149274587631
8701,7db20fcc1d71edc32c365f145148d24b9f1427a5,df5c0ae24bdf598a9fe8e85facf476f4903bf8aa,-0.00044254306703805923
8702,7db20fcc1d71edc32c365f145148d24b9f1427a5,2b550251323d541dd5d3f72ab68073e05cd485c5,-0.0034287087619304657
8703,7db20fcc1d71edc32c365f145148d24b9f1427a5,a6355b13e74d2a11aba4bad75464bf721d7b61d4,-0.030535660684108734
8704,7db20fcc1d71edc32c365f145148d24b9f1427a5,786f730302115d19f5ea14c49332bba77bde75c2,-0.03188297897577286
8705,7db20fcc1d71edc32c365f145148d24b9f1427a5,19c953d98323e6f56a26e9d4b6b46f5809793fe4,-0.049670226871967316
8706,7db20fcc1d71edc32c365f145148d24b9f1427a5,881a4de26b49a08608ae056b7688d64396bd62cd,-0.06028066202998161
8707,7db20fcc1d71edc32c365f145148d24b9f1427a5,3c77afb5f21b4256f289371590fa539e074cc3aa,-0.10150516033172607
8708,7db20fcc1d71edc32c365f145148d24b9f1427a5,b0fa515948682246559cebd1190cec39e87334c0,-0.07802467048168182
8709,7db20fcc1d71edc32c365f145148d24b9f1427a5,c139770aba13d62bf2f5a3a579da98a28148fb09,-0.0834416002035141
8710,7db20fcc1d71edc32c365f145148d24b9f1427a5,892c22460a1ef1da7d10d1cf007ff46c6c080f18,-0.07921576499938965
8711,b3739e7262b222a9dbf27fc21c34d57becda5051,82d2a93f3774b77aa62d5896cadd4d4f628c268c,0.6650114059448242
8712,b3739e7262b222a9dbf27fc21c34d57becda5051,13e8ecf7c98b8c076b65769b8f448d8466fffc30,0.5773556232452393
8713,b3739e7262b222a9dbf27fc21c34d57becda5051,ab3fe99806d2efff8fcad0a713893bc0846afd30,0.5668631792068481
8714,b3739e7262b222a9dbf27fc21c34d57becda5051,f017d6284b6526790dca6bff0bb0495231534e2a,0.3749663829803467
8715,b3739e7262b222a9dbf27fc21c34d57becda5051,c567bdc35a40e568e0661446ac4f9b397787e40d,0.27796071767807007
8716,b3739e7262b222a9dbf27fc21c34d57becda5051,a37817edf9c28155575d226fc8cff4643fb84466,0.1507946103811264
8717,b3739e7262b222a9dbf27fc21c34d57becda5051,5100213838a7a3d3a33623128e5ef24a3879d2ab,0.05246436595916748
8718,b3739e7262b222a9dbf27fc21c34d57becda5051,8800de3bd6c33397c669596c16349bf277570854,0.04297231510281563
8719,b3739e7262b222a9dbf27fc21c34d57becda5051,9f8fb8486e114b1c971bd3918306078bd83229f7,0.08198577910661697
8720,b3739e7262b222a9dbf27fc21c34d57becda5051,747b11aa05cefd542dcfe498e3225301fa4a0b33,0.044485438615083694
8721,b3739e7262b222a9dbf27fc21c34d57becda5051,735d4220d5579cc6afe956d9f6ea501a96ae99e2,0.0020557157695293427
8722,b3739e7262b222a9dbf27fc21c34d57becda5051,ed0b24315d62fac40a2ec5447b1742a4c5d640b7,0.038487233221530914
8723,b3739e7262b222a9dbf27fc21c34d57becda5051,240ac8f82a346482cbe7cc824bb649089bf0a262,0.011406615376472473
8724,b3739e7262b222a9dbf27fc21c34d57becda5051,117601fe80cc4b7d69a18da06949279395c62292,0.0025604553520679474
8725,b3739e7262b222a9dbf27fc21c34d57becda5051,57aa48fa743f124e529bccb7c0542a90b2966fe8,-0.0017732903361320496
8726,b3739e7262b222a9dbf27fc21c34d57becda5051,7d1a028b5e40bea0a0705b1163a3a8d888ef973b,0.012550784274935722
8727,b3739e7262b222a9dbf27fc21c34d57becda5051,c0a2293809917839047c7ec98d942777ca426e57,-0.03222469985485077
8728,b3739e7262b222a9dbf27fc21c34d57becda5051,b86a030b86fc3a441c7f63def45d591b4c58e068,-0.010721135884523392
8729,b3739e7262b222a9dbf27fc21c34d57becda5051,6c6eb640e60c0599871c9d96af4e31be43ea6219,-0.015545332804322243
8730,b3739e7262b222a9dbf27fc21c34d57becda5051,522b3ad27c2d6317ffb3bb5647777e88d932f342,-0.010838358663022518
8731,b3739e7262b222a9dbf27fc21c34d57becda5051,3cbf5c2b9833207aa7c18cbbb6257e25057bd99c,0.0019785482436418533
8732,b3739e7262b222a9dbf27fc21c34d57becda5051,ccee800244908d2960830967e70ead7dd8266f7a,-0.05788885056972504
8733,b3739e7262b222a9dbf27fc21c34d57becda5051,1fb54581120c38528984a657b1da6c24679dbea6,-0.06642502546310425
8734,b3739e7262b222a9dbf27fc21c34d57becda5051,882fcf1527774505e02762272df3651a249bf830,-0.051043279469013214
8735,b3739e7262b222a9dbf27fc21c34d57becda5051,721d4ae075de7bf9ea2cac01fe02e2920ee5c789,-0.11957703530788422
8736,b3739e7262b222a9dbf27fc21c34d57becda5051,7003d7252358bf82c8767d6416ef70cb422a82d1,-0.08115139603614807
8737,b3739e7262b222a9dbf27fc21c34d57becda5051,f7ef63734af6843e99ee7ce6972a077baf37ecfa,-0.09327644109725952
8738,b3739e7262b222a9dbf27fc21c34d57becda5051,0c92fc4a70eda75480e8d96630d5e3f7aba830f4,-0.10918587446212769
8739,b3739e7262b222a9dbf27fc21c34d57becda5051,bafeaa6a0bf7de92b1472674ca99b02f18fa4e63,-0.1277339607477188
8740,7faf5d0915d604821d7ad2ade77f81a751309eee,ccab8d39a252c43803d1e3273a48db162811ae5c,0.6691572666168213
8741,7faf5d0915d604821d7ad2ade77f81a751309eee,43d09c0ebcde0c8d06ab1d6ea50701cb15f437f8,0.7160637974739075
8742,7faf5d0915d604821d7ad2ade77f81a751309eee,beb38cf2b03e3c22f5fe4e75999bbea52ed3ceee,0.5365029573440552
8743,7faf5d0915d604821d7ad2ade77f81a751309eee,3d7348c63309ddb68b4e69782bc6bf516bb1ced7,0.5035001039505005
8744,7faf5d0915d604821d7ad2ade77f81a751309eee,50b6bf5e79a50e5d68f06047d850644554164ddc,0.3212229609489441
8745,7faf5d0915d604821d7ad2ade77f81a751309eee,280bb91e1f8f84eec3979c5d592396d3a4a2963c,0.3145762085914612
8746,7faf5d0915d604821d7ad2ade77f81a751309eee,a3faa972480bb9734eb6bafc54c4cfc190b4595e,0.16248714923858643
8747,7faf5d0915d604821d7ad2ade77f81a751309eee,819d2e6855992a3efbf97750d9ad0b5379c9cc4e,0.116485096514225
8748,7faf5d0915d604821d7ad2ade77f81a751309eee,1fc0fadc26eb6adef3692fb5dfa60cc177542986,0.11788523197174072
8749,7faf5d0915d604821d7ad2ade77f81a751309eee,5a4b3297dbced87babc1b4f9f673191e007a3e03,0.11140404641628265
8750,7faf5d0915d604821d7ad2ade77f81a751309eee,c0898ad1ead40c3d863661424decd778db6ed437,0.12863710522651672
8751,7faf5d0915d604821d7ad2ade77f81a751309eee,a904ec1184cdbef0a2a362032b84885779574858,0.12998244166374207
8752,7faf5d0915d604821d7ad2ade77f81a751309eee,f3381a72a5ed288d54a93d92a85e96f7ba2ab36c,0.07161292433738708
8753,7faf5d0915d604821d7ad2ade77f81a751309eee,ac7d747a78ca2ad42627bd6360064d8c694a92e6,0.0324295237660408
8754,7faf5d0915d604821d7ad2ade77f81a751309eee,66392ca9b0fc8bb8c8d27312ddd90ca3b418516a,0.018224431201815605
8755,7faf5d0915d604821d7ad2ade77f81a751309eee,791aefc89307138bbda68f0f78c30dbe288cc20f,0.029820935800671577
8756,7faf5d0915d604821d7ad2ade77f81a751309eee,3c55c334d34b611a565683ea42a06d4e1f01db47,0.017348915338516235
8757,7faf5d0915d604821d7ad2ade77f81a751309eee,6b3bafa55e812213a0caecc06d9a8c625d75f656,0.016702493652701378
8758,7faf5d0915d604821d7ad2ade77f81a751309eee,59cce25151fe4d70383624dd535f533617dd8025,0.01618729718029499
8759,7faf5d0915d604821d7ad2ade77f81a751309eee,1f0465bdee312659d13dbb303ca93df6ac259c40,0.007724756840616465
8760,7faf5d0915d604821d7ad2ade77f81a751309eee,0a0e7baec6a4d2f3100c856c631bbc50e08fbad5,-0.011620758101344109
8761,7faf5d0915d604821d7ad2ade77f81a751309eee,e19497cc905346401fc969187ce5c0b8f4656c65,-0.009231559932231903
8762,7faf5d0915d604821d7ad2ade77f81a751309eee,5f55f327c7fb90cf1831aa54c789d420628191ee,-0.022501591593027115
8763,7faf5d0915d604821d7ad2ade77f81a751309eee,b224196347525fee20677711436b0e77bc51abc2,-0.017745329067111015
8764,7faf5d0915d604821d7ad2ade77f81a751309eee,0889019b395890f57bfae3ce7d8391649ae68de4,-0.02399742789566517
8765,7faf5d0915d604821d7ad2ade77f81a751309eee,40c555885ac9d1df63ff2c2b75c136fe03a35c16,-0.03448788821697235
8766,7faf5d0915d604821d7ad2ade77f81a751309eee,3f4b312d0bc1c954064eca04f2663d8ee72b5dcf,-0.04874148592352867
8767,7faf5d0915d604821d7ad2ade77f81a751309eee,0052c9768f873bebf4b1788cc94bb8b0b3526be7,-0.09438548982143402
8768,7faf5d0915d604821d7ad2ade77f81a751309eee,a5e4c83b816f2f004ae5dfd600145cea9ea15724,-0.07949668169021606
8769,7faf5d0915d604821d7ad2ade77f81a751309eee,a3c7af4ffc4f04dd2cbb32f108af6d7ba823f35a,-0.1683962047100067
8770,2ea78e128bec30fb1a623c55ad5d55bb99190bd2,64e216c128164f56bc91a33c18ab461647384869,0.5884971022605896
8771,2ea78e128bec30fb1a623c55ad5d55bb99190bd2,14ce7635ff18318e7094417d0f92acbec6669f1c,0.6004176139831543
8772,2ea78e128bec30fb1a623c55ad5d55bb99190bd2,1f76b7b071f3e65c97d09720f88d6b0ad9f07e8f,0.5665050745010376
8773,2ea78e128bec30fb1a623c55ad5d55bb99190bd2,1cc85b17137c4d6d75e4c418976e7dceb3d7559e,0.36337530612945557
8774,2ea78e128bec30fb1a623c55ad5d55bb99190bd2,3607afdb204de9a5a9300ae98aa4635d9effcda2,0.4312587380409241
8775,2ea78e128bec30fb1a623c55ad5d55bb99190bd2,722fcc35def20cfcca3ada76c8dd7a585d6de386,0.4139992296695709
8776,2ea78e128bec30fb1a623c55ad5d55bb99190bd2,f8acaabc99801a89baa5a9eff445fc5922498dd0,0.25404852628707886
8777,2ea78e128bec30fb1a623c55ad5d55bb99190bd2,324bcd46fcb737a3ebb1fb2ab8ea93a0fed624da,0.23340916633605957
8778,2ea78e128bec30fb1a623c55ad5d55bb99190bd2,e6c33945b3358ab422af28fd5965bffbb264a65e,0.23209860920906067
8779,2ea78e128bec30fb1a623c55ad5d55bb99190bd2,76ce8d30c6f72aa56ae02cd42a064e41b9ab9391,0.20983262360095978
8780,2ea78e128bec30fb1a623c55ad5d55bb99190bd2,17d87b9ac0bedad64489022ef415df05829843ad,0.16068843007087708
8781,2ea78e128bec30fb1a623c55ad5d55bb99190bd2,a54f56681fe7ee8cf7e4e40e0e02c8a9c3523a21,0.12169699370861053
8782,2ea78e128bec30fb1a623c55ad5d55bb99190bd2,e7415f6b1a23a2fec3ab82ed6eecd95ea158ad17,0.12472684681415558
8783,2ea78e128bec30fb1a623c55ad5d55bb99190bd2,6d5855cc45c011b81609affdb27f5c772e110567,0.07890339195728302
8784,2ea78e128bec30fb1a623c55ad5d55bb99190bd2,3d3528be8538c5ac20beee48bfe421ca792d4db9,0.07968933880329132
8785,2ea78e128bec30fb1a623c55ad5d55bb99190bd2,b935782a365384758e79fd18edbcab2738e475f7,0.07199005782604218
8786,2ea78e128bec30fb1a623c55ad5d55bb99190bd2,8ccfcd346eb7aa00b26768c034e9192c045d1ce4,0.06311759352684021
8787,2ea78e128bec30fb1a623c55ad5d55bb99190bd2,e76846815d39df6392b9c1a108051ba8a2e82570,0.09472508728504181
8788,2ea78e128bec30fb1a623c55ad5d55bb99190bd2,13890c2699dd12a4f4d722b9f35a666c98b8de45,0.07493232935667038
8789,2ea78e128bec30fb1a623c55ad5d55bb99190bd2,b91b90df9a2d36d0af662e30f192471163d14ea2,0.032459408044815063
8790,2ea78e128bec30fb1a623c55ad5d55bb99190bd2,280ef0052367fe2918b71ac975f0a9f3842e1fe3,0.043063268065452576
8791,2ea78e128bec30fb1a623c55ad5d55bb99190bd2,5e0f3d53769a89ef60393825bfd004dcb5dcdd4b,0.08707401901483536
8792,2ea78e128bec30fb1a623c55ad5d55bb99190bd2,6378da42497b4af8e8b3b2a3248fdee1155ec6d6,0.018216723576188087
8793,2ea78e128bec30fb1a623c55ad5d55bb99190bd2,1b559668ca277ee9dab043c4f6981eb7c02caee5,0.01836974173784256
8794,2ea78e128bec30fb1a623c55ad5d55bb99190bd2,b1ad322d268acf9ce53b8fee88a52e9044fad7b8,-0.006760910153388977
8795,2ea78e128bec30fb1a623c55ad5d55bb99190bd2,715250b1a76178cbc057de701524db7b2695234c,-0.025308432057499886
8796,2ea78e128bec30fb1a623c55ad5d55bb99190bd2,423a967be1c58e40466d34b2d9a9445ade19d03a,-0.015196563675999641
8797,2ea78e128bec30fb1a623c55ad5d55bb99190bd2,8e07dbefe17abe7eb9d8eec8c5403a1c9bc70721,-0.033316269516944885
8798,2ea78e128bec30fb1a623c55ad5d55bb99190bd2,1b21228620ddaf333ffd55eacef45c1f62e560fa,-0.03069019503891468
8799,2ea78e128bec30fb1a623c55ad5d55bb99190bd2,b854827dbbff314a0b4c556027578fbfbd32f7b7,-0.09530416876077652
8800,be62e87ec5f7a27363a723538c519ef9c51a743b,3b13533495ec04b7b263d9bdf82372959c9d87e6,0.899017333984375
8801,be62e87ec5f7a27363a723538c519ef9c51a743b,0c8cac66c4ce059493b7b9de0abee703e44d5563,0.855255663394928
8802,be62e87ec5f7a27363a723538c519ef9c51a743b,20f4a023782606b96d295f466e18485b0582cb5f,0.69696044921875
8803,be62e87ec5f7a27363a723538c519ef9c51a743b,5c1e5e87a7cb833b046222bf631f9063c9926680,0.6592200398445129
8804,be62e87ec5f7a27363a723538c519ef9c51a743b,63138eee4572ffee1d3395866da69c61be453a26,0.25271934270858765
8805,be62e87ec5f7a27363a723538c519ef9c51a743b,aa8b058674bc100899be204364e5a2505afba126,0.26465708017349243
8806,be62e87ec5f7a27363a723538c519ef9c51a743b,2d22229794c2bd70c5bd1b1e4f004eb5864627a9,0.4173716902732849
8807,be62e87ec5f7a27363a723538c519ef9c51a743b,89286c76c6f17fd50921584467fe44f793de3d8a,0.1638513058423996
8808,be62e87ec5f7a27363a723538c519ef9c51a743b,3f9f0d50e4addcc3b7f9ecf177f1f902308697a2,0.12029092758893967
8809,be62e87ec5f7a27363a723538c519ef9c51a743b,6023fc75489419de1d7c15a9b8cf01f27bf31efc,0.13883450627326965
8810,be62e87ec5f7a27363a723538c519ef9c51a743b,03f723759694daf290c723154fbe627cf90fb8f2,0.05788658186793327
8811,be62e87ec5f7a27363a723538c519ef9c51a743b,47b8c91964f4f4f0c8b63a718cb834ae7fbd200f,0.08803683519363403
8812,be62e87ec5f7a27363a723538c519ef9c51a743b,08ae3f221339feb8230ae15647df51e7a5b5a13a,0.06488241255283356
8813,be62e87ec5f7a27363a723538c519ef9c51a743b,4c5815796c29d44c940830118339e276f741d34a,0.041997309774160385
8814,be62e87ec5f7a27363a723538c519ef9c51a743b,ca5e8a9f1a3447b735af9fc71c489b0b62a50501,0.04541339725255966
8815,be62e87ec5f7a27363a723538c519ef9c51a743b,19f5d33e6814ddab2d17a97a77bb6525db784d35,0.02595166675746441
8816,be62e87ec5f7a27363a723538c519ef9c51a743b,af3b68155a6acc6e5520c0857a55cb7541f538fc,0.040821123868227005
8817,be62e87ec5f7a27363a723538c519ef9c51a743b,2d76d34ee18340eeced16f7735405b97d3980c5f,-0.017884299159049988
8818,be62e87ec5f7a27363a723538c519ef9c51a743b,560bc93783070c023a5406f6b64e9963db7a76a8,0.0009657815098762512
8819,be62e87ec5f7a27363a723538c519ef9c51a743b,6b30fce40a8a5baae028c50914093d32ba37a60c,-0.0005569718778133392
8820,be62e87ec5f7a27363a723538c519ef9c51a743b,0f90fc86d84ad8757d9d5f007255917c86723bd3,0.0035314299166202545
8821,be62e87ec5f7a27363a723538c519ef9c51a743b,485f15282478c0f72b359d3e1eb72aaaaea540d2,0.021930605173110962
8822,be62e87ec5f7a27363a723538c519ef9c51a743b,1a91432b291e06ff70dfb4e1295e93fd0d190472,-0.026357294991612434
8823,be62e87ec5f7a27363a723538c519ef9c51a743b,2858c69e5d9432c8b9529e3d97017d3909eb0b9c,0.02617630735039711
8824,be62e87ec5f7a27363a723538c519ef9c51a743b,150b61c6111ae16526ae19b6288b53d1373822ae,0.037582483142614365
8825,be62e87ec5f7a27363a723538c519ef9c51a743b,c91081bb16bfe2ed30a05761e01eccd84b05c537,-0.03296875208616257
8826,be62e87ec5f7a27363a723538c519ef9c51a743b,ec094cc1b52188a80d16d6466444a498ca6c9161,-0.01661720871925354
8827,be62e87ec5f7a27363a723538c519ef9c51a743b,59a50612fbdfa3d91eb15f344f726c5b96783803,-0.00449886079877615
8828,be62e87ec5f7a27363a723538c519ef9c51a743b,44032090cbe8fe945da0d605c5ffe85059692dc5,-0.08530161529779434
8829,be62e87ec5f7a27363a723538c519ef9c51a743b,0ef948b3139a41d3e291e20d67ed2bdbba290f65,-0.03384319320321083
8830,a6cc38100e4e5a679d920f2fe427d604557b6237,548e23658e3c0ab9f38b640dd79315a59988636c,0.3791605234146118
8831,a6cc38100e4e5a679d920f2fe427d604557b6237,db249d07cea3efb8ef4456b616698d5d1242b075,0.4131818413734436
8832,a6cc38100e4e5a679d920f2fe427d604557b6237,67a9f3a16b78d574d8ed24708f4991bad36cc26d,0.413247674703598
8833,a6cc38100e4e5a679d920f2fe427d604557b6237,b58ac39705ba8b6df6c87e7f662d4041eeb032b6,0.34244102239608765
8834,a6cc38100e4e5a679d920f2fe427d604557b6237,59923c9dee2a97e0403460ac9a49021930e9a5d2,0.13704851269721985
8835,a6cc38100e4e5a679d920f2fe427d604557b6237,6c5440d919f0e493eb2835c0deab9db48324c265,0.17180342972278595
8836,a6cc38100e4e5a679d920f2fe427d604557b6237,cd9be53c9b0a866e071acbd66171d8900d8d7bb2,0.14498145878314972
8837,a6cc38100e4e5a679d920f2fe427d604557b6237,24e70cdd2838c0c1612a85d26edc7398458fc57a,0.14514653384685516
8838,a6cc38100e4e5a679d920f2fe427d604557b6237,d91777099ffce5aa58efa427078e3fb5c1551cac,0.14419224858283997
8839,a6cc38100e4e5a679d920f2fe427d604557b6237,7197ccb285c37c175fc95de58656fd2bf912adbc,0.08854970335960388
8840,a6cc38100e4e5a679d920f2fe427d604557b6237,d4e32ea6ded673640b4d0fbd7c4d054394a5b697,0.08677338063716888
8841,a6cc38100e4e5a679d920f2fe427d604557b6237,69d603d7ecb4c66d6636d9698ec04598aecbc1e2,0.0830172747373581
8842,a6cc38100e4e5a679d920f2fe427d604557b6237,a571746b0ee622caa7d69b46202d251de93f35e9,0.03736194223165512
8843,a6cc38100e4e5a679d920f2fe427d604557b6237,d6ce70f1b23ec7ba0f15a94334c13ac5ff27f945,0.07782824337482452
8844,a6cc38100e4e5a679d920f2fe427d604557b6237,36542e488f9009b1e6d61c729bd2c8f0a794f75a,0.053170837461948395
8845,a6cc38100e4e5a679d920f2fe427d604557b6237,bdd610ef86a1d92b222f0aea39ec4c28e7355456,0.031113766133785248
8846,a6cc38100e4e5a679d920f2fe427d604557b6237,a77adae70271dd69c73868c3523d7373df53a467,0.029307302087545395
8847,a6cc38100e4e5a679d920f2fe427d604557b6237,4c877c086e5cb57e1f5c16fc662e637419c5a7df,-0.015155544504523277
8848,a6cc38100e4e5a679d920f2fe427d604557b6237,538bd7add21a89cec5484ddb0208be2ae972e93b,0.02646510675549507
8849,a6cc38100e4e5a679d920f2fe427d604557b6237,bfb5f142d0eb129fa66616685a84ce055ad8f071,-0.012073514051735401
8850,a6cc38100e4e5a679d920f2fe427d604557b6237,0c79f2dcdd440bc43f8a920e658a369f16b8e56b,-0.008223971351981163
8851,a6cc38100e4e5a679d920f2fe427d604557b6237,c5ea23a32d7ab1f4650f49eddb3727f57f50b584,0.011517291888594627
8852,a6cc38100e4e5a679d920f2fe427d604557b6237,ff053d2dc355d56de9b9958ecee3853ba7a4acbc,0.010457456111907959
8853,a6cc38100e4e5a679d920f2fe427d604557b6237,20b09b04a135b0b9def2571ba84d6c563d4dd305,-0.005720611661672592
8854,a6cc38100e4e5a679d920f2fe427d604557b6237,288b65df0153c42131b406f2afa532531d607d00,-0.009543143212795258
8855,a6cc38100e4e5a679d920f2fe427d604557b6237,c7ee9c3391955301695b427e613d28aa6b44c5e1,-0.0009798593819141388
8856,a6cc38100e4e5a679d920f2fe427d604557b6237,698efa2bfd0afa2cd5d70de80c355fd720f9ce07,0.003963638097047806
8857,a6cc38100e4e5a679d920f2fe427d604557b6237,fb69ca4ce65a5c796f6247559205322e9796f2fc,-0.017495229840278625
8858,a6cc38100e4e5a679d920f2fe427d604557b6237,45c26fb5050664ea07d53932f8c0fefa7ed3c061,-0.10028441250324249
8859,a6cc38100e4e5a679d920f2fe427d604557b6237,fa543fa269762e795082f51625b91d7860793d90,-0.1091233342885971
8860,0553dbcc91c98d5e068f6532f0b071a7d219d67e,f174f8bfedfcd64ab740d1ff6160c05f2588cada,0.7038419842720032
8861,0553dbcc91c98d5e068f6532f0b071a7d219d67e,a5c51fdbb4dfd15a90c56521790eaec1f2a3b6dc,0.6540209650993347
8862,0553dbcc91c98d5e068f6532f0b071a7d219d67e,348e64727356683dd6582b746e81d66d1b6f8e42,0.652542233467102
8863,0553dbcc91c98d5e068f6532f0b071a7d219d67e,0a4bdc7ee4d07c7202a60641612dac1d9cfe0df2,0.28011608123779297
8864,0553dbcc91c98d5e068f6532f0b071a7d219d67e,4266a9fcef31d35de5ba6bb5162da6faf21771bc,0.26290786266326904
8865,0553dbcc91c98d5e068f6532f0b071a7d219d67e,6ac7f1674286da8473f5c4e2e85b64a68427eaab,0.1953291893005371
8866,0553dbcc91c98d5e068f6532f0b071a7d219d67e,bfc8903e020581c9f60794874102e7699b866b24,0.13212674856185913
8867,0553dbcc91c98d5e068f6532f0b071a7d219d67e,11f5d500fc168cbd03775c1362ebbb75ab206873,0.131259024143219
8868,0553dbcc91c98d5e068f6532f0b071a7d219d67e,3103564188b516277a5f34baa36a64039d6d86d4,0.1379288136959076
8869,0553dbcc91c98d5e068f6532f0b071a7d219d67e,660d7b302c6f2119b693e342ba76d5ed794423a1,0.10834220051765442
8870,0553dbcc91c98d5e068f6532f0b071a7d219d67e,7ca3809484eb57c509acc18b016e9b010759dfa1,0.08473189175128937
8871,0553dbcc91c98d5e068f6532f0b071a7d219d67e,c1742ca74f40c44dae2af6a992e569edc969c62c,0.07609518617391586
8872,0553dbcc91c98d5e068f6532f0b071a7d219d67e,4d2bd65a4b24679d4c440afc6fe88f13229e644d,0.05127613991498947
8873,0553dbcc91c98d5e068f6532f0b071a7d219d67e,8ff4632cf7e2ace0e067c57a63dfaa90c615a364,0.08408734202384949
8874,0553dbcc91c98d5e068f6532f0b071a7d219d67e,0f6863ca14fc33a87f03ac46051b39fe2541cdf1,0.10203894972801208
8875,0553dbcc91c98d5e068f6532f0b071a7d219d67e,0f8f6c2e8c41b835407ba4b07d48944252a41400,0.06417021155357361
8876,0553dbcc91c98d5e068f6532f0b071a7d219d67e,e600bfc1dc534abbbc82e9e8a0a13f87ca11c0c3,0.05930168181657791
8877,0553dbcc91c98d5e068f6532f0b071a7d219d67e,4605d6feb7ae32f746e0589f17895b98ef65e0ba,0.07127464562654495
8878,0553dbcc91c98d5e068f6532f0b071a7d219d67e,3ffbd7d45bd037e3c0d88038c3dd8178eba0df14,0.020409956574440002
8879,0553dbcc91c98d5e068f6532f0b071a7d219d67e,f825b2dfac69d2e161b128189bf06318b0bda00c,0.03195490688085556
8880,0553dbcc91c98d5e068f6532f0b071a7d219d67e,ea30a34c06edf902c67acb9e9cdf3925d0eb1570,0.01901986449956894
8881,0553dbcc91c98d5e068f6532f0b071a7d219d67e,8b76d0465143389a735d76422ddfaadd4ce0e625,0.006834890693426132
8882,0553dbcc91c98d5e068f6532f0b071a7d219d67e,fa7eff762690f6f9414957d1805faf65bf814d6c,0.004686541855335236
8883,0553dbcc91c98d5e068f6532f0b071a7d219d67e,2afe3d3806efcb65da0c97f90c1be816d3ad5224,-0.007434196770191193
8884,0553dbcc91c98d5e068f6532f0b071a7d219d67e,e760859dd79d832c0049c88c8b784d5fb732e4be,-0.024667121469974518
8885,0553dbcc91c98d5e068f6532f0b071a7d219d67e,940fefaaecad64102e2417ac03b2bac348b8d08a,-0.05988805741071701
8886,0553dbcc91c98d5e068f6532f0b071a7d219d67e,901219cbe5cd9f024c64939596aab9fc9154afdb,-0.08801689743995667
8887,0553dbcc91c98d5e068f6532f0b071a7d219d67e,65f797e97cca7463d3889e2f2f9de4c0f8121742,-0.10938233882188797
8888,0553dbcc91c98d5e068f6532f0b071a7d219d67e,39655a2a25dae954bdbb6b679a86d6dfa39d47ad,-0.07045478373765945
8889,0553dbcc91c98d5e068f6532f0b071a7d219d67e,8149e52a8c549aa9e1f4a93fe315263849bc92c1,-0.08323229849338531
8890,9a48dd7c54b251b4eab96488124e6964ed16c1c7,51a01688f35a5570de3fb5e7926f828ca2c672fe,0.3877069354057312
8891,9a48dd7c54b251b4eab96488124e6964ed16c1c7,199006c69026ed2dde8a25e676b67bdcb76f171b,0.33921170234680176
8892,9a48dd7c54b251b4eab96488124e6964ed16c1c7,3100d6b90ca7385e09c6b59478fc817f314492a4,0.33701956272125244
8893,9a48dd7c54b251b4eab96488124e6964ed16c1c7,40414d71c9706806960f6551a1ff53cc87488899,0.3813309669494629
8894,9a48dd7c54b251b4eab96488124e6964ed16c1c7,34ab424fba4b49d0b7b058045b3b5b2b8a4950fd,0.2830960750579834
8895,9a48dd7c54b251b4eab96488124e6964ed16c1c7,256f1312201a95c24280b8549a75fda32536ad55,0.30418074131011963
8896,9a48dd7c54b251b4eab96488124e6964ed16c1c7,0f238588114dea88a3eeefe9186427436fe377e9,0.2539149224758148
8897,9a48dd7c54b251b4eab96488124e6964ed16c1c7,09e941ab733b2c6c26261cb85f00f145d9063b0b,0.2258797138929367
8898,9a48dd7c54b251b4eab96488124e6964ed16c1c7,16c43db3f50e714d4a6d773cd8b709a34b338167,0.20451322197914124
8899,9a48dd7c54b251b4eab96488124e6964ed16c1c7,78515ff75593b82180598a834b54af2bdf41c9a3,0.19111581146717072
8900,9a48dd7c54b251b4eab96488124e6964ed16c1c7,852094207ef6083d807a5215028e46e50685acbb,0.19653990864753723
8901,9a48dd7c54b251b4eab96488124e6964ed16c1c7,2576fb2e04d93b63089cb293ee4f8038376df248,0.12332648038864136
8902,9a48dd7c54b251b4eab96488124e6964ed16c1c7,edb02471b67e50b228e169997b8670fdff54e99e,0.15698790550231934
8903,9a48dd7c54b251b4eab96488124e6964ed16c1c7,d6fa2444818889afc4ab22d2e868b3c52de8ec38,0.0629865750670433
8904,9a48dd7c54b251b4eab96488124e6964ed16c1c7,d45359ef03aea64f06c4b3df16d29e157137fb20,0.08993053436279297
8905,9a48dd7c54b251b4eab96488124e6964ed16c1c7,52928cc42540e031a02ca0788a785a8824d0f591,0.059358470141887665
8906,9a48dd7c54b251b4eab96488124e6964ed16c1c7,399df5d25bb7208ab83efb6e7a3f22afb9ea8290,0.01772220991551876
8907,9a48dd7c54b251b4eab96488124e6964ed16c1c7,acacd5e9a15c32d1688ead1c771418bd27799ea7,0.012895775958895683
8908,9a48dd7c54b251b4eab96488124e6964ed16c1c7,7c5497bead5a13e1499678aed1e574411747882e,0.012690193019807339
8909,9a48dd7c54b251b4eab96488124e6964ed16c1c7,d36b1e032270148c68be3817bbd5e58b54148017,-0.023126840591430664
8910,9a48dd7c54b251b4eab96488124e6964ed16c1c7,10999a5c8711a39acefc0484afe73f478f5377a4,0.006876946426928043
8911,9a48dd7c54b251b4eab96488124e6964ed16c1c7,893abc7489cf80aa9ce7f39c2f20d680584ee20f,0.005606363527476788
8912,9a48dd7c54b251b4eab96488124e6964ed16c1c7,5c9b92f2d065211c3d08bab2083571543fb12469,-0.022049447521567345
8913,9a48dd7c54b251b4eab96488124e6964ed16c1c7,19f6217d4f8de723c497ad55f025d818ce64c1db,-0.062363892793655396
8914,9a48dd7c54b251b4eab96488124e6964ed16c1c7,3672a6c497d6bd51948e110f92e961d849457aed,-0.047314561903476715
8915,9a48dd7c54b251b4eab96488124e6964ed16c1c7,d7e8a79ca355c512084431607f5371c9f966f160,-0.07352612912654877
8916,9a48dd7c54b251b4eab96488124e6964ed16c1c7,42a0fbc1aa854de4bb9f0c376ad8bfcf29445e58,-0.11861567199230194
8917,9a48dd7c54b251b4eab96488124e6964ed16c1c7,6df2322faf3a46d74abb61ca5b46d486eba4686a,-0.08126376569271088
8918,9a48dd7c54b251b4eab96488124e6964ed16c1c7,4f127806a889f02fbef6a87ae78d58b9c9f3ca63,-0.0951453149318695
8919,d145274d03a6374c77de64fb70602ddef393e4d9,6ed0f69caccf0966998484e742ee29a87e108353,0.6972824335098267
8920,d145274d03a6374c77de64fb70602ddef393e4d9,0289786e0d5edf663c586c8552ec3708eff62331,0.5522353649139404
8921,d145274d03a6374c77de64fb70602ddef393e4d9,33642a356552ca3c967119e98af14a6ec8d4e330,0.4171837568283081
8922,d145274d03a6374c77de64fb70602ddef393e4d9,0fb45e704ef3ca1f9c70e7be3fb93b53714ed8b5,0.33938008546829224
8923,d145274d03a6374c77de64fb70602ddef393e4d9,03aca587f27fda3cbdad708aa69c07fc71b691d7,0.39196157455444336
8924,d145274d03a6374c77de64fb70602ddef393e4d9,061356704ec86334dbbc073985375fe13cd39088,0.35792070627212524
8925,d145274d03a6374c77de64fb70602ddef393e4d9,17d2f027221d60cda373ecf15b03706c9e60269b,0.26805657148361206
8926,d145274d03a6374c77de64fb70602ddef393e4d9,6442bba9457682becf1ed9dbe6566ef64355d5e8,0.15774103999137878
8927,d145274d03a6374c77de64fb70602ddef393e4d9,1925d9c7f30e3f4fc7b53828e32e3583197d92f4,0.13515841960906982
8928,d145274d03a6374c77de64fb70602ddef393e4d9,893307f339e31e645fcacdd7a599bfdbd49451b2,0.15836286544799805
8929,d145274d03a6374c77de64fb70602ddef393e4d9,34e703d61e29213f82e3a3e6776c17933219d63f,0.12012018263339996
8930,d145274d03a6374c77de64fb70602ddef393e4d9,65313fc2b7d95141bcac589bab26b72e60ba2b97,0.040533289313316345
8931,d145274d03a6374c77de64fb70602ddef393e4d9,7e9a03e35b6b20c6ff0a221e3db281b69bb00e6c,0.15764972567558289
8932,d145274d03a6374c77de64fb70602ddef393e4d9,310b72fbc3d384ca88ca994b33476b8a2be2e27f,0.08051283657550812
8933,d145274d03a6374c77de64fb70602ddef393e4d9,b073446c7de3e5c355ee84fcda52ae7f844f7958,0.0004129670560359955
8934,d145274d03a6374c77de64fb70602ddef393e4d9,f95c729b97769b2c7f579cd0a65afa176992ec72,0.054667212069034576
8935,d145274d03a6374c77de64fb70602ddef393e4d9,a522fb4646ad19fe88893b90e6fbc1faa1470976,0.029229599982500076
8936,d145274d03a6374c77de64fb70602ddef393e4d9,6e6cdf5b0282d89de45c407fc76a4c218696e3e3,0.014470862224698067
8937,d145274d03a6374c77de64fb70602ddef393e4d9,7a12bc84a56baf256253f9bf4c335b88a7148769,0.021159319207072258
8938,d145274d03a6374c77de64fb70602ddef393e4d9,78511f4cfe53d3436fce32c8ef87c241ff298165,-0.010209618136286736
8939,d145274d03a6374c77de64fb70602ddef393e4d9,e7ad8adbb447300ecafb4d00fb84efc3cf4996cf,-0.004869692027568817
8940,d145274d03a6374c77de64fb70602ddef393e4d9,9b4eeff022962192e2305bab461e70d22aa2d354,0.005603086203336716
8941,d145274d03a6374c77de64fb70602ddef393e4d9,905612b48488b8b1972694119a74451eb20822b7,-0.0008634636178612709
8942,d145274d03a6374c77de64fb70602ddef393e4d9,73a8c63210c3121fe6c5d43d89397ca46789b61e,0.0007874518632888794
8943,d145274d03a6374c77de64fb70602ddef393e4d9,38492609de2db25abbad067a3519acfcb827543c,-0.028339965268969536
8944,d145274d03a6374c77de64fb70602ddef393e4d9,6446405d851f7e940314d2d07aa8ff67b86d1da6,-0.07235618680715561
8945,d145274d03a6374c77de64fb70602ddef393e4d9,6377fee5214d9ace4ce629c9bfe463bdebbd889f,-0.014514350332319736
8946,d145274d03a6374c77de64fb70602ddef393e4d9,48a9997cd9a838aaed5bfb94b8237d1e7c6c7546,-0.11240927129983902
8947,d145274d03a6374c77de64fb70602ddef393e4d9,005d92543a3ebf303d2b8e16c7c6a32d52c6618f,-0.11541817337274551
8948,d145274d03a6374c77de64fb70602ddef393e4d9,4d6e01f9251d9cd783d5efcea4e460ea1f0dbcad,-0.16862431168556213
8949,43d547304f9cb0ff192e97c411f4ded9ddc01b5c,14a6c0a97c82c8d502ce53a60698ce630bafb294,0.5437198281288147
8950,43d547304f9cb0ff192e97c411f4ded9ddc01b5c,0687573a482d84385ddd55e708e240f3e303fab9,0.5251150131225586
8951,43d547304f9cb0ff192e97c411f4ded9ddc01b5c,6182e4b5151aa27ceb75c94543e3f584c991e00f,0.5439831018447876
8952,43d547304f9cb0ff192e97c411f4ded9ddc01b5c,1089eb54895338621217ed29e69b5104d56cad67,0.5080285668373108
8953,43d547304f9cb0ff192e97c411f4ded9ddc01b5c,5a24157483a4307ade1bf3537b8494fa9700d0b3,0.39746665954589844
8954,43d547304f9cb0ff192e97c411f4ded9ddc01b5c,2116b2eaaece4af9c28c32af2728f3d49b792cf9,0.3972921371459961
8955,43d547304f9cb0ff192e97c411f4ded9ddc01b5c,31c964b8f0f0fc9796656693707484193e0e35be,0.22819256782531738
8956,43d547304f9cb0ff192e97c411f4ded9ddc01b5c,54a4c8051e655e3035f98bb9dd8876a6511517ff,0.1946330964565277
8957,43d547304f9cb0ff192e97c411f4ded9ddc01b5c,bb2edb3e16cd263bdb4e3038f383f3bb8c4c238b,0.20664408802986145
8958,43d547304f9cb0ff192e97c411f4ded9ddc01b5c,4c9ced03deedff9bc97705882b99ca6f76b9c1d4,0.18336404860019684
8959,43d547304f9cb0ff192e97c411f4ded9ddc01b5c,7dbf06c01c8f2064547a4c29c3450d36a3b975eb,0.18833523988723755
8960,43d547304f9cb0ff192e97c411f4ded9ddc01b5c,0adfe845a05ba4887f9bf21949f6f276246b789f,0.1698419749736786
8961,43d547304f9cb0ff192e97c411f4ded9ddc01b5c,c25a92479398cff2569ec5eab081be5fdfecca23,0.1814078986644745
8962,43d547304f9cb0ff192e97c411f4ded9ddc01b5c,88ccb5b72cf96c9e34940c15e070c7d69a77a98c,0.1382293999195099
8963,43d547304f9cb0ff192e97c411f4ded9ddc01b5c,be6e61d1593dd5111d0482cd9a340d1ce686b2c3,0.03138520568609238
8964,43d547304f9cb0ff192e97c411f4ded9ddc01b5c,8f60633d0dbfea86722296444e1d7b2946c3b42c,0.17201045155525208
8965,43d547304f9cb0ff192e97c411f4ded9ddc01b5c,26b6341330085c8588b0d6e3eaf34ab5a0f7ca53,0.09160096943378448
8966,43d547304f9cb0ff192e97c411f4ded9ddc01b5c,80a01a77fbbf3216af9594924416352c7b099095,0.12536752223968506
8967,43d547304f9cb0ff192e97c411f4ded9ddc01b5c,4d4be6294e5b30cdf985fcc044f44ec9da495af3,0.07465437799692154
8968,43d547304f9cb0ff192e97c411f4ded9ddc01b5c,0c6c7583687c245aedbe894edf63541fdda122ea,0.07886794209480286
8969,43d547304f9cb0ff192e97c411f4ded9ddc01b5c,ebbef7e8b7a1ea133999561ab279e51b961d31ec,0.02682723104953766
8970,43d547304f9cb0ff192e97c411f4ded9ddc01b5c,7fd3bf8fe9c17b7dfed46412efe8549f76b6c1cc,0.05142543837428093
8971,43d547304f9cb0ff192e97c411f4ded9ddc01b5c,1d895f34b640670fd92192caff8b3b53c8fb09b5,-0.002821672707796097
8972,43d547304f9cb0ff192e97c411f4ded9ddc01b5c,2988659facc190ac819af177cf86094f1b467805,-0.0170486718416214
8973,43d547304f9cb0ff192e97c411f4ded9ddc01b5c,5eb0b19fa9434588222a41b8967f9830c305f38a,-0.003109082579612732
8974,43d547304f9cb0ff192e97c411f4ded9ddc01b5c,e092be3120ce51aaa35af673fabd07b6513e702e,-0.023191126063466072
8975,43d547304f9cb0ff192e97c411f4ded9ddc01b5c,5b79ad3e04e772fe72768b2ec6070d9a0ef9edc6,-0.051372453570365906
8976,43d547304f9cb0ff192e97c411f4ded9ddc01b5c,8ddc81b4ce53de15ec3658234cb524fc664bd76d,-0.049227505922317505
8977,43d547304f9cb0ff192e97c411f4ded9ddc01b5c,c3c2cfd3c03bd3b621ebe00be36a60c96b3d8fad,-0.05851130187511444
8978,43d547304f9cb0ff192e97c411f4ded9ddc01b5c,e5f1c9e6d8f5506b4d0488bdd1482f3c7d2f48ad,-0.08940297365188599
